 written on 17Dec2025 at 14:49:18 
           4
         617
    4    3    2    2    2    1    2    2    1    1    2    3    2    2    2
    3    6    2    2    2    1    2    2    1    1    2    2    1    1    1
    2    2    1    1    1    1    2    2    1    1    1    1    1    2    2
    1    1    1    1    1    1    2    6    2    2    2    2    2    2    2
    6    2    2    3    1    1    1    3    2    1    1    1    1    2    2
    1    1    1    1    1    2    2    1    1    1    1    1    1    2    3
    1    1    1    1    1    1    1    3    1    1    1    1    1    1    1
    1    2    1    1    1    1    1    1    1    2    2    1    1    1    1
    1    1    2    3    2    2    2    3    2    1    2    2    1    1    1
    1    2    4    1    1    1    1    1    1    1    4    1    1    1    1
    1    1    1    1    2    1    1    1    1    1    1    1    2    1    1
    1    1    1    1    1    1    2    1    1    1    1    1    1    1    2
    1    1    1    1    1    1    1    1    2    1    1    1    1    1    2
    2    1    1    2    4    3    2    1    1    2    2    1    1    1    1
    1    2    1    1    1    1    1    1    1    1    2    1    1    1    1
    1    1    1    2    1    1    1    1    1    1    1    1    2    1    1
    1    1    1    1    1    2    1    1    1    1    1    1    1    1    3
    1    1    1    1    1    1    1    3    2    1    1    1    1    2    2
    1    2    2    2    2    1    1    1    2    2    1    1    1    1    1
    1    2    2    1    1    1    1    1    1    1    2    1    1    1    1
    1    1    1    1    2    1    1    1    1    1    1    1    2    1    1
    1    1    1    1    1    1    2    1    1    1    1    1    1    1    2
    2    1    1    1    1    1    1    2    2    1    1    1    2    2    2
    2    1    2    2    1    1    1    1    2    3    1    1    1    1    1
    1    1    3    1    1    1    1    1    1    1    1    2    1    1    1
    1    1    1    1    2    1    1    1    1    1    1    1    1    2    1
    1    1    1    1    1    1    2    1    1    1    1    1    1    1    1
    2    1    1    1    1    1    2    2    1    1    2    3    4    2    1
    1    2    2    1    1    1    1    1    2    1    1    1    1    1    1
    1    1    2    1    1    1    1    1    1    1    2    1    1    1    1
    1    1    1    1    2    1    1    1    1    1    1    1    2    1    1
    1    1    1    1    1    1    4    1    1    1    1    1    1    1    4
    2    1    1    1    1    2    2    1    2    3    2    2    2    3    2
    1    1    1    1    1    1    2    2    1    1    1    1    1    1    1
    2    1    1    1    1    1    1    1    1    3    1    1    1    1    1
    1    1    3    2    1    1    1    1    1    1    2    2    1    1    1
    1    1    2    2    1    1    1    1    2    3    1    1    1    3    2
    2    6    2    2    2    2    2    2    2    6    2    1    1    1    1
    1    1    2    2    1    1    1    1    1    2    2    1    1    1    1
    2    2    1    1    1    2    2    1    1    2    2    1    2    2    2
    6    3    2    2    2    3    2    1    1    2    2    1    2    2    2
    3    4
   -6    2    2    1    1   -0.002450    0.000001
   -6    2    2    2    1    0.000826    0.000029
   -6    2    2    3    1    0.000825    0.000032
   -6    2    2    4    1    0.000838   -0.000064
   -6    2    2    1    2    0.000814   -0.000022
   -6    2    2    2    2   -0.002473   -0.000019
   -6    2    2    3    2    0.000829    0.000001
   -6    2    2    4    2    0.000874    0.000031
   -6    2    2    1    3    0.000841   -0.000034
   -6    2    2    2    3    0.000822    0.000013
   -6    2    2    3    3   -0.002508    0.000008
   -6    2    2    4    3    0.000895    0.000027
   -6    2    2    1    4    0.000835    0.000056
   -6    2    2    2    4    0.000871   -0.000024
   -6    2    2    3    4    0.000904   -0.000037
   -6    2    2    4    4   -0.002547    0.000004
   -5   -1    3    1    1   -0.000256    0.000000
   -5   -1    3    2    1    0.000202   -0.000031
   -5   -1    3    3    1    0.000235    0.000010
   -5   -1    3    4    1    0.000207    0.000022
   -5   -1    3    1    2    0.000066   -0.000033
   -5   -1    3    2    2    0.000935   -0.000031
   -5   -1    3    3    2   -0.000608    0.000023
   -5   -1    3    4    2   -0.000525    0.000038
   -5   -1    3    1    3    0.000034    0.000020
   -5   -1    3    2    3   -0.000513    0.000023
   -5   -1    3    3    3    0.000934    0.000022
   -5   -1    3    4    3   -0.000584   -0.000059
   -5   -1    3    1    4    0.000033    0.000013
   -5   -1    3    2    4   -0.000568    0.000038
   -5   -1    3    3    4   -0.000511   -0.000056
   -5   -1    3    4    4    0.000935    0.000000
   -5    0    2    1    1   -0.000815   -0.000002
   -5    0    2    2    1    0.000359   -0.000030
   -5    0    2    3    1    0.000171    0.000036
   -5    0    2    4    1    0.000359   -0.000003
   -5    0    2    1    2    0.000214   -0.000026
   -5    0    2    2    2    0.000271   -0.000037
   -5    0    2    3    2   -0.000407    0.000002
   -5    0    2    4    2   -0.000168    0.000059
   -5    0    2    1    3    0.000357    0.000001
   -5    0    2    2    3   -0.000391    0.000054
   -5    0    2    3    3    0.000377    0.000012
   -5    0    2    4    3   -0.000402   -0.000066
   -5    0    2    1    4    0.000169    0.000030
   -5    0    2    2    4   -0.000194    0.000011
   -5    0    2    3    4   -0.000263   -0.000042
   -5    0    2    4    4    0.000225    0.000000
   -5    0    3    1    1   -0.000816    0.000003
   -5    0    3    2    1    0.000147   -0.000014
   -5    0    3    3    1    0.000378    0.000002
   -5    0    3    4    1    0.000367    0.000011
   -5    0    3    1    2    0.000380   -0.000043
   -5    0    3    2    2    0.000394   -0.000027
   -5    0    3    3    2   -0.000462    0.000042
   -5    0    3    4    2   -0.000368    0.000030
   -5    0    3    1    3    0.000175    0.000013
   -5    0    3    2    3   -0.000311    0.000004
   -5    0    3    3    3    0.000272    0.000026
   -5    0    3    4    3   -0.000221   -0.000029
   -5    0    3    1    4    0.000192    0.000027
   -5    0    3    2    4   -0.000348    0.000032
   -5    0    3    3    4   -0.000160   -0.000077
   -5    0    3    4    4    0.000243   -0.000000
   -5    1    1    1    1    0.000382   -0.000015
   -5    1    1    2    1   -0.000508   -0.000015
   -5    1    1    3    1    0.000241    0.000047
   -5    1    1    4    1   -0.000489   -0.000019
   -5    1    1    1    2   -0.000443   -0.000020
   -5    1    1    2    2    0.001701   -0.000052
   -5    1    1    3    2   -0.000514   -0.000002
   -5    1    1    4    2   -0.000630    0.000072
   -5    1    1    1    3    0.000253   -0.000006
   -5    1    1    2    3   -0.000494    0.000062
   -5    1    1    3    3    0.000339   -0.000019
   -5    1    1    4    3   -0.000456   -0.000033
   -5    1    1    1    4   -0.000514    0.000048
   -5    1    1    2    4   -0.000608    0.000003
   -5    1    1    3    4   -0.000368   -0.000014
   -5    1    1    4    4    0.001633   -0.000030
   -5    1    2    1    1   -0.001278   -0.000003
   -5    1    2    2    1    0.000327   -0.000003
   -5    1    2    3    1    0.000341    0.000025
   -5    1    2    4    1    0.000735   -0.000019
   -5    1    2    1    2    0.000430   -0.000038
   -5    1    2    2    2    0.000324   -0.000034
   -5    1    2    3    2   -0.000515    0.000024
   -5    1    2    4    2   -0.000148    0.000048
   -5    1    2    1    3    0.000412   -0.000009
   -5    1    2    2    3   -0.000450    0.000032
   -5    1    2    3    3    0.000311    0.000014
   -5    1    2    4    3   -0.000179   -0.000030
   -5    1    2    1    4    0.000530    0.000050
   -5    1    2    2    4   -0.000300    0.000003
   -5    1    2    3    4   -0.000247   -0.000057
   -5    1    2    4    4   -0.000371   -0.000003
   -5    1    3    1    1    0.000384    0.000014
   -5    1    3    2    1    0.000244    0.000007
   -5    1    3    3    1   -0.000494   -0.000009
   -5    1    3    4    1   -0.000503   -0.000014
   -5    1    3    1    2    0.000249   -0.000034
   -5    1    3    2    2    0.000365    0.000002
   -5    1    3    3    2   -0.000526    0.000032
   -5    1    3    4    2   -0.000446   -0.000000
   -5    1    3    1    3   -0.000500   -0.000013
   -5    1    3    2    3   -0.000457   -0.000015
   -5    1    3    3    3    0.001719    0.000036
   -5    1    3    4    3   -0.000630    0.000011
   -5    1    3    1    4   -0.000445    0.000028
   -5    1    3    2    4   -0.000463   -0.000002
   -5    1    3    3    4   -0.000632   -0.000073
   -5    1    3    4    4    0.001659    0.000025
   -5    2    0    1    1    0.000393   -0.000028
   -5    2    0    2    1   -0.000434   -0.000002
   -5    2    0    3    1    0.000353    0.000036
   -5    2    0    4    1   -0.000381   -0.000005
   -5    2    0    1    2   -0.000301   -0.000011
   -5    2    0    2    2    0.000258   -0.000065
   -5    2    0    3    2    0.000173    0.000009
   -5    2    0    4    2   -0.000217    0.000066
   -5    2    0    1    3    0.000185   -0.000003
   -5    2    0    2    3    0.000367    0.000041
   -5    2    0    3    3   -0.000866   -0.000044
   -5    2    0    4    3    0.000405    0.000008
   -5    2    0    1    4   -0.000402    0.000052
   -5    2    0    2    4   -0.000156    0.000024
   -5    2    0    3    4    0.000285    0.000012
   -5    2    0    4    4    0.000200   -0.000074
   -5    2    1    1    1    0.000313   -0.000018
   -5    2    1    2    1   -0.000483    0.000022
   -5    2    1    3    1    0.000410    0.000034
   -5    2    1    4    1   -0.000160   -0.000042
   -5    2    1    1    2   -0.000450   -0.000032
   -5    2    1    2    2    0.000314   -0.000050
   -5    2    1    3    2    0.000391    0.000018
   -5    2    1    4    2   -0.000164    0.000062
   -5    2    1    1    3    0.000354   -0.000021
   -5    2    1    2    3    0.000346    0.000034
   -5    2    1    3    3   -0.001321   -0.000010
   -5    2    1    4    3    0.000763    0.000002
   -5    2    1    1    4   -0.000324    0.000076
   -5    2    1    2    4   -0.000281   -0.000006
   -5    2    1    3    4    0.000629   -0.000032
   -5    2    1    4    4   -0.000414   -0.000031
   -5    2    2    1    1    0.000317    0.000008
   -5    2    2    2    1    0.000416    0.000024
   -5    2    2    3    1   -0.000465    0.000012
   -5    2    2    4    1   -0.000187   -0.000050
   -5    2    2    1    2    0.000335   -0.000026
   -5    2    2    2    2   -0.001299   -0.000010
   -5    2    2    3    2    0.000315    0.000020
   -5    2    2    4    2    0.000785    0.000016
   -5    2    2    1    3   -0.000480   -0.000042
   -5    2    2    2    3    0.000426    0.000007
   -5    2    2    3    3    0.000314    0.000029
   -5    2    2    4    3   -0.000157    0.000010
   -5    2    2    1    4   -0.000275    0.000059
   -5    2    2    2    4    0.000558   -0.000026
   -5    2    2    3    4   -0.000277   -0.000057
   -5    2    2    4    4   -0.000403    0.000024
   -5    2    3    1    1    0.000402    0.000028
   -5    2    3    2    1    0.000383    0.000020
   -5    2    3    3    1   -0.000402   -0.000023
   -5    2    3    4    1   -0.000448   -0.000028
   -5    2    3    1    2    0.000155   -0.000008
   -5    2    3    2    2   -0.000840    0.000030
   -5    2    3    3    2    0.000360    0.000014
   -5    2    3    4    2    0.000410   -0.000038
   -5    2    3    1    3   -0.000386   -0.000038
   -5    2    3    2    3    0.000192   -0.000025
   -5    2    3    3    3    0.000281    0.000046
   -5    2    3    4    3   -0.000157    0.000022
   -5    2    3    1    4   -0.000288    0.000012
   -5    2    3    2    4    0.000200   -0.000037
   -5    2    3    3    4   -0.000220   -0.000044
   -5    2    3    4    4    0.000220    0.000061
   -5    3   -1    1    1    0.000920   -0.000031
   -5    3   -1    2    1   -0.000580   -0.000006
   -5    3   -1    3    1    0.000034    0.000015
   -5    3   -1    4    1   -0.000511    0.000025
   -5    3   -1    1    2   -0.000511   -0.000002
   -5    3   -1    2    2    0.000924   -0.000059
   -5    3   -1    3    2    0.000043    0.000026
   -5    3   -1    4    2   -0.000582    0.000040
   -5    3   -1    1    3    0.000250    0.000013
   -5    3   -1    2    3    0.000226    0.000009
   -5    3   -1    3    3   -0.000285   -0.000045
   -5    3   -1    4    3    0.000213    0.000017
   -5    3   -1    1    4   -0.000609    0.000024
   -5    3   -1    2    4   -0.000527    0.000052
   -5    3   -1    3    4    0.000092    0.000019
   -5    3   -1    4    4    0.000920   -0.000087
   -5    3    0    1    1    0.000229   -0.000032
   -5    3    0    2    1   -0.000373    0.000033
   -5    3    0    3    1    0.000185    0.000026
   -5    3    0    4    1   -0.000138   -0.000030
   -5    3    0    1    2   -0.000389   -0.000025
   -5    3    0    2    2    0.000377   -0.000055
   -5    3    0    3    2    0.000364    0.000021
   -5    3    0    4    2   -0.000407    0.000063
   -5    3    0    1    3    0.000407   -0.000014
   -5    3    0    2    3    0.000172    0.000010
   -5    3    0    3    3   -0.000874   -0.000031
   -5    3    0    4    3    0.000390    0.000034
   -5    3    0    1    4   -0.000208    0.000075
   -5    3    0    2    4   -0.000302    0.000012
   -5    3    0    3    4    0.000271   -0.000006
   -5    3    0    4    4    0.000163   -0.000071
   -5    3    1    1    1    0.001659   -0.000005
   -5    3    1    2    1   -0.000479    0.000047
   -5    3    1    3    1   -0.000469    0.000020
   -5    3    1    4    1   -0.000607   -0.000075
   -5    3    1    1    2   -0.000503   -0.000020
   -5    3    1    2    2    0.000351   -0.000024
   -5    3    1    3    2    0.000244    0.000015
   -5    3    1    4    2   -0.000452    0.000033
   -5    3    1    1    3   -0.000482   -0.000048
   -5    3    1    2    3    0.000253    0.000008
   -5    3    1    3    3    0.000331    0.000005
   -5    3    1    4    3   -0.000450    0.000035
   -5    3    1    1    4   -0.000586    0.000078
   -5    3    1    2    4   -0.000438   -0.000034
   -5    3    1    3    4   -0.000410   -0.000032
   -5    3    1    4    4    0.001566   -0.000002
   -5    3    2    1    1    0.000244    0.000026
   -5    3    2    2    1    0.000206    0.000034
   -5    3    2    3    1   -0.000325   -0.000004
   -5    3    2    4    1   -0.000223   -0.000065
   -5    3    2    1    2    0.000351    0.000001
   -5    3    2    2    2   -0.000846    0.000015
   -5    3    2    3    2    0.000162    0.000006
   -5    3    2    4    2    0.000419   -0.000020
   -5    3    2    1    3   -0.000434   -0.000058
   -5    3    2    2    3    0.000368   -0.000001
   -5    3    2    3    3    0.000373    0.000037
   -5    3    2    4    3   -0.000350    0.000019
   -5    3    2    1    4   -0.000116    0.000035
   -5    3    2    2    4    0.000207   -0.000058
   -5    3    2    3    4   -0.000337   -0.000034
   -5    3    2    4    4    0.000167    0.000062
   -5    3    3    1    1    0.000931    0.000028
   -5    3    3    2    1    0.000075    0.000012
   -5    3    3    3    1   -0.000529   -0.000037
   -5    3    3    4    1   -0.000613   -0.000007
   -5    3    3    1    2    0.000210    0.000015
   -5    3    3    2    2   -0.000270    0.000038
   -5    3    3    3    2    0.000217    0.000001
   -5    3    3    4    2    0.000238   -0.000052
   -5    3    3    1    3   -0.000584   -0.000030
   -5    3    3    2    3    0.000041   -0.000012
   -5    3    3    3    3    0.000937    0.000043
   -5    3    3    4    3   -0.000507   -0.000006
   -5    3    3    1    4   -0.000497   -0.000016
   -5    3    3    2    4    0.000034   -0.000051
   -5    3    3    3    4   -0.000586   -0.000005
   -5    3    3    4    4    0.000921    0.000072
   -4   -4    4    1    1   -0.000008    0.000000
   -4   -4    4    2    1    0.000003   -0.000017
   -4   -4    4    3    1   -0.000003   -0.000022
   -4   -4    4    4    1   -0.000004    0.000040
   -4   -4    4    1    2    0.000003    0.000017
   -4   -4    4    2    2    0.000004    0.000000
   -4   -4    4    3    2   -0.000001    0.000011
   -4   -4    4    4    2   -0.000016   -0.000022
   -4   -4    4    1    3   -0.000003    0.000022
   -4   -4    4    2    3   -0.000001   -0.000011
   -4   -4    4    3    3    0.000025    0.000000
   -4   -4    4    4    3   -0.000027   -0.000023
   -4   -4    4    1    4   -0.000004   -0.000040
   -4   -4    4    2    4   -0.000016    0.000022
   -4   -4    4    3    4   -0.000027    0.000023
   -4   -4    4    4    4    0.000047    0.000000
   -4   -3    3    1    1   -0.000174    0.000005
   -4   -3    3    2    1    0.000097   -0.000030
   -4   -3    3    3    1    0.000029   -0.000015
   -4   -3    3    4    1    0.000070    0.000039
   -4   -3    3    1    2    0.000076    0.000012
   -4   -3    3    2    2   -0.000272    0.000010
   -4   -3    3    3    2    0.000077    0.000003
   -4   -3    3    4    2    0.000159   -0.000020
   -4   -3    3    1    3   -0.000029    0.000015
   -4   -3    3    2    3    0.000076   -0.000006
   -4   -3    3    3    3   -0.000155    0.000021
   -4   -3    3    4    3    0.000055   -0.000041
   -4   -3    3    1    4    0.000069   -0.000035
   -4   -3    3    2    4    0.000147    0.000022
   -4   -3    3    3    4    0.000079    0.000001
   -4   -3    3    4    4   -0.000238    0.000017
   -4   -3    4    1    1   -0.000176   -0.000004
   -4   -3    4    2    1    0.000013   -0.000025
   -4   -3    4    3    1    0.000089   -0.000013
   -4   -3    4    4    1    0.000099    0.000047
   -4   -3    4    1    2    0.000000   -0.000002
   -4   -3    4    2    2   -0.000170   -0.000020
   -4   -3    4    3    2    0.000056    0.000022
   -4   -3    4    4    2    0.000056    0.000006
   -4   -3    4    1    3    0.000067    0.000040
   -4   -3    4    2    3    0.000102   -0.000007
   -4   -3    4    3    3   -0.000251   -0.000004
   -4   -3    4    4    3    0.000124   -0.000033
   -4   -3    4    1    4    0.000049   -0.000035
   -4   -3    4    2    4    0.000081    0.000048
   -4   -3    4    3    4    0.000157    0.000003
   -4   -3    4    4    4   -0.000233   -0.000021
   -4   -2    2    1    1   -0.000444    0.000010
   -4   -2    2    2    1    0.000332   -0.000041
   -4   -2    2    3    1   -0.000124    0.000006
   -4   -2    2    4    1    0.000278    0.000021
   -4   -2    2    1    2    0.000295    0.000015
   -4   -2    2    2    2    0.000095    0.000021
   -4   -2    2    3    2    0.000281   -0.000024
   -4   -2    2    4    2   -0.000678   -0.000008
   -4   -2    2    1    3   -0.000130   -0.000003
   -4   -2    2    2    3    0.000289    0.000013
   -4   -2    2    3    3   -0.000454    0.000038
   -4   -2    2    4    3    0.000309   -0.000058
   -4   -2    2    1    4    0.000284   -0.000023
   -4   -2    2    2    4   -0.000712    0.000004
   -4   -2    2    3    4    0.000349   -0.000010
   -4   -2    2    4    4    0.000086    0.000037
   -4   -2    3    1    1    0.000022    0.000002
   -4   -2    3    2    1    0.000182   -0.000040
   -4   -2    3    3    1    0.000192   -0.000006
   -4   -2    3    4    1   -0.000191    0.000047
   -4   -2    3    1    2    0.000100   -0.000005
   -4   -2    3    2    2   -0.000249   -0.000017
   -4   -2    3    3    2    0.000106    0.000018
   -4   -2    3    4    2   -0.000032    0.000010
   -4   -2    3    1    3    0.000057    0.000031
   -4   -2    3    2    3    0.000161    0.000002
   -4   -2    3    3    3   -0.000236    0.000017
   -4   -2    3    4    3   -0.000057   -0.000054
   -4   -2    3    1    4   -0.000345   -0.000028
   -4   -2    3    2    4   -0.000015    0.000051
   -4   -2    3    3    4    0.000019   -0.000023
   -4   -2    3    4    4    0.000309   -0.000003
   -4   -2    4    1    1   -0.000450   -0.000011
   -4   -2    4    2    1   -0.000150   -0.000020
   -4   -2    4    3    1    0.000308   -0.000010
   -4   -2    4    4    1    0.000339    0.000048
   -4   -2    4    1    2   -0.000086   -0.000024
   -4   -2    4    2    2   -0.000457   -0.000036
   -4   -2    4    3    2    0.000265    0.000048
   -4   -2    4    4    2    0.000288    0.000019
   -4   -2    4    1    3    0.000287    0.000051
   -4   -2    4    2    3    0.000337   -0.000015
   -4   -2    4    3    3    0.000113   -0.000008
   -4   -2    4    4    3   -0.000746   -0.000020
   -4   -2    4    1    4    0.000257   -0.000017
   -4   -2    4    2    4    0.000317    0.000067
   -4   -2    4    3    4   -0.000679   -0.000031
   -4   -2    4    4    4    0.000109   -0.000038
   -4   -1    1    1    1    0.000138    0.000009
   -4   -1    1    2    1    0.000078   -0.000037
   -4   -1    1    3    1    0.000033    0.000028
   -4   -1    1    4    1    0.000015   -0.000007
   -4   -1    1    1    2    0.000183    0.000022
   -4   -1    1    2    2   -0.002560    0.000018
   -4   -1    1    3    2    0.000008   -0.000056
   -4   -1    1    4    2    0.002441    0.000018
   -4   -1    1    1    3   -0.000351   -0.000027
   -4   -1    1    2    3    0.000158    0.000044
   -4   -1    1    3    3    0.000105    0.000034
   -4   -1    1    4    3    0.000243   -0.000063
   -4   -1    1    1    4    0.000172   -0.000002
   -4   -1    1    2    4    0.002401   -0.000028
   -4   -1    1    3    4    0.000131    0.000004
   -4   -1    1    4    4   -0.002629    0.000038
   -4   -1    2    1    1   -0.000007    0.000006
   -4   -1    2    2    1    0.000317   -0.000049
   -4   -1    2    3    1   -0.000087    0.000015
   -4   -1    2    4    1   -0.000163    0.000031
   -4   -1    2    1    2    0.000326    0.000001
   -4   -1    2    2    2    0.000106   -0.000012
   -4   -1    2    3    2    0.000027   -0.000002
   -4   -1    2    4    2   -0.000514    0.000020
   -4   -1    2    1    3   -0.000188    0.000007
   -4   -1    2    2    3    0.000104    0.000030
   -4   -1    2    3    3    0.000273    0.000027
   -4   -1    2    4    3   -0.000289   -0.000072
   -4   -1    2    1    4   -0.000064   -0.000012
   -4   -1    2    2    4   -0.000371    0.000027
   -4   -1    2    3    4   -0.000047   -0.000032
   -4   -1    2    4    4    0.000689    0.000016
   -4   -1    3    1    1   -0.000011   -0.000003
   -4   -1    3    2    1   -0.000109   -0.000034
   -4   -1    3    3    1    0.000316   -0.000006
   -4   -1    3    4    1   -0.000133    0.000051
   -4   -1    3    1    2   -0.000129   -0.000026
   -4   -1    3    2    2    0.000274   -0.000036
   -4   -1    3    3    2    0.000036    0.000048
   -4   -1    3    4    2   -0.000283    0.000023
   -4   -1    3    1    3    0.000278    0.000034
   -4   -1    3    2    3    0.000121   -0.000004
   -4   -1    3    3    3    0.000115    0.000010
   -4   -1    3    4    3   -0.000566   -0.000034
   -4   -1    3    1    4   -0.000067   -0.000006
   -4   -1    3    2    4   -0.000120    0.000070
   -4   -1    3    3    4   -0.000315   -0.000058
   -4   -1    3    4    4    0.000704   -0.000025
   -4   -1    4    1    1    0.000129   -0.000010
   -4   -1    4    2    1    0.000019   -0.000001
   -4   -1    4    3    1    0.000031   -0.000009
   -4   -1    4    4    1    0.000094    0.000029
   -4   -1    4    1    2   -0.000314   -0.000033
   -4   -1    4    2    2    0.000113   -0.000030
   -4   -1    4    3    2    0.000157    0.000067
   -4   -1    4    4    2    0.000195    0.000006
   -4   -1    4    1    3    0.000163    0.000045
   -4   -1    4    2    3    0.000073   -0.000036
   -4   -1    4    3    3   -0.002530   -0.000011
   -4   -1    4    4    3    0.002363    0.000030
   -4   -1    4    1    4    0.000170   -0.000003
   -4   -1    4    2    4    0.000067    0.000063
   -4   -1    4    3    4    0.002426   -0.000070
   -4   -1    4    4    4   -0.002591   -0.000032
   -4    0    0    1    1   -0.001068    0.000000
   -4    0    0    2    1    0.000330   -0.000030
   -4    0    0    3    1   -0.000589    0.000038
   -4    0    0    4    1    0.000288   -0.000016
   -4    0    0    1    2    0.000330    0.000030
   -4    0    0    2    2    0.021646    0.000000
   -4    0    0    3    2    0.000267   -0.000057
   -4    0    0    4    2   -0.023140    0.000036
   -4    0    0    1    3   -0.000589   -0.000038
   -4    0    0    2    3    0.000267    0.000057
   -4    0    0    3    3   -0.001103    0.000000
   -4    0    0    4    3    0.000404   -0.000032
   -4    0    0    1    4    0.000288    0.000016
   -4    0    0    2    4   -0.023140   -0.000036
   -4    0    0    3    4    0.000404    0.000032
   -4    0    0    4    4    0.021548    0.000000
   -4    0    1    1    1    0.000394   -0.000000
   -4    0    1    2    1    0.000230   -0.000042
   -4    0    1    3    1   -0.000377    0.000039
   -4    0    1    4    1   -0.000438    0.000004
   -4    0    1    1    2    0.000261    0.000010
   -4    0    1    2    2   -0.002898   -0.000017
   -4    0    1    3    2    0.000839   -0.000021
   -4    0    1    4    2    0.001495    0.000035
   -4    0    1    1    3   -0.000259   -0.000014
   -4    0    1    2    3    0.001371    0.000065
   -4    0    1    3    3   -0.000719    0.000009
   -4    0    1    4    3   -0.000155   -0.000070
   -4    0    1    1    4   -0.001017    0.000011
   -4    0    1    2    4    0.000951   -0.000010
   -4    0    1    3    4   -0.000071   -0.000016
   -4    0    1    4    4   -0.000165    0.000015
   -4    0    2    1    1    0.000518   -0.000001
   -4    0    2    2    1   -0.000551   -0.000039
   -4    0    2    3    1   -0.000540    0.000011
   -4    0    2    4    1    0.000160    0.000036
   -4    0    2    1    2   -0.000119   -0.000020
   -4    0    2    2    2   -0.001146   -0.000032
   -4    0    2    3    2    0.001741    0.000032
   -4    0    2    4    2   -0.000290    0.000030
   -4    0    2    1    3   -0.000182    0.000009
   -4    0    2    2    3    0.001841    0.000030
   -4    0    2    3    3   -0.001141    0.000013
   -4    0    2    4    3   -0.000328   -0.000053
   -4    0    2    1    4   -0.000257    0.000013
   -4    0    2    2    4   -0.000470    0.000036
   -4    0    2    3    4   -0.000395   -0.000057
   -4    0    2    4    4    0.000850   -0.000008
   -4    0    3    1    1    0.000389   -0.000002
   -4    0    3    2    1   -0.000388   -0.000014
   -4    0    3    3    1    0.000212   -0.000015
   -4    0    3    4    1   -0.000398    0.000039
   -4    0    3    1    2   -0.000210   -0.000036
   -4    0    3    2    2   -0.000712   -0.000028
   -4    0    3    3    2    0.001323    0.000060
   -4    0    3    4    2   -0.000166    0.000014
   -4    0    3    1    3    0.000206    0.000026
   -4    0    3    2    3    0.000931   -0.000019
   -4    0    3    3    3   -0.002868    0.000005
   -4    0    3    4    3    0.001443    0.000013
   -4    0    3    1    4   -0.000994    0.000009
   -4    0    3    2    4   -0.000161    0.000054
   -4    0    3    3    4    0.000976   -0.000082
   -4    0    3    4    4   -0.000140   -0.000022
   -4    0    4    1    1   -0.001074    0.000000
   -4    0    4    2    1   -0.000574    0.000021
   -4    0    4    3    1    0.000322   -0.000033
   -4    0    4    4    1    0.000300    0.000018
   -4    0    4    1    2   -0.000574   -0.000021
   -4    0    4    2    2   -0.001094   -0.000000
   -4    0    4    3    2    0.000311    0.000056
   -4    0    4    4    2    0.000333   -0.000025
   -4    0    4    1    3    0.000322    0.000033
   -4    0    4    2    3    0.000311   -0.000056
   -4    0    4    3    3    0.021645    0.000000
   -4    0    4    4    3   -0.023173    0.000070
   -4    0    4    1    4    0.000300   -0.000018
   -4    0    4    2    4    0.000333    0.000025
   -4    0    4    3    4   -0.023173   -0.000070
   -4    0    4    4    4    0.021630   -0.000000
   -4    1   -1    1    1    0.000138   -0.000009
   -4    1   -1    2    1    0.000183   -0.000022
   -4    1   -1    3    1   -0.000351    0.000027
   -4    1   -1    4    1    0.000172    0.000002
   -4    1   -1    1    2    0.000078    0.000037
   -4    1   -1    2    2   -0.002560   -0.000018
   -4    1   -1    3    2    0.000158   -0.000044
   -4    1   -1    4    2    0.002401    0.000028
   -4    1   -1    1    3    0.000033   -0.000028
   -4    1   -1    2    3    0.000008    0.000056
   -4    1   -1    3    3    0.000105   -0.000034
   -4    1   -1    4    3    0.000131   -0.000004
   -4    1   -1    1    4    0.000015    0.000007
   -4    1   -1    2    4    0.002441   -0.000018
   -4    1   -1    3    4    0.000243    0.000063
   -4    1   -1    4    4   -0.002629   -0.000038
   -4    1    0    1    1   -0.000702   -0.000011
   -4    1    0    2    1    0.001360   -0.000025
   -4    1    0    3    1   -0.000245    0.000045
   -4    1    0    4    1   -0.000187   -0.000010
   -4    1    0    1    2    0.000935    0.000009
   -4    1    0    2    2   -0.002904   -0.000035
   -4    1    0    3    2    0.000183   -0.000025
   -4    1    0    4    2    0.001484    0.000054
   -4    1    0    1    3   -0.000380   -0.000017
   -4    1    0    2    3    0.000213    0.000080
   -4    1    0    3    3    0.000356   -0.000025
   -4    1    0    4    3   -0.000365   -0.000045
   -4    1    0    1    4   -0.000194    0.000035
   -4    1    0    2    4    0.000989   -0.000021
   -4    1    0    3    4   -0.000892    0.000017
   -4    1    0    4    4   -0.000205   -0.000020
   -4    1    1    1    1    0.001361   -0.000012
   -4    1    1    2    1   -0.000295   -0.000020
   -4    1    1    3    1   -0.000732    0.000030
   -4    1    1    4    1   -0.000332    0.000003
   -4    1    1    1    2    0.000155   -0.000019
   -4    1    1    2    2    0.002069   -0.000038
   -4    1    1    3    2    0.000064    0.000017
   -4    1    1    4    2   -0.001019    0.000048
   -4    1    1    1    3   -0.000742   -0.000004
   -4    1    1    2    3   -0.000258    0.000060
   -4    1    1    3    3    0.001358   -0.000003
   -4    1    1    4    3   -0.000342   -0.000060
   -4    1    1    1    4   -0.001371    0.000045
   -4    1    1    2    4   -0.002237   -0.000005
   -4    1    1    3    4   -0.001273   -0.000035
   -4    1    1    4    4    0.002949   -0.000006
   -4    1    2    1    1    0.001360   -0.000001
   -4    1    2    2    1   -0.000746   -0.000010
   -4    1    2    3    1   -0.000280   -0.000006
   -4    1    2    4    1   -0.000328    0.000019
   -4    1    2    1    2   -0.000708   -0.000037
   -4    1    2    2    2    0.001358   -0.000026
   -4    1    2    3    2   -0.000330    0.000046
   -4    1    2    4    2   -0.000304    0.000026
   -4    1    2    1    3    0.000101   -0.000001
   -4    1    2    2    3    0.000163    0.000007
   -4    1    2    3    3    0.002086    0.000016
   -4    1    2    4    3   -0.001067   -0.000017
   -4    1    2    1    4   -0.001341    0.000039
   -4    1    2    2    4   -0.001359    0.000024
   -4    1    2    3    4   -0.002215   -0.000068
   -4    1    2    4    4    0.002968   -0.000009
   -4    1    3    1    1   -0.000706    0.000008
   -4    1    3    2    1   -0.000241    0.000014
   -4    1    3    3    1    0.001364   -0.000035
   -4    1    3    4    1   -0.000186    0.000014
   -4    1    3    1    2   -0.000371   -0.000030
   -4    1    3    2    2    0.000366    0.000002
   -4    1    3    3    2    0.000211    0.000051
   -4    1    3    4    2   -0.000383   -0.000018
   -4    1    3    1    3    0.000865    0.000002
   -4    1    3    2    3    0.000254   -0.000045
   -4    1    3    3    3   -0.002875    0.000022
   -4    1    3    4    3    0.001474    0.000046
   -4    1    3    1    4   -0.000114    0.000012
   -4    1    3    2    4   -0.000984    0.000022
   -4    1    3    3    4    0.000934   -0.000073
   -4    1    3    4    4   -0.000161    0.000008
   -4    1    4    1    1    0.000129    0.000010
   -4    1    4    2    1   -0.000314    0.000033
   -4    1    4    3    1    0.000163   -0.000045
   -4    1    4    4    1    0.000170    0.000003
   -4    1    4    1    2    0.000019    0.000001
   -4    1    4    2    2    0.000113    0.000030
   -4    1    4    3    2    0.000073    0.000036
   -4    1    4    4    2    0.000067   -0.000063
   -4    1    4    1    3    0.000031    0.000009
   -4    1    4    2    3    0.000157   -0.000067
   -4    1    4    3    3   -0.002530    0.000011
   -4    1    4    4    3    0.002426    0.000070
   -4    1    4    1    4    0.000094   -0.000029
   -4    1    4    2    4    0.000195   -0.000006
   -4    1    4    3    4    0.002363   -0.000030
   -4    1    4    4    4   -0.002591    0.000032
   -4    2   -2    1    1   -0.000444   -0.000010
   -4    2   -2    2    1    0.000295   -0.000015
   -4    2   -2    3    1   -0.000130    0.000003
   -4    2   -2    4    1    0.000284    0.000023
   -4    2   -2    1    2    0.000332    0.000041
   -4    2   -2    2    2    0.000095   -0.000021
   -4    2   -2    3    2    0.000289   -0.000013
   -4    2   -2    4    2   -0.000712   -0.000004
   -4    2   -2    1    3   -0.000124   -0.000006
   -4    2   -2    2    3    0.000281    0.000024
   -4    2   -2    3    3   -0.000454   -0.000038
   -4    2   -2    4    3    0.000349    0.000010
   -4    2   -2    1    4    0.000278   -0.000021
   -4    2   -2    2    4   -0.000678    0.000008
   -4    2   -2    3    4    0.000309    0.000058
   -4    2   -2    4    4    0.000086   -0.000037
   -4    2   -1    1    1    0.000269   -0.000018
   -4    2   -1    2    1    0.000072   -0.000016
   -4    2   -1    3    1   -0.000178    0.000031
   -4    2   -1    4    1   -0.000269    0.000004
   -4    2   -1    1    2    0.000124    0.000015
   -4    2   -1    2    2    0.000089   -0.000049
   -4    2   -1    3    2    0.000274   -0.000011
   -4    2   -1    4    2   -0.000535    0.000048
   -4    2   -1    1    3   -0.000085   -0.000009
   -4    2   -1    2    3    0.000300    0.000056
   -4    2   -1    3    3   -0.000052   -0.000043
   -4    2   -1    4    3   -0.000093   -0.000013
   -4    2   -1    1    4   -0.000150    0.000023
   -4    2   -1    2    4   -0.000312    0.000009
   -4    2   -1    3    4    0.000038    0.000035
   -4    2   -1    4    4    0.000619   -0.000055
   -4    2    0    1    1   -0.001175   -0.000025
   -4    2    0    2    1    0.001783    0.000001
   -4    2    0    3    1   -0.000162    0.000037
   -4    2    0    4    1   -0.000270   -0.000016
   -4    2    0    1    2    0.001838   -0.000020
   -4    2    0    2    2   -0.001165   -0.000054
   -4    2    0    3    2   -0.000199    0.000009
   -4    2    0    4    2   -0.000288    0.000067
   -4    2    0    1    3   -0.000530   -0.000009
   -4    2    0    2    3   -0.000528    0.000058
   -4    2    0    3    3    0.000475   -0.000023
   -4    2    0    4    3    0.000184   -0.000035
   -4    2    0    1    4   -0.000468    0.000069
   -4    2    0    2    4   -0.000415   -0.000007
   -4    2    0    3    4   -0.000132   -0.000011
   -4    2    0    4    4    0.000742   -0.000038
   -4    2    1    1    1    0.002039   -0.000011
   -4    2    1    2    1    0.000101    0.000011
   -4    2    1    3    1    0.000131    0.000012
   -4    2    1    4    1   -0.001014   -0.000022
   -4    2    1    1    2   -0.000268   -0.000037
   -4    2    1    2    2    0.001347   -0.000035
   -4    2    1    3    2   -0.000768    0.000033
   -4    2    1    4    2   -0.000294    0.000047
   -4    2    1    1    3   -0.000288   -0.000021
   -4    2    1    2    3   -0.000696    0.000025
   -4    2    1    3    3    0.001345    0.000014
   -4    2    1    4    3   -0.000341   -0.000028
   -4    2    1    1    4   -0.002209    0.000079
   -4    2    1    2    4   -0.001338   -0.000007
   -4    2    1    3    4   -0.001292   -0.000051
   -4    2    1    4    4    0.002903   -0.000010
   -4    2    2    1    1   -0.001175    0.000013
   -4    2    2    2    1   -0.000168    0.000021
   -4    2    2    3    1    0.001828   -0.000020
   -4    2    2    4    1   -0.000308   -0.000018
   -4    2    2    1    2   -0.000547   -0.000031
   -4    2    2    2    2    0.000486   -0.000003
   -4    2    2    3    2   -0.000557    0.000039
   -4    2    2    4    2    0.000218    0.000001
   -4    2    2    1    3    0.001780   -0.000027
   -4    2    2    2    3   -0.000124   -0.000022
   -4    2    2    3    3   -0.001158    0.000036
   -4    2    2    4    3   -0.000297    0.000011
   -4    2    2    1    4   -0.000379    0.000045
   -4    2    2    2    4   -0.000225   -0.000004
   -4    2    2    3    4   -0.000456   -0.000064
   -4    2    2    4    4    0.000778    0.000022
   -4    2    3    1    1    0.000260    0.000020
   -4    2    3    2    1   -0.000151    0.000028
   -4    2    3    3    1    0.000104   -0.000046
   -4    2    3    4    1   -0.000317   -0.000002
   -4    2    3    1    2   -0.000111   -0.000006
   -4    2    3    2    2   -0.000042    0.000026
   -4    2    3    3    2    0.000323    0.000031
   -4    2    3    4    2   -0.000103   -0.000049
   -4    2    3    1    3    0.000062   -0.000009
   -4    2    3    2    3    0.000304   -0.000050
   -4    2    3    3    3    0.000109    0.000031
   -4    2    3    4    3   -0.000510    0.000033
   -4    2    3    1    4   -0.000041   -0.000011
   -4    2    3    2    4   -0.000035   -0.000013
   -4    2    3    3    4   -0.000397   -0.000033
   -4    2    3    4    4    0.000659    0.000045
   -4    2    4    1    1   -0.000450    0.000011
   -4    2    4    2    1   -0.000086    0.000024
   -4    2    4    3    1    0.000287   -0.000051
   -4    2    4    4    1    0.000257    0.000017
   -4    2    4    1    2   -0.000150    0.000020
   -4    2    4    2    2   -0.000457    0.000036
   -4    2    4    3    2    0.000337    0.000015
   -4    2    4    4    2    0.000317   -0.000067
   -4    2    4    1    3    0.000308    0.000010
   -4    2    4    2    3    0.000265   -0.000048
   -4    2    4    3    3    0.000113    0.000008
   -4    2    4    4    3   -0.000679    0.000031
   -4    2    4    1    4    0.000339   -0.000048
   -4    2    4    2    4    0.000288   -0.000019
   -4    2    4    3    4   -0.000746    0.000020
   -4    2    4    4    4    0.000109    0.000038
   -4    3   -3    1    1   -0.000174   -0.000005
   -4    3   -3    2    1    0.000076   -0.000012
   -4    3   -3    3    1   -0.000029   -0.000015
   -4    3   -3    4    1    0.000069    0.000035
   -4    3   -3    1    2    0.000097    0.000030
   -4    3   -3    2    2   -0.000272   -0.000010
   -4    3   -3    3    2    0.000076    0.000006
   -4    3   -3    4    2    0.000147   -0.000022
   -4    3   -3    1    3    0.000029    0.000015
   -4    3   -3    2    3    0.000077   -0.000003
   -4    3   -3    3    3   -0.000155   -0.000021
   -4    3   -3    4    3    0.000079   -0.000001
   -4    3   -3    1    4    0.000070   -0.000039
   -4    3   -3    2    4    0.000159    0.000020
   -4    3   -3    3    4    0.000055    0.000041
   -4    3   -3    4    4   -0.000238   -0.000017
   -4    3   -2    1    1   -0.000264   -0.000016
   -4    3   -2    2    1    0.000128   -0.000019
   -4    3   -2    3    1    0.000062    0.000010
   -4    3   -2    4    1    0.000001    0.000027
   -4    3   -2    1    2    0.000167    0.000018
   -4    3   -2    2    2   -0.000257   -0.000041
   -4    3   -2    3    2    0.000075    0.000006
   -4    3   -2    4    2   -0.000051    0.000023
   -4    3   -2    1    3    0.000207    0.000014
   -4    3   -2    2    3    0.000182    0.000016
   -4    3   -2    3    3   -0.000002   -0.000039
   -4    3   -2    4    3   -0.000177   -0.000002
   -4    3   -2    1    4   -0.000040   -0.000010
   -4    3   -2    2    4    0.000019    0.000040
   -4    3   -2    3    4   -0.000290    0.000034
   -4    3   -2    4    4    0.000266   -0.000058
   -4    3   -1    1    1    0.000066   -0.000029
   -4    3   -1    2    1    0.000055   -0.000001
   -4    3   -1    3    1    0.000283    0.000030
   -4    3   -1    4    1   -0.000460   -0.000002
   -4    3   -1    1    2    0.000115   -0.000015
   -4    3   -1    2    2    0.000256   -0.000052
   -4    3   -1    3    2   -0.000173    0.000009
   -4    3   -1    4    2   -0.000292    0.000064
   -4    3   -1    1    3    0.000342    0.000003
   -4    3   -1    2    3   -0.000085    0.000024
   -4    3   -1    3    3   -0.000065   -0.000035
   -4    3   -1    4    3   -0.000121   -0.000002
   -4    3   -1    1    4   -0.000378    0.000051
   -4    3   -1    2    4   -0.000064    0.000026
   -4    3   -1    3    4    0.000043    0.000007
   -4    3   -1    4    4    0.000592   -0.000075
   -4    3    0    1    1   -0.002959   -0.000024
   -4    3    0    2    1    0.000869    0.000025
   -4    3    0    3    1    0.000237    0.000028
   -4    3    0    4    1    0.001542   -0.000042
   -4    3    0    1    2    0.001372   -0.000035
   -4    3    0    2    2   -0.000731   -0.000038
   -4    3    0    3    2   -0.000253    0.000020
   -4    3    0    4    2   -0.000148    0.000063
   -4    3    0    1    3    0.000247   -0.000020
   -4    3    0    2    3   -0.000351    0.000017
   -4    3    0    3    3    0.000333   -0.000006
   -4    3    0    4    3   -0.000396   -0.000003
   -4    3    0    1    4    0.000988    0.000096
   -4    3    0    2    4   -0.000117   -0.000009
   -4    3    0    3    4   -0.000908   -0.000030
   -4    3    0    4    4   -0.000273   -0.000039
   -4    3    1    1    1   -0.002958    0.000011
   -4    3    1    2    1    0.000213    0.000031
   -4    3    1    3    1    0.000931    0.000002
   -4    3    1    4    1    0.001500   -0.000060
   -4    3    1    1    2    0.000209   -0.000032
   -4    3    1    2    2    0.000355   -0.000008
   -4    3    1    3    2   -0.000383    0.000026
   -4    3    1    4    2   -0.000354    0.000024
   -4    3    1    1    3    0.001358   -0.000039
   -4    3    1    2    3   -0.000209   -0.000003
   -4    3    1    3    3   -0.000746    0.000029
   -4    3    1    4    3   -0.000153    0.000002
   -4    3    1    1    4    0.001047    0.000074
   -4    3    1    2    4   -0.000964   -0.000030
   -4    3    1    3    4   -0.000128   -0.000050
   -4    3    1    4    4   -0.000263    0.000023
   -4    3    2    1    1    0.000060    0.000026
   -4    3    2    2    1    0.000305    0.000030
   -4    3    2    3    1    0.000126   -0.000027
   -4    3    2    4    1   -0.000551   -0.000032
   -4    3    2    1    2    0.000287   -0.000008
   -4    3    2    2    2   -0.000044    0.000021
   -4    3    2    3    2   -0.000091    0.000023
   -4    3    2    4    2   -0.000083   -0.000030
   -4    3    2    1    3    0.000063   -0.000028
   -4    3    2    2    3   -0.000146   -0.000022
   -4    3    2    3    3    0.000255    0.000040
   -4    3    2    4    3   -0.000256    0.000003
   -4    3    2    1    4   -0.000253    0.000010
   -4    3    2    2    4   -0.000037   -0.000039
   -4    3    2    3    4   -0.000130   -0.000036
   -4    3    2    4    4    0.000614    0.000068
   -4    3    3    1    1   -0.000271    0.000019
   -4    3    3    2    1    0.000095    0.000016
   -4    3    3    3    1    0.000164   -0.000048
   -4    3    3    4    1   -0.000066    0.000014
   -4    3    3    1    2    0.000167    0.000014
   -4    3    3    2    2    0.000004    0.000033
   -4    3    3    3    2    0.000199    0.000013
   -4    3    3    4    2   -0.000161   -0.000056
   -4    3    3    1    3    0.000128   -0.000000
   -4    3    3    2    3    0.000075   -0.000030
   -4    3    3    3    3   -0.000244    0.000028
   -4    3    3    4    3   -0.000018   -0.000003
   -4    3    3    1    4    0.000055   -0.000037
   -4    3    3    2    4   -0.000333   -0.000026
   -4    3    3    3    4   -0.000048    0.000006
   -4    3    3    4    4    0.000281    0.000056
   -4    3    4    1    1   -0.000176    0.000004
   -4    3    4    2    1    0.000000    0.000002
   -4    3    4    3    1    0.000067   -0.000040
   -4    3    4    4    1    0.000049    0.000035
   -4    3    4    1    2    0.000013    0.000025
   -4    3    4    2    2   -0.000170    0.000020
   -4    3    4    3    2    0.000102    0.000007
   -4    3    4    4    2    0.000081   -0.000048
   -4    3    4    1    3    0.000089    0.000013
   -4    3    4    2    3    0.000056   -0.000022
   -4    3    4    3    3   -0.000251    0.000004
   -4    3    4    4    3    0.000157   -0.000003
   -4    3    4    1    4    0.000099   -0.000047
   -4    3    4    2    4    0.000056   -0.000006
   -4    3    4    3    4    0.000124    0.000033
   -4    3    4    4    4   -0.000233    0.000021
   -4    4   -4    1    1   -0.000008    0.000000
   -4    4   -4    2    1    0.000003   -0.000017
   -4    4   -4    3    1   -0.000003   -0.000022
   -4    4   -4    4    1   -0.000004    0.000040
   -4    4   -4    1    2    0.000003    0.000017
   -4    4   -4    2    2    0.000004    0.000000
   -4    4   -4    3    2   -0.000001    0.000011
   -4    4   -4    4    2   -0.000016   -0.000022
   -4    4   -4    1    3   -0.000003    0.000022
   -4    4   -4    2    3   -0.000001   -0.000011
   -4    4   -4    3    3    0.000025    0.000000
   -4    4   -4    4    3   -0.000027   -0.000023
   -4    4   -4    1    4   -0.000004   -0.000040
   -4    4   -4    2    4   -0.000016    0.000022
   -4    4   -4    3    4   -0.000027    0.000023
   -4    4   -4    4    4    0.000047    0.000000
   -4    4   -3    1    1   -0.000289   -0.000010
   -4    4   -3    2    1    0.000080   -0.000020
   -4    4   -3    3    1    0.000060   -0.000006
   -4    4   -3    4    1    0.000192    0.000039
   -4    4   -3    1    2    0.000085    0.000009
   -4    4   -3    2    2   -0.000170   -0.000026
   -4    4   -3    3    2   -0.000016    0.000016
   -4    4   -3    4    2    0.000049    0.000008
   -4    4   -3    1    3    0.000104    0.000034
   -4    4   -3    2    3    0.000025   -0.000005
   -4    4   -3    3    3   -0.000160   -0.000024
   -4    4   -3    4    3    0.000056   -0.000014
   -4    4   -3    1    4    0.000138   -0.000032
   -4    4   -3    2    4    0.000089    0.000046
   -4    4   -3    3    4    0.000067    0.000025
   -4    4   -3    4    4   -0.000245   -0.000039
   -4    4   -2    1    1    0.000063   -0.000025
   -4    4   -2    2    1    0.000286   -0.000011
   -4    4   -2    3    1    0.000270    0.000016
   -4    4   -2    4    1   -0.000619    0.000021
   -4    4   -2    1    2    0.000310   -0.000012
   -4    4   -2    2    2   -0.000462   -0.000038
   -4    4   -2    3    2   -0.000105    0.000015
   -4    4   -2    4    2    0.000273    0.000044
   -4    4   -2    1    3    0.000349    0.000029
   -4    4   -2    2    3   -0.000125   -0.000004
   -4    4   -2    3    3   -0.000470   -0.000037
   -4    4   -2    4    3    0.000294    0.000006
   -4    4   -2    1    4   -0.000730    0.000013
   -4    4   -2    2    4    0.000347    0.000049
   -4    4   -2    3    4    0.000330    0.000016
   -4    4   -2    4    4    0.000051   -0.000078
   -4    4   -1    1    1   -0.002618   -0.000029
   -4    4   -1    2    1    0.000018    0.000019
   -4    4   -1    3    1    0.000163    0.000035
   -4    4   -1    4    1    0.002511   -0.000032
   -4    4   -1    1    2    0.000178   -0.000035
   -4    4   -1    2    2    0.000101   -0.000027
   -4    4   -1    3    2   -0.000322    0.000012
   -4    4   -1    4    2    0.000200    0.000061
   -4    4   -1    1    3    0.000092    0.000001
   -4    4   -1    2    3    0.000044   -0.000008
   -4    4   -1    3    3    0.000079   -0.000029
   -4    4   -1    4    3    0.000064    0.000028
   -4    4   -1    1    4    0.002413    0.000074
   -4    4   -1    2    4    0.000112    0.000010
   -4    4   -1    3    4    0.000247   -0.000006
   -4    4   -1    4    4   -0.002707   -0.000069
   -4    4    0    1    1    0.021589   -0.000000
   -4    4    0    2    1    0.000305    0.000029
   -4    4    0    3    1    0.000290    0.000032
   -4    4    0    4    1   -0.023087   -0.000082
   -4    4    0    1    2    0.000305   -0.000029
   -4    4    0    2    2   -0.001110    0.000000
   -4    4    0    3    2   -0.000564    0.000010
   -4    4    0    4    2    0.000347    0.000028
   -4    4    0    1    3    0.000290   -0.000032
   -4    4    0    2    3   -0.000564   -0.000010
   -4    4    0    3    3   -0.001134    0.000000
   -4    4    0    4    3    0.000398    0.000031
   -4    4    0    1    4   -0.023087    0.000082
   -4    4    0    2    4    0.000347   -0.000028
   -4    4    0    3    4    0.000398   -0.000031
   -4    4    0    4    4    0.021432    0.000000
   -4    4    1    1    1   -0.002618    0.000029
   -4    4    1    2    1    0.000178    0.000035
   -4    4    1    3    1    0.000092   -0.000001
   -4    4    1    4    1    0.002413   -0.000074
   -4    4    1    1    2    0.000018   -0.000019
   -4    4    1    2    2    0.000101    0.000027
   -4    4    1    3    2    0.000044    0.000008
   -4    4    1    4    2    0.000112   -0.000010
   -4    4    1    1    3    0.000163   -0.000035
   -4    4    1    2    3   -0.000322   -0.000012
   -4    4    1    3    3    0.000079    0.000029
   -4    4    1    4    3    0.000247    0.000006
   -4    4    1    1    4    0.002511    0.000032
   -4    4    1    2    4    0.000200   -0.000061
   -4    4    1    3    4    0.000064   -0.000028
   -4    4    1    4    4   -0.002707    0.000069
   -4    4    2    1    1    0.000063    0.000025
   -4    4    2    2    1    0.000310    0.000012
   -4    4    2    3    1    0.000349   -0.000029
   -4    4    2    4    1   -0.000730   -0.000013
   -4    4    2    1    2    0.000286    0.000011
   -4    4    2    2    2   -0.000462    0.000038
   -4    4    2    3    2   -0.000125    0.000004
   -4    4    2    4    2    0.000347   -0.000049
   -4    4    2    1    3    0.000270   -0.000016
   -4    4    2    2    3   -0.000105   -0.000015
   -4    4    2    3    3   -0.000470    0.000037
   -4    4    2    4    3    0.000330   -0.000016
   -4    4    2    1    4   -0.000619   -0.000021
   -4    4    2    2    4    0.000273   -0.000044
   -4    4    2    3    4    0.000294   -0.000006
   -4    4    2    4    4    0.000051    0.000078
   -4    4    3    1    1   -0.000289    0.000010
   -4    4    3    2    1    0.000085   -0.000009
   -4    4    3    3    1    0.000104   -0.000034
   -4    4    3    4    1    0.000138    0.000032
   -4    4    3    1    2    0.000080    0.000020
   -4    4    3    2    2   -0.000170    0.000026
   -4    4    3    3    2    0.000025    0.000005
   -4    4    3    4    2    0.000089   -0.000046
   -4    4    3    1    3    0.000060    0.000006
   -4    4    3    2    3   -0.000016   -0.000016
   -4    4    3    3    3   -0.000160    0.000024
   -4    4    3    4    3    0.000067   -0.000025
   -4    4    3    1    4    0.000192   -0.000039
   -4    4    3    2    4    0.000049   -0.000008
   -4    4    3    3    4    0.000056    0.000014
   -4    4    3    4    4   -0.000245    0.000039
   -4    4    4    1    1   -0.000008   -0.000000
   -4    4    4    2    1    0.000003   -0.000017
   -4    4    4    3    1   -0.000003   -0.000022
   -4    4    4    4    1   -0.000004    0.000040
   -4    4    4    1    2    0.000003    0.000017
   -4    4    4    2    2    0.000004   -0.000000
   -4    4    4    3    2   -0.000001    0.000011
   -4    4    4    4    2   -0.000016   -0.000022
   -4    4    4    1    3   -0.000003    0.000022
   -4    4    4    2    3   -0.000001   -0.000011
   -4    4    4    3    3    0.000025   -0.000000
   -4    4    4    4    3   -0.000027   -0.000023
   -4    4    4    1    4   -0.000004   -0.000040
   -4    4    4    2    4   -0.000016    0.000022
   -4    4    4    3    4   -0.000027    0.000023
   -4    4    4    4    4    0.000047   -0.000000
   -3   -4    3    1    1   -0.000292    0.000010
   -3   -4    3    2    1    0.000188   -0.000004
   -3   -4    3    3    1    0.000094   -0.000031
   -3   -4    3    4    1    0.000055    0.000027
   -3   -4    3    1    2    0.000163    0.000024
   -3   -4    3    2    2   -0.000282    0.000023
   -3   -4    3    3    2    0.000102    0.000001
   -3   -4    3    4    2    0.000057   -0.000043
   -3   -4    3    1    3    0.000062    0.000014
   -3   -4    3    2    3    0.000052   -0.000029
   -3   -4    3    3    3   -0.000140    0.000011
   -3   -4    3    4    3   -0.000033   -0.000007
   -3   -4    3    1    4    0.000103   -0.000050
   -3   -4    3    2    4    0.000087    0.000007
   -3   -4    3    3    4   -0.000021    0.000028
   -3   -4    3    4    4   -0.000130    0.000021
   -3   -4    4    1    1   -0.000288    0.000000
   -3   -4    4    2    1    0.000098   -0.000011
   -3   -4    4    3    1    0.000163   -0.000014
   -3   -4    4    4    1    0.000076    0.000027
   -3   -4    4    1    2    0.000076    0.000023
   -3   -4    4    2    2   -0.000160   -0.000006
   -3   -4    4    3    2    0.000073   -0.000001
   -3   -4    4    4    2   -0.000045   -0.000009
   -3   -4    4    1    3    0.000173    0.000028
   -3   -4    4    2    3    0.000072   -0.000009
   -3   -4    4    3    3   -0.000264   -0.000016
   -3   -4    4    4    3    0.000055   -0.000011
   -3   -4    4    1    4    0.000075   -0.000050
   -3   -4    4    2    4    0.000015    0.000023
   -3   -4    4    3    4    0.000083    0.000038
   -3   -4    4    4    4   -0.000136   -0.000010
   -3   -3    1    1    1    0.000920    0.000031
   -3   -3    1    2    1   -0.000511    0.000002
   -3   -3    1    3    1    0.000250   -0.000013
   -3   -3    1    4    1   -0.000609   -0.000024
   -3   -3    1    1    2   -0.000580    0.000006
   -3   -3    1    2    2    0.000924    0.000059
   -3   -3    1    3    2    0.000226   -0.000009
   -3   -3    1    4    2   -0.000527   -0.000052
   -3   -3    1    1    3    0.000034   -0.000015
   -3   -3    1    2    3    0.000043   -0.000026
   -3   -3    1    3    3   -0.000285    0.000045
   -3   -3    1    4    3    0.000092   -0.000019
   -3   -3    1    1    4   -0.000511   -0.000025
   -3   -3    1    2    4   -0.000582   -0.000040
   -3   -3    1    3    4    0.000213   -0.000017
   -3   -3    1    4    4    0.000920    0.000087
   -3   -3    2    1    1   -0.000269    0.000020
   -3   -3    2    2    1    0.000039   -0.000021
   -3   -3    2    3    1    0.000201   -0.000023
   -3   -3    2    4    1    0.000102    0.000024
   -3   -3    2    1    2   -0.000026    0.000026
   -3   -3    2    2    2    0.000270    0.000036
   -3   -3    2    3    2   -0.000180   -0.000004
   -3   -3    2    4    2   -0.000032   -0.000051
   -3   -3    2    1    3    0.000057    0.000003
   -3   -3    2    2    3   -0.000336   -0.000025
   -3   -3    2    3    3    0.000039    0.000035
   -3   -3    2    4    3    0.000076   -0.000027
   -3   -3    2    1    4    0.000160   -0.000051
   -3   -3    2    2    4   -0.000017    0.000005
   -3   -3    2    3    4    0.000160    0.000005
   -3   -3    2    4    4   -0.000217    0.000048
   -3   -3    3    1    1    0.000011    0.000008
   -3   -3    3    2    1    0.000239   -0.000025
   -3   -3    3    3    1    0.000229   -0.000022
   -3   -3    3    4    1   -0.000463    0.000043
   -3   -3    3    1    2    0.000246    0.000021
   -3   -3    3    2    2    0.000030   -0.000001
   -3   -3    3    3    2   -0.000466    0.000005
   -3   -3    3    4    2    0.000196   -0.000016
   -3   -3    3    1    3    0.000212    0.000026
   -3   -3    3    2    3   -0.000467   -0.000015
   -3   -3    3    3    3    0.000056    0.000007
   -3   -3    3    4    3    0.000203   -0.000029
   -3   -3    3    1    4   -0.000465   -0.000055
   -3   -3    3    2    4    0.000215    0.000035
   -3   -3    3    3    4    0.000208    0.000021
   -3   -3    3    4    4    0.000073   -0.000001
   -3   -3    4    1    1   -0.000265   -0.000010
   -3   -3    4    2    1    0.000185   -0.000020
   -3   -3    4    3    1   -0.000005   -0.000005
   -3   -3    4    4    1    0.000165    0.000042
   -3   -3    4    1    2    0.000101    0.000006
   -3   -3    4    2    2    0.000029   -0.000031
   -3   -3    4    3    2   -0.000338    0.000013
   -3   -3    4    4    2    0.000044    0.000023
   -3   -3    4    1    3   -0.000017    0.000046
   -3   -3    4    2    3   -0.000187   -0.000004
   -3   -3    4    3    3    0.000294   -0.000024
   -3   -3    4    4    3   -0.000063   -0.000022
   -3   -3    4    1    4    0.000102   -0.000040
   -3   -3    4    2    4    0.000182    0.000051
   -3   -3    4    3    4    0.000016    0.000024
   -3   -3    4    4    4   -0.000221   -0.000041
   -3   -3    5    1    1    0.000931   -0.000028
   -3   -3    5    2    1    0.000210   -0.000015
   -3   -3    5    3    1   -0.000584    0.000030
   -3   -3    5    4    1   -0.000497    0.000016
   -3   -3    5    1    2    0.000075   -0.000012
   -3   -3    5    2    2   -0.000270   -0.000038
   -3   -3    5    3    2    0.000041    0.000012
   -3   -3    5    4    2    0.000034    0.000051
   -3   -3    5    1    3   -0.000529    0.000037
   -3   -3    5    2    3    0.000217   -0.000001
   -3   -3    5    3    3    0.000937   -0.000043
   -3   -3    5    4    3   -0.000586    0.000005
   -3   -3    5    1    4   -0.000613    0.000007
   -3   -3    5    2    4    0.000238    0.000052
   -3   -3    5    3    4   -0.000507    0.000006
   -3   -3    5    4    4    0.000921   -0.000072
   -3   -2    0    1    1    0.000393    0.000028
   -3   -2    0    2    1   -0.000301    0.000011
   -3   -2    0    3    1    0.000185    0.000003
   -3   -2    0    4    1   -0.000402   -0.000052
   -3   -2    0    1    2   -0.000434    0.000002
   -3   -2    0    2    2    0.000258    0.000065
   -3   -2    0    3    2    0.000367   -0.000041
   -3   -2    0    4    2   -0.000156   -0.000024
   -3   -2    0    1    3    0.000353   -0.000036
   -3   -2    0    2    3    0.000173   -0.000009
   -3   -2    0    3    3   -0.000866    0.000044
   -3   -2    0    4    3    0.000285   -0.000012
   -3   -2    0    1    4   -0.000381    0.000005
   -3   -2    0    2    4   -0.000217   -0.000066
   -3   -2    0    3    4    0.000405   -0.000008
   -3   -2    0    4    4    0.000200    0.000074
   -3   -2    1    1    1    0.000262    0.000025
   -3   -2    1    2    1   -0.000054   -0.000022
   -3   -2    1    3    1   -0.000081   -0.000005
   -3   -2    1    4    1    0.000031   -0.000003
   -3   -2    1    1    2   -0.000292    0.000031
   -3   -2    1    2    2    0.000688    0.000048
   -3   -2    1    3    2   -0.000157   -0.000028
   -3   -2    1    4    2   -0.000503   -0.000042
   -3   -2    1    1    3   -0.000189   -0.000021
   -3   -2    1    2    3   -0.000057   -0.000006
   -3   -2    1    3    3   -0.000022    0.000051
   -3   -2    1    4    3    0.000343   -0.000041
   -3   -2    1    1    4    0.000112   -0.000036
   -3   -2    1    2    4   -0.000384   -0.000023
   -3   -2    1    3    4    0.000334   -0.000010
   -3   -2    1    4    4    0.000082    0.000073
   -3   -2    2    1    1    0.000390    0.000017
   -3   -2    2    2    1    0.000353   -0.000040
   -3   -2    2    3    1    0.000231   -0.000015
   -3   -2    2    4    1   -0.000946    0.000043
   -3   -2    2    1    2    0.000247    0.000030
   -3   -2    2    2    2    0.000767    0.000006
   -3   -2    2    3    2   -0.000945    0.000000
   -3   -2    2    4    2   -0.000293   -0.000025
   -3   -2    2    1    3    0.000180    0.000008
   -3   -2    2    2    3   -0.000862   -0.000006
   -3   -2    2    3    3    0.000423    0.000031
   -3   -2    2    4    3    0.000214   -0.000047
   -3   -2    2    1    4   -0.000864   -0.000054
   -3   -2    2    2    4   -0.000063    0.000036
   -3   -2    2    3    4    0.000334   -0.000004
   -3   -2    2    4    4    0.000799    0.000023
   -3   -2    3    1    1    0.000391   -0.000001
   -3   -2    3    2    1    0.000219   -0.000033
   -3   -2    3    3    1    0.000326   -0.000017
   -3   -2    3    4    1   -0.000904    0.000060
   -3   -2    3    1    2    0.000254    0.000005
   -3   -2    3    2    2    0.000412   -0.000034
   -3   -2    3    3    2   -0.000893    0.000029
   -3   -2    3    4    2    0.000183    0.000013
   -3   -2    3    1    3    0.000202    0.000038
   -3   -2    3    2    3   -0.000910   -0.000006
   -3   -2    3    3    3    0.000790   -0.000003
   -3   -2    3    4    3   -0.000310   -0.000033
   -3   -2    3    1    4   -0.000891   -0.000041
   -3   -2    3    2    4    0.000313    0.000070
   -3   -2    3    3    4   -0.000021   -0.000004
   -3   -2    3    4    4    0.000801   -0.000035
   -3   -2    4    1    1    0.000267   -0.000022
   -3   -2    4    2    1   -0.000106   -0.000012
   -3   -2    4    3    1   -0.000132    0.000007
   -3   -2    4    4    1    0.000137    0.000038
   -3   -2    4    1    2   -0.000131   -0.000014
   -3   -2    4    2    2   -0.000014   -0.000048
   -3   -2    4    3    2   -0.000065    0.000040
   -3   -2    4    4    2    0.000281    0.000037
   -3   -2    4    1    3   -0.000283    0.000048
   -3   -2    4    2    3   -0.000136   -0.000009
   -3   -2    4    3    3    0.000717   -0.000035
   -3   -2    4    4    3   -0.000571    0.000003
   -3   -2    4    1    4    0.000044   -0.000009
   -3   -2    4    2    4    0.000322    0.000070
   -3   -2    4    3    4   -0.000315   -0.000016
   -3   -2    4    4    4    0.000096   -0.000065
   -3   -2    5    1    1    0.000402   -0.000028
   -3   -2    5    2    1    0.000155    0.000008
   -3   -2    5    3    1   -0.000386    0.000038
   -3   -2    5    4    1   -0.000288   -0.000012
   -3   -2    5    1    2    0.000383   -0.000020
   -3   -2    5    2    2   -0.000840   -0.000030
   -3   -2    5    3    2    0.000192    0.000025
   -3   -2    5    4    2    0.000200    0.000037
   -3   -2    5    1    3   -0.000402    0.000023
   -3   -2    5    2    3    0.000360   -0.000014
   -3   -2    5    3    3    0.000281   -0.000046
   -3   -2    5    4    3   -0.000220    0.000044
   -3   -2    5    1    4   -0.000448    0.000028
   -3   -2    5    2    4    0.000410    0.000038
   -3   -2    5    3    4   -0.000157   -0.000022
   -3   -2    5    4    4    0.000220   -0.000061
   -3   -1   -1    1    1    0.000382    0.000015
   -3   -1   -1    2    1   -0.000443    0.000020
   -3   -1   -1    3    1    0.000253    0.000006
   -3   -1   -1    4    1   -0.000514   -0.000048
   -3   -1   -1    1    2   -0.000508    0.000015
   -3   -1   -1    2    2    0.001701    0.000052
   -3   -1   -1    3    2   -0.000494   -0.000062
   -3   -1   -1    4    2   -0.000608   -0.000003
   -3   -1   -1    1    3    0.000241   -0.000047
   -3   -1   -1    2    3   -0.000514    0.000002
   -3   -1   -1    3    3    0.000339    0.000019
   -3   -1   -1    4    3   -0.000368    0.000014
   -3   -1   -1    1    4   -0.000489    0.000019
   -3   -1   -1    2    4   -0.000630   -0.000072
   -3   -1   -1    3    4   -0.000456    0.000033
   -3   -1   -1    4    4    0.001633    0.000030
   -3   -1    0    1    1   -0.000706    0.000020
   -3   -1    0    2    1   -0.000117   -0.000011
   -3   -1    0    3    1   -0.000368    0.000011
   -3   -1    0    4    1    0.000846   -0.000029
   -3   -1    0    1    2   -0.000192    0.000033
   -3   -1    0    2    2   -0.000128    0.000045
   -3   -1    0    3    2   -0.000440   -0.000055
   -3   -1    0    4    2    0.001521   -0.000012
   -3   -1    0    1    3   -0.000261   -0.000046
   -3   -1    0    2    3   -0.001016    0.000026
   -3   -1    0    3    3    0.000357    0.000042
   -3   -1    0    4    3    0.000320   -0.000037
   -3   -1    0    1    4    0.001384   -0.000003
   -3   -1    0    2    4    0.000936   -0.000059
   -3   -1    0    3    4    0.000275    0.000004
   -3   -1    0    4    4   -0.002964    0.000059
   -3   -1    1    1    1    0.000481    0.000018
   -3   -1    1    2    1    0.001251   -0.000038
   -3   -1    1    3    1   -0.000280    0.000006
   -3   -1    1    4    1   -0.000921    0.000017
   -3   -1    1    1    2    0.000629    0.000041
   -3   -1    1    2    2   -0.003157    0.000012
   -3   -1    1    3    2   -0.000921   -0.000021
   -3   -1    1    4    2    0.002269   -0.000020
   -3   -1    1    1    3   -0.001073   -0.000022
   -3   -1    1    2    3    0.000073    0.000027
   -3   -1    1    3    3    0.000489    0.000039
   -3   -1    1    4    3    0.000634   -0.000061
   -3   -1    1    1    4    0.000079   -0.000035
   -3   -1    1    2    4    0.003188   -0.000003
   -3   -1    1    3    4    0.001258   -0.000015
   -3   -1    1    4    4   -0.003168    0.000049
   -3   -1    2    1    1    0.001596    0.000007
   -3   -1    2    2    1    0.000458   -0.000046
   -3   -1    2    3    1    0.000462   -0.000013
   -3   -1    2    4    1   -0.002472    0.000062
   -3   -1    2    1    2    0.000259    0.000017
   -3   -1    2    2    2   -0.000005   -0.000030
   -3   -1    2    3    2   -0.000990    0.000028
   -3   -1    2    4    2    0.000447   -0.000000
   -3   -1    2    1    3    0.000171    0.000014
   -3   -1    2    2    3   -0.000912    0.000011
   -3   -1    2    3    3    0.000004    0.000013
   -3   -1    2    4    3    0.000447   -0.000044
   -3   -1    2    1    4   -0.001948   -0.000035
   -3   -1    2    2    4    0.001061    0.000066
   -3   -1    2    3    4    0.001133   -0.000027
   -3   -1    2    4    4    0.000583   -0.000013
   -3   -1    3    1    1    0.000483   -0.000012
   -3   -1    3    2    1   -0.000309   -0.000022
   -3   -1    3    3    1    0.001199   -0.000011
   -3   -1    3    4    1   -0.000836    0.000059
   -3   -1    3    1    2   -0.000989   -0.000017
   -3   -1    3    2    2    0.000493   -0.000053
   -3   -1    3    3    2    0.000031    0.000061
   -3   -1    3    4    2    0.000585    0.000026
   -3   -1    3    1    3    0.000588    0.000042
   -3   -1    3    2    3   -0.000848   -0.000012
   -3   -1    3    3    3   -0.003127   -0.000021
   -3   -1    3    4    3    0.002206    0.000002
   -3   -1    3    1    4    0.000043   -0.000012
   -3   -1    3    2    4    0.001205    0.000089
   -3   -1    3    3    4    0.003263   -0.000048
   -3   -1    3    4    4   -0.003154   -0.000058
   -3   -1    4    1    1   -0.000704   -0.000022
   -3   -1    4    2    1   -0.000391    0.000012
   -3   -1    4    3    1   -0.000196    0.000004
   -3   -1    4    4    1    0.000958    0.000018
   -3   -1    4    1    2   -0.000224   -0.000022
   -3   -1    4    2    2    0.000376   -0.000039
   -3   -1    4    3    2   -0.001002    0.000053
   -3   -1    4    4    2    0.000238    0.000022
   -3   -1    4    1    3   -0.000186    0.000040
   -3   -1    4    2    3   -0.000414   -0.000027
   -3   -1    4    3    3   -0.000092   -0.000038
   -3   -1    4    4    3    0.001436    0.000050
   -3   -1    4    1    4    0.001347    0.000006
   -3   -1    4    2    4    0.000249    0.000055
   -3   -1    4    3    4    0.000982   -0.000048
   -3   -1    4    4    4   -0.002933   -0.000056
   -3   -1    5    1    1    0.000384   -0.000014
   -3   -1    5    2    1    0.000249    0.000034
   -3   -1    5    3    1   -0.000500    0.000013
   -3   -1    5    4    1   -0.000445   -0.000028
   -3   -1    5    1    2    0.000244   -0.000007
   -3   -1    5    2    2    0.000365   -0.000002
   -3   -1    5    3    2   -0.000457    0.000015
   -3   -1    5    4    2   -0.000463    0.000002
   -3   -1    5    1    3   -0.000494    0.000009
   -3   -1    5    2    3   -0.000526   -0.000032
   -3   -1    5    3    3    0.001719   -0.000036
   -3   -1    5    4    3   -0.000632    0.000073
   -3   -1    5    1    4   -0.000503    0.000014
   -3   -1    5    2    4   -0.000446    0.000000
   -3   -1    5    3    4   -0.000630   -0.000011
   -3   -1    5    4    4    0.001659   -0.000025
   -3    0   -2    1    1   -0.000815    0.000002
   -3    0   -2    2    1    0.000214    0.000026
   -3    0   -2    3    1    0.000357   -0.000001
   -3    0   -2    4    1    0.000169   -0.000030
   -3    0   -2    1    2    0.000359    0.000030
   -3    0   -2    2    2    0.000271    0.000037
   -3    0   -2    3    2   -0.000391   -0.000054
   -3    0   -2    4    2   -0.000194   -0.000011
   -3    0   -2    1    3    0.000171   -0.000036
   -3    0   -2    2    3   -0.000407   -0.000002
   -3    0   -2    3    3    0.000377   -0.000012
   -3    0   -2    4    3   -0.000263    0.000042
   -3    0   -2    1    4    0.000359    0.000003
   -3    0   -2    2    4   -0.000168   -0.000059
   -3    0   -2    3    4   -0.000402    0.000066
   -3    0   -2    4    4    0.000225   -0.000000
   -3    0   -1    1    1    0.000396    0.000010
   -3    0   -1    2    1   -0.000974   -0.000006
   -3    0   -1    3    1   -0.000245    0.000020
   -3    0   -1    4    1    0.000202   -0.000029
   -3    0   -1    1    2   -0.000413    0.000036
   -3    0   -1    2    2   -0.000129    0.000030
   -3    0   -1    3    2   -0.000200   -0.000071
   -3    0   -1    4    2    0.001507    0.000010
   -3    0   -1    1    3   -0.000393   -0.000054
   -3    0   -1    2    3   -0.000195    0.000046
   -3    0   -1    3    3   -0.000746    0.000005
   -3    0   -1    4    3    0.001005   -0.000011
   -3    0   -1    1    4    0.000213    0.000015
   -3    0   -1    2    4    0.000973   -0.000065
   -3    0   -1    3    4    0.001429    0.000046
   -3    0   -1    4    4   -0.002985    0.000014
   -3    0    0    1    1   -0.002778    0.000012
   -3    0    0    2    1   -0.002376   -0.000032
   -3    0    0    3    1   -0.001661    0.000031
   -3    0    0    4    1    0.004791   -0.000012
   -3    0    0    1    2    0.004857    0.000036
   -3    0    0    2    2    0.033200    0.000016
   -3    0    0    3    2    0.004772   -0.000035
   -3    0    0    4    2   -0.032586    0.000006
   -3    0    0    1    3   -0.001702   -0.000040
   -3    0    0    2    3   -0.002404    0.000060
   -3    0    0    3    3   -0.002797    0.000014
   -3    0    0    4    3    0.004890   -0.000053
   -3    0    0    1    4   -0.002406    0.000005
   -3    0    0    2    4   -0.042355   -0.000045
   -3    0    0    3    4   -0.002311   -0.000008
   -3    0    0    4    4    0.033131    0.000034
   -3    0    1    1    1    0.001453    0.000004
   -3    0    1    2    1    0.002727   -0.000045
   -3    0    1    3    1   -0.001309    0.000008
   -3    0    1    4    1   -0.002060    0.000041
   -3    0    1    1    2    0.002929    0.000029
   -3    0    1    2    2   -0.008681   -0.000019
   -3    0    1    3    2    0.004052    0.000013
   -3    0    1    4    2    0.000622   -0.000003
   -3    0    1    1    3   -0.001653   -0.000010
   -3    0    1    2    3    0.005471    0.000050
   -3    0    1    3    3   -0.003816    0.000010
   -3    0    1    4    3    0.000526   -0.000064
   -3    0    1    1    4   -0.004136   -0.000016
   -3    0    1    2    4   -0.000986    0.000016
   -3    0    1    3    4    0.000379   -0.000032
   -3    0    1    4    4    0.003826    0.000016
   -3    0    2    1    1    0.001461   -0.000006
   -3    0    2    2    1   -0.001331   -0.000036
   -3    0    2    3    1    0.002709   -0.000023
   -3    0    2    4    1   -0.002025    0.000071
   -3    0    2    1    2   -0.001550   -0.000011
   -3    0    2    2    2   -0.003834   -0.000045
   -3    0    2    3    2    0.005386    0.000059
   -3    0    2    4    2    0.000523    0.000018
   -3    0    2    1    3    0.002842    0.000027
   -3    0    2    2    3    0.004159    0.000014
   -3    0    2    3    3   -0.008649   -0.000011
   -3    0    2    4    3    0.000578   -0.000019
   -3    0    2    1    4   -0.004148   -0.000010
   -3    0    2    2    4    0.000297    0.000069
   -3    0    2    3    4   -0.000903   -0.000061
   -3    0    2    4    4    0.003833   -0.000033
   -3    0    3    1    1   -0.002775   -0.000016
   -3    0    3    2    1   -0.001683    0.000004
   -3    0    3    3    1   -0.002359   -0.000035
   -3    0    3    4    1    0.004820    0.000054
   -3    0    3    1    2   -0.001649   -0.000033
   -3    0    3    2    2   -0.002796   -0.000038
   -3    0    3    3    2   -0.002406    0.000068
   -3    0    3    4    2    0.004835    0.000019
   -3    0    3    1    3    0.004860    0.000047
   -3    0    3    2    3    0.004860   -0.000033
   -3    0    3    3    3    0.033178   -0.000023
   -3    0    3    4    3   -0.032660    0.000041
   -3    0    3    1    4   -0.002458   -0.000004
   -3    0    3    2    4   -0.002385    0.000071
   -3    0    3    3    4   -0.042343   -0.000069
   -3    0    3    4    4    0.033227   -0.000045
   -3    0    4    1    1    0.000391   -0.000011
   -3    0    4    2    1   -0.000242    0.000037
   -3    0    4    3    1   -0.001020   -0.000022
   -3    0    4    4    1    0.000263    0.000001
   -3    0    4    1    2   -0.000386   -0.000014
   -3    0    4    2    2   -0.000732   -0.000005
   -3    0    4    3    2   -0.000137    0.000040
   -3    0    4    4    2    0.000917   -0.000013
   -3    0    4    1    3   -0.000418    0.000027
   -3    0    4    2    3   -0.000200   -0.000052
   -3    0    4    3    3   -0.000096   -0.000025
   -3    0    4    4    3    0.001467    0.000081
   -3    0    4    1    4    0.000227   -0.000004
   -3    0    4    2    4    0.001416    0.000020
   -3    0    4    3    4    0.000938   -0.000034
   -3    0    4    4    4   -0.002945   -0.000022
   -3    0    5    1    1   -0.000816   -0.000003
   -3    0    5    2    1    0.000380    0.000043
   -3    0    5    3    1    0.000175   -0.000013
   -3    0    5    4    1    0.000192   -0.000027
   -3    0    5    1    2    0.000147    0.000014
   -3    0    5    2    2    0.000394    0.000027
   -3    0    5    3    2   -0.000311   -0.000004
   -3    0    5    4    2   -0.000348   -0.000032
   -3    0    5    1    3    0.000378   -0.000002
   -3    0    5    2    3   -0.000462   -0.000042
   -3    0    5    3    3    0.000272   -0.000026
   -3    0    5    4    3   -0.000160    0.000077
   -3    0    5    1    4    0.000367   -0.000011
   -3    0    5    2    4   -0.000368   -0.000030
   -3    0    5    3    4   -0.000221    0.000029
   -3    0    5    4    4    0.000243    0.000000
   -3    1   -3    1    1   -0.000256   -0.000000
   -3    1   -3    2    1    0.000066    0.000033
   -3    1   -3    3    1    0.000034   -0.000020
   -3    1   -3    4    1    0.000033   -0.000013
   -3    1   -3    1    2    0.000202    0.000031
   -3    1   -3    2    2    0.000935    0.000031
   -3    1   -3    3    2   -0.000513   -0.000023
   -3    1   -3    4    2   -0.000568   -0.000038
   -3    1   -3    1    3    0.000235   -0.000010
   -3    1   -3    2    3   -0.000608   -0.000023
   -3    1   -3    3    3    0.000934   -0.000022
   -3    1   -3    4    3   -0.000511    0.000056
   -3    1   -3    1    4    0.000207   -0.000022
   -3    1   -3    2    4   -0.000525   -0.000038
   -3    1   -3    3    4   -0.000584    0.000059
   -3    1   -3    4    4    0.000935   -0.000000
   -3    1   -2    1    1   -0.000004    0.000002
   -3    1   -2    2    1   -0.000030    0.000005
   -3    1   -2    3    1   -0.000175    0.000011
   -3    1   -2    4    1    0.000279   -0.000020
   -3    1   -2    1    2   -0.000141    0.000039
   -3    1   -2    2    2    0.000690    0.000012
   -3    1   -2    3    2   -0.000276   -0.000057
   -3    1   -2    4    2   -0.000524    0.000004
   -3    1   -2    1    3   -0.000090   -0.000036
   -3    1   -2    2    3   -0.000154    0.000038
   -3    1   -2    3    3    0.000232   -0.000023
   -3    1   -2    4    3    0.000176    0.000013
   -3    1   -2    1    4    0.000292   -0.000002
   -3    1   -2    2    4   -0.000319   -0.000049
   -3    1   -2    3    4    0.000123    0.000070
   -3    1   -2    4    4    0.000036   -0.000009
   -3    1   -1    1    1    0.000491    0.000004
   -3    1   -1    2    1    0.000071   -0.000020
   -3    1   -1    3    1   -0.001037    0.000038
   -3    1   -1    4    1    0.000594   -0.000023
   -3    1   -1    1    2   -0.000855    0.000027
   -3    1   -1    2    2   -0.003172   -0.000008
   -3    1   -1    3    2    0.000576   -0.000054
   -3    1   -1    4    2    0.002276    0.000036
   -3    1   -1    1    3   -0.000305   -0.000036
   -3    1   -1    2    3    0.001203    0.000087
   -3    1   -1    3    3    0.000436   -0.000020
   -3    1   -1    4    3   -0.000794   -0.000044
   -3    1   -1    1    4    0.001192    0.000017
   -3    1   -1    2    4    0.003257   -0.000048
   -3    1   -1    3    4    0.000160    0.000037
   -3    1   -1    4    4   -0.003265    0.000004
   -3    1    0    1    1   -0.003846   -0.000005
   -3    1    0    2    1    0.005430   -0.000029
   -3    1    0    3    1   -0.001592    0.000031
   -3    1    0    4    1    0.000532    0.000006
   -3    1    0    1    2    0.004144    0.000007
   -3    1    0    2    2   -0.008689   -0.000023
   -3    1    0    3    2    0.002823   -0.000010
   -3    1    0    4    2    0.000642    0.000030
   -3    1    0    1    3   -0.001335   -0.000010
   -3    1    0    2    3    0.002749    0.000090
   -3    1    0    3    3    0.001437   -0.000010
   -3    1    0    4    3   -0.002033   -0.000084
   -3    1    0    1    4    0.000311    0.000028
   -3    1    0    2    4   -0.000937   -0.000034
   -3    1    0    3    4   -0.004033   -0.000012
   -3    1    0    4    4    0.003744    0.000014
   -3    1    1    1    1    0.000173   -0.000008
   -3    1    1    2    1    0.002186   -0.000031
   -3    1    1    3    1    0.002224   -0.000018
   -3    1    1    4    1   -0.002686    0.000052
   -3    1    1    1    2    0.002249   -0.000013
   -3    1    1    2    2    0.000177   -0.000035
   -3    1    1    3    2    0.002151    0.000047
   -3    1    1    4    2   -0.002678    0.000023
   -3    1    1    1    3    0.002170    0.000010
   -3    1    1    2    3    0.002265    0.000038
   -3    1    1    3    3    0.000191    0.000003
   -3    1    1    4    3   -0.002730   -0.000063
   -3    1    1    1    4   -0.008263    0.000028
   -3    1    1    2    4   -0.008283    0.000024
   -3    1    1    3    4   -0.008210   -0.000045
   -3    1    1    4    4    0.014737   -0.000013
   -3    1    2    1    1   -0.003839   -0.000005
   -3    1    2    2    1   -0.001634   -0.000002
   -3    1    2    3    1    0.005445   -0.000043
   -3    1    2    4    1    0.000555    0.000049
   -3    1    2    1    2   -0.001287   -0.000040
   -3    1    2    2    2    0.001427   -0.000029
   -3    1    2    3    2    0.002705    0.000069
   -3    1    2    4    2   -0.002024    0.000017
   -3    1    2    1    3    0.004074    0.000018
   -3    1    2    2    3    0.002945   -0.000029
   -3    1    2    3    3   -0.008673    0.000009
   -3    1    2    4    3    0.000585    0.000013
   -3    1    2    1    4    0.000357    0.000029
   -3    1    2    2    4   -0.004122    0.000063
   -3    1    2    3    4   -0.000952   -0.000076
   -3    1    2    4    4    0.003790   -0.000036
   -3    1    3    1    1    0.000479   -0.000003
   -3    1    3    2    1   -0.001045    0.000035
   -3    1    3    3    1    0.000065   -0.000043
   -3    1    3    4    1    0.000625    0.000014
   -3    1    3    1    2   -0.000299   -0.000027
   -3    1    3    2    2    0.000438   -0.000005
   -3    1    3    3    2    0.001243    0.000060
   -3    1    3    4    2   -0.000844   -0.000022
   -3    1    3    1    3   -0.000887    0.000023
   -3    1    3    2    3    0.000628   -0.000067
   -3    1    3    3    3   -0.003143   -0.000000
   -3    1    3    4    3    0.002231    0.000068
   -3    1    3    1    4    0.001253    0.000005
   -3    1    3    2    4    0.000110    0.000040
   -3    1    3    3    4    0.003184   -0.000056
   -3    1    3    4    4   -0.003206   -0.000015
   -3    1    4    1    1   -0.000012    0.000001
   -3    1    4    2    1   -0.000155    0.000047
   -3    1    4    3    1   -0.000055   -0.000037
   -3    1    4    4    1    0.000296   -0.000009
   -3    1    4    1    2   -0.000119    0.000004
   -3    1    4    2    2    0.000237    0.000025
   -3    1    4    3    2   -0.000057    0.000024
   -3    1    4    4    2    0.000101   -0.000051
   -3    1    4    1    3   -0.000132    0.000017
   -3    1    4    2    3   -0.000314   -0.000065
   -3    1    4    3    3    0.000701   -0.000016
   -3    1    4    4    3   -0.000516    0.000078
   -3    1    4    1    4    0.000326   -0.000025
   -3    1    4    2    4    0.000134   -0.000005
   -3    1    4    3    4   -0.000401    0.000008
   -3    1    4    4    4    0.000078    0.000007
   -3    1    5    1    1   -0.000256   -0.000000
   -3    1    5    2    1    0.000066    0.000033
   -3    1    5    3    1    0.000034   -0.000020
   -3    1    5    4    1    0.000033   -0.000013
   -3    1    5    1    2    0.000202    0.000031
   -3    1    5    2    2    0.000935    0.000031
   -3    1    5    3    2   -0.000513   -0.000023
   -3    1    5    4    2   -0.000568   -0.000038
   -3    1    5    1    3    0.000235   -0.000010
   -3    1    5    2    3   -0.000608   -0.000023
   -3    1    5    3    3    0.000934   -0.000022
   -3    1    5    4    3   -0.000511    0.000056
   -3    1    5    1    4    0.000207   -0.000022
   -3    1    5    2    4   -0.000525   -0.000038
   -3    1    5    3    4   -0.000584    0.000059
   -3    1    5    4    4    0.000935   -0.000000
   -3    2   -3    1    1    0.000023    0.000001
   -3    2   -3    2    1   -0.000311    0.000011
   -3    2   -3    3    1    0.000061   -0.000009
   -3    2   -3    4    1    0.000066   -0.000002
   -3    2   -3    1    2   -0.000187    0.000036
   -3    2   -3    2    2    0.000272    0.000010
   -3    2   -3    3    2    0.000004   -0.000025
   -3    2   -3    4    2   -0.000045   -0.000023
   -3    2   -3    1    3    0.000199   -0.000008
   -3    2   -3    2    3   -0.000032    0.000005
   -3    2   -3    3    3   -0.000273   -0.000024
   -3    2   -3    4    3    0.000180    0.000023
   -3    2   -3    1    4    0.000168   -0.000027
   -3    2   -3    2    4    0.000020   -0.000022
   -3    2   -3    3    4    0.000140    0.000058
   -3    2   -3    4    4   -0.000258   -0.000005
   -3    2   -2    1    1    0.000398   -0.000001
   -3    2   -2    2    1   -0.000858   -0.000013
   -3    2   -2    3    1    0.000205    0.000025
   -3    2   -2    4    1    0.000217   -0.000011
   -3    2   -2    1    2   -0.000902    0.000030
   -3    2   -2    2    2    0.000755   -0.000022
   -3    2   -2    3    2    0.000218   -0.000035
   -3    2   -2    4    2   -0.000283    0.000027
   -3    2   -2    1    3    0.000232   -0.000015
   -3    2   -2    2    3    0.000306    0.000056
   -3    2   -2    3    3    0.000341   -0.000034
   -3    2   -2    4    3   -0.000849   -0.000017
   -3    2   -2    1    4    0.000296   -0.000007
   -3    2   -2    2    4   -0.000014   -0.000017
   -3    2   -2    3    4   -0.000795    0.000048
   -3    2   -2    4    4    0.000699   -0.000016
   -3    2   -1    1    1   -0.000036   -0.000012
   -3    2   -1    2    1   -0.000950   -0.000018
   -3    2   -1    3    1    0.000211    0.000039
   -3    2   -1    4    1    0.000489   -0.000011
   -3    2   -1    1    2   -0.000911    0.000001
   -3    2   -1    2    2   -0.000033   -0.000041
   -3    2   -1    3    2    0.000173   -0.000017
   -3    2   -1    4    2    0.000487    0.000059
   -3    2   -1    1    3    0.000462   -0.000010
   -3    2   -1    2    3    0.000467    0.000082
   -3    2   -1    3    3    0.001533   -0.000026
   -3    2   -1    4    3   -0.002414   -0.000060
   -3    2   -1    1    4    0.001072    0.000035
   -3    2   -1    2    4    0.001119   -0.000021
   -3    2   -1    3    4   -0.001814    0.000009
   -3    2   -1    4    4    0.000431   -0.000016
   -3    2    0    1    1   -0.008726   -0.000020
   -3    2    0    2    1    0.004087   -0.000012
   -3    2    0    3    1    0.002913    0.000015
   -3    2    0    4    1    0.000640    0.000008
   -3    2    0    1    2    0.005456   -0.000022
   -3    2    0    2    2   -0.003848   -0.000042
   -3    2    0    3    2   -0.001656    0.000024
   -3    2    0    4    2    0.000578    0.000051
   -3    2    0    1    3    0.002728   -0.000005
   -3    2    0    2    3   -0.001267    0.000054
   -3    2    0    3    3    0.001409    0.000004
   -3    2    0    4    3   -0.002047   -0.000076
   -3    2    0    1    4   -0.000936    0.000075
   -3    2    0    2    4    0.000331   -0.000010
   -3    2    0    3    4   -0.004032   -0.000036
   -3    2    0    4    4    0.003714   -0.000013
   -3    2    1    1    1   -0.008731    0.000000
   -3    2    1    2    1    0.002846   -0.000005
   -3    2    1    3    1    0.004155   -0.000022
   -3    2    1    4    1    0.000641    0.000016
   -3    2    1    1    2    0.002738   -0.000046
   -3    2    1    2    2    0.001422   -0.000025
   -3    2    1    3    2   -0.001339    0.000054
   -3    2    1    4    2   -0.002000    0.000034
   -3    2    1    1    3    0.005422   -0.000008
   -3    2    1    2    3   -0.001542   -0.000011
   -3    2    1    3    3   -0.003859    0.000032
   -3    2    1    4    3    0.000516   -0.000030
   -3    2    1    1    4   -0.000886    0.000075
   -3    2    1    2    4   -0.004109    0.000031
   -3    2    1    3    4    0.000341   -0.000066
   -3    2    1    4    4    0.003741   -0.000020
   -3    2    2    1    1   -0.000061    0.000008
   -3    2    2    2    1    0.000194    0.000028
   -3    2    2    3    1   -0.000904   -0.000036
   -3    2    2    4    1    0.000481    0.000002
   -3    2    2    1    2    0.000445   -0.000036
   -3    2    2    2    2    0.001544   -0.000001
   -3    2    2    3    2    0.000467    0.000056
   -3    2    2    4    2   -0.002409   -0.000010
   -3    2    2    1    3   -0.000949    0.000004
   -3    2    2    2    3    0.000250   -0.000057
   -3    2    2    3    3   -0.000019    0.000027
   -3    2    2    4    3    0.000442    0.000027
   -3    2    2    1    4    0.001174    0.000024
   -3    2    2    2    4   -0.001898    0.000026
   -3    2    2    3    4    0.001051   -0.000062
   -3    2    2    4    4    0.000489    0.000010
   -3    2    3    1    1    0.000379    0.000010
   -3    2    3    2    1    0.000219    0.000040
   -3    2    3    3    1   -0.000847   -0.000047
   -3    2    3    4    1    0.000208   -0.000000
   -3    2    3    1    2    0.000196   -0.000005
   -3    2    3    2    2    0.000347    0.000022
   -3    2    3    3    2    0.000368    0.000033
   -3    2    3    4    2   -0.000881   -0.000048
   -3    2    3    1    3   -0.000915    0.000018
   -3    2    3    2    3    0.000221   -0.000069
   -3    2    3    3    3    0.000772    0.000009
   -3    2    3    4    3   -0.000292    0.000049
   -3    2    3    1    4    0.000373   -0.000026
   -3    2    3    2    4   -0.000826    0.000007
   -3    2    3    3    4   -0.000104   -0.000008
   -3    2    3    4    4    0.000747    0.000022
   -3    2    4    1    1    0.000017    0.000004
   -3    2    4    2    1    0.000090    0.000033
   -3    2    4    3    1   -0.000333   -0.000038
   -3    2    4    4    1    0.000065    0.000003
   -3    2    4    1    2    0.000163    0.000021
   -3    2    4    2    2   -0.000279    0.000029
   -3    2    4    3    2    0.000051    0.000001
   -3    2    4    4    2    0.000141   -0.000052
   -3    2    4    1    3   -0.000169    0.000010
   -3    2    4    2    3   -0.000054   -0.000045
   -3    2    4    3    3    0.000285   -0.000008
   -3    2    4    4    3   -0.000024    0.000045
   -3    2    4    1    4    0.000193   -0.000038
   -3    2    4    2    4    0.000168   -0.000015
   -3    2    4    3    4   -0.000050    0.000039
   -3    2    4    4    4   -0.000240    0.000012
   -3    3   -4    1    1   -0.000177    0.000003
   -3    3   -4    2    1    0.000083    0.000009
   -3    3   -4    3    1    0.000060   -0.000026
   -3    3   -4    4    1   -0.000019    0.000014
   -3    3   -4    1    2    0.000079    0.000028
   -3    3   -4    2    2   -0.000281    0.000015
   -3    3   -4    3    2    0.000194   -0.000005
   -3    3   -4    4    2    0.000054   -0.000036
   -3    3   -4    1    3    0.000096    0.000011
   -3    3   -4    2    3    0.000144   -0.000022
   -3    3   -4    3    3   -0.000265   -0.000009
   -3    3   -4    4    3    0.000067    0.000014
   -3    3   -4    1    4    0.000021   -0.000043
   -3    3   -4    2    4    0.000096   -0.000002
   -3    3   -4    3    4    0.000061    0.000043
   -3    3   -4    4    4   -0.000145    0.000006
   -3    3   -3    1    1    0.000014   -0.000002
   -3    3   -3    2    1   -0.000450   -0.000010
   -3    3   -3    3    1    0.000218    0.000004
   -3    3   -3    4    1    0.000235    0.000009
   -3    3   -3    1    2   -0.000449    0.000029
   -3    3   -3    2    2    0.000029   -0.000015
   -3    3   -3    3    2    0.000239   -0.000013
   -3    3   -3    4    2    0.000198    0.000002
   -3    3   -3    1    3    0.000244    0.000012
   -3    3   -3    2    3    0.000208    0.000013
   -3    3   -3    3    3   -0.000007   -0.000030
   -3    3   -3    4    3   -0.000435   -0.000004
   -3    3   -3    1    4    0.000199   -0.000034
   -3    3   -3    2    4    0.000226    0.000011
   -3    3   -3    3    4   -0.000429    0.000044
   -3    3   -3    4    4    0.000022   -0.000016
   -3    3   -2    1    1    0.000738   -0.000014
   -3    3   -2    2    1   -0.000928   -0.000022
   -3    3   -2    3    1    0.000211    0.000032
   -3    3   -2    4    1   -0.000235    0.000003
   -3    3   -2    1    2   -0.000838    0.000006
   -3    3   -2    2    2    0.000398   -0.000039
   -3    3   -2    3    2    0.000206   -0.000011
   -3    3   -2    4    2    0.000199    0.000050
   -3    3   -2    1    3    0.000355    0.000009
   -3    3   -2    2    3    0.000221    0.000037
   -3    3   -2    3    3    0.000329   -0.000036
   -3    3   -2    4    3   -0.000878   -0.000023
   -3    3   -2    1    4   -0.000074    0.000006
   -3    3   -2    2    4    0.000339    0.000021
   -3    3   -2    3    4   -0.000773    0.000023
   -3    3   -2    4    4    0.000694   -0.000044
   -3    3   -1    1    1   -0.003208   -0.000028
   -3    3   -1    2    1   -0.000903   -0.000013
   -3    3   -1    3    1    0.000611    0.000042
   -3    3   -1    4    1    0.002322   -0.000012
   -3    3   -1    1    2    0.000084   -0.000026
   -3    3   -1    2    2    0.000470   -0.000039
   -3    3   -1    3    2   -0.001056    0.000005
   -3    3   -1    4    2    0.000630    0.000072
   -3    3   -1    1    3    0.001248   -0.000004
   -3    3   -1    2    3   -0.000264    0.000036
   -3    3   -1    3    3    0.000407   -0.000014
   -3    3   -1    4    3   -0.000844   -0.000036
   -3    3   -1    1    4    0.003221    0.000077
   -3    3   -1    2    4    0.001236    0.000008
   -3    3   -1    3    4    0.000181   -0.000024
   -3    3   -1    4    4   -0.003302   -0.000047
   -3    3    0    1    1    0.033156   -0.000013
   -3    3    0    2    1    0.004825   -0.000012
   -3    3    0    3    1    0.004811    0.000032
   -3    3    0    4    1   -0.032554   -0.000025
   -3    3    0    1    2   -0.002365   -0.000037
   -3    3    0    2    2   -0.002813   -0.000017
   -3    3    0    3    2   -0.001678    0.000027
   -3    3    0    4    2    0.004854    0.000044
   -3    3    0    1    3   -0.002441   -0.000021
   -3    3    0    2    3   -0.001630    0.000008
   -3    3    0    3    3   -0.002835    0.000020
   -3    3    0    4    3    0.004888   -0.000030
   -3    3    0    1    4   -0.042292    0.000096
   -3    3    0    2    4   -0.002396    0.000014
   -3    3    0    3    4   -0.002274   -0.000075
   -3    3    0    4    4    0.033019   -0.000011
   -3    3    1    1    1   -0.003234    0.000017
   -3    3    1    2    1    0.000590    0.000020
   -3    3    1    3    1   -0.000824   -0.000007
   -3    3    1    4    1    0.002281   -0.000031
   -3    3    1    1    2    0.001205   -0.000049
   -3    3    1    2    2    0.000433    0.000007
   -3    3    1    3    2   -0.000292    0.000039
   -3    3    1    4    2   -0.000807    0.000011
   -3    3    1    1    3    0.000065   -0.000012
   -3    3    1    2    3   -0.000994   -0.000028
   -3    3    1    3    3    0.000461    0.000038
   -3    3    1    4    3    0.000605   -0.000011
   -3    3    1    1    4    0.003323    0.000047
   -3    3    1    2    4    0.000103   -0.000011
   -3    3    1    3    4    0.001200   -0.000066
   -3    3    1    4    4   -0.003272    0.000038
   -3    3    2    1    1    0.000713    0.000022
   -3    3    2    2    1    0.000232    0.000028
   -3    3    2    3    1   -0.000877   -0.000036
   -3    3    2    4    1   -0.000290   -0.000011
   -3    3    2    1    2    0.000302   -0.000012
   -3    3    2    2    2    0.000348    0.000027
   -3    3    2    3    2    0.000242    0.000029
   -3    3    2    4    2   -0.000864   -0.000040
   -3    3    2    1    3   -0.000867    0.000005
   -3    3    2    2    3    0.000228   -0.000051
   -3    3    2    3    3    0.000404    0.000030
   -3    3    2    4    3    0.000203    0.000009
   -3    3    2    1    4    0.000042   -0.000018
   -3    3    2    2    4   -0.000843   -0.000010
   -3    3    2    3    4    0.000267   -0.000022
   -3    3    2    4    4    0.000729    0.000054
   -3    3    3    1    1    0.000002    0.000012
   -3    3    3    2    1    0.000245    0.000021
   -3    3    3    3    1   -0.000445   -0.000043
   -3    3    3    4    1    0.000209    0.000012
   -3    3    3    1    2    0.000205    0.000014
   -3    3    3    2    2   -0.000008    0.000031
   -3    3    3    3    2    0.000258    0.000009
   -3    3    3    4    2   -0.000442   -0.000053
   -3    3    3    1    3   -0.000454    0.000014
   -3    3    3    2    3    0.000215   -0.000048
   -3    3    3    3    3    0.000045    0.000013
   -3    3    3    4    3    0.000206    0.000017
   -3    3    3    1    4    0.000259   -0.000044
   -3    3    3    2    4   -0.000441   -0.000006
   -3    3    3    3    4    0.000162    0.000021
   -3    3    3    4    4    0.000043    0.000031
   -3    3    4    1    1   -0.000177    0.000003
   -3    3    4    2    1    0.000083    0.000009
   -3    3    4    3    1    0.000060   -0.000026
   -3    3    4    4    1   -0.000019    0.000014
   -3    3    4    1    2    0.000079    0.000028
   -3    3    4    2    2   -0.000281    0.000015
   -3    3    4    3    2    0.000194   -0.000005
   -3    3    4    4    2    0.000054   -0.000036
   -3    3    4    1    3    0.000096    0.000011
   -3    3    4    2    3    0.000144   -0.000022
   -3    3    4    3    3   -0.000265   -0.000009
   -3    3    4    4    3    0.000067    0.000014
   -3    3    4    1    4    0.000021   -0.000043
   -3    3    4    2    4    0.000096   -0.000002
   -3    3    4    3    4    0.000061    0.000043
   -3    3    4    4    4   -0.000145    0.000006
   -3    4   -4    1    1   -0.000288    0.000000
   -3    4   -4    2    1    0.000098   -0.000011
   -3    4   -4    3    1    0.000163   -0.000014
   -3    4   -4    4    1    0.000076    0.000027
   -3    4   -4    1    2    0.000076    0.000023
   -3    4   -4    2    2   -0.000160   -0.000006
   -3    4   -4    3    2    0.000073   -0.000001
   -3    4   -4    4    2   -0.000045   -0.000009
   -3    4   -4    1    3    0.000173    0.000028
   -3    4   -4    2    3    0.000072   -0.000009
   -3    4   -4    3    3   -0.000264   -0.000016
   -3    4   -4    4    3    0.000055   -0.000011
   -3    4   -4    1    4    0.000075   -0.000050
   -3    4   -4    2    4    0.000015    0.000023
   -3    4   -4    3    4    0.000083    0.000038
   -3    4   -4    4    4   -0.000136   -0.000010
   -3    4   -3    1    1    0.000259   -0.000014
   -3    4   -3    2    1   -0.000183   -0.000020
   -3    4   -3    3    1   -0.000038    0.000014
   -3    4   -3    4    1    0.000009    0.000022
   -3    4   -3    1    2   -0.000305    0.000010
   -3    4   -3    2    2    0.000027   -0.000031
   -3    4   -3    3    2    0.000074   -0.000002
   -3    4   -3    4    2    0.000044    0.000032
   -3    4   -3    1    3    0.000031    0.000034
   -3    4   -3    2    3    0.000179    0.000007
   -3    4   -3    3    3   -0.000279   -0.000037
   -3    4   -3    4    3    0.000135   -0.000013
   -3    4   -3    1    4   -0.000041   -0.000026
   -3    4   -3    2    4    0.000186    0.000040
   -3    4   -3    3    4    0.000185    0.000032
   -3    4   -3    4    4   -0.000254   -0.000046
   -3    4   -2    1    1    0.000660   -0.000029
   -3    4   -2    2    1   -0.000162   -0.000019
   -3    4   -2    3    1   -0.000306    0.000045
   -3    4   -2    4    1   -0.000444   -0.000002
   -3    4   -2    1    2   -0.000023   -0.000020
   -3    4   -2    2    2   -0.000023   -0.000034
   -3    4   -2    3    2   -0.000168   -0.000001
   -3    4   -2    4    2    0.000290    0.000066
   -3    4   -2    1    3   -0.000070    0.000015
   -3    4   -2    2    3   -0.000088    0.000010
   -3    4   -2    3    3    0.000215   -0.000035
   -3    4   -2    4    3    0.000103   -0.000000
   -3    4   -2    1    4   -0.000389    0.000042
   -3    4   -2    2    4    0.000339    0.000037
   -3    4   -2    3    4    0.000176   -0.000001
   -3    4   -2    4    4    0.000006   -0.000073
   -3    4   -1    1    1   -0.000182   -0.000022
   -3    4   -1    2    1   -0.000442   -0.000003
   -3    4   -1    3    1   -0.000185    0.000055
   -3    4   -1    4    1    0.001573   -0.000045
   -3    4   -1    1    2   -0.000991   -0.000045
   -3    4   -1    2    2    0.000360   -0.000010
   -3    4   -1    3    2   -0.000243    0.000004
   -3    4   -1    4    2    0.000268    0.000063
   -3    4   -1    1    3   -0.000136   -0.000006
   -3    4   -1    2    3   -0.000360    0.000002
   -3    4   -1    3    3   -0.000768   -0.000009
   -3    4   -1    4    3    0.000937    0.000002
   -3    4   -1    1    4    0.000974    0.000096
   -3    4   -1    2    4    0.000260    0.000004
   -3    4   -1    3    4    0.001451   -0.000044
   -3    4   -1    4    4   -0.003062   -0.000038
   -3    4    0    1    1   -0.000198    0.000016
   -3    4    0    2    1   -0.000197    0.000017
   -3    4    0    3    1   -0.000377    0.000028
   -3    4    0    4    1    0.001529   -0.000067
   -3    4    0    1    2   -0.000171   -0.000054
   -3    4    0    2    2   -0.000746    0.000021
   -3    4    0    3    2   -0.000376    0.000014
   -3    4    0    4    2    0.000958    0.000024
   -3    4    0    1    3   -0.000993   -0.000018
   -3    4    0    2    3   -0.000218   -0.000013
   -3    4    0    3    3    0.000337    0.000022
   -3    4    0    4    3    0.000280   -0.000004
   -3    4    0    1    4    0.001032    0.000068
   -3    4    0    2    4    0.001401   -0.000033
   -3    4    0    3    4    0.000250   -0.000061
   -3    4    0    4    4   -0.003053    0.000036
   -3    4    1    1    1    0.000639    0.000032
   -3    4    1    2    1   -0.000267    0.000022
   -3    4    1    3    1   -0.000093   -0.000011
   -3    4    1    4    1   -0.000538   -0.000044
   -3    4    1    1    2   -0.000133   -0.000024
   -3    4    1    2    2    0.000231    0.000043
   -3    4    1    3    2   -0.000084    0.000017
   -3    4    1    4    2    0.000144   -0.000032
   -3    4    1    1    3   -0.000055   -0.000011
   -3    4    1    2    3   -0.000150   -0.000030
   -3    4    1    3    3   -0.000039    0.000038
   -3    4    1    4    3    0.000327   -0.000008
   -3    4    1    1    4   -0.000266    0.000002
   -3    4    1    2    4    0.000094   -0.000042
   -3    4    1    3    4    0.000292   -0.000037
   -3    4    1    4    4    0.000020    0.000082
   -3    4    2    1    1    0.000246    0.000023
   -3    4    2    2    1    0.000006    0.000006
   -3    4    2    3    1   -0.000152   -0.000033
   -3    4    2    4    1   -0.000062    0.000005
   -3    4    2    1    2   -0.000016    0.000011
   -3    4    2    2    2   -0.000280    0.000042
   -3    4    2    3    2    0.000203    0.000008
   -3    4    2    4    2    0.000162   -0.000058
   -3    4    2    1    3   -0.000333    0.000004
   -3    4    2    2    3    0.000072   -0.000038
   -3    4    2    3    3    0.000031    0.000032
   -3    4    2    4    3    0.000071   -0.000009
   -3    4    2    1    4    0.000051   -0.000041
   -3    4    2    2    4    0.000135   -0.000015
   -3    4    2    3    4    0.000136    0.000001
   -3    4    2    4    4   -0.000240    0.000062
   -3    4    3    1    1   -0.000292    0.000010
   -3    4    3    2    1    0.000188   -0.000004
   -3    4    3    3    1    0.000094   -0.000031
   -3    4    3    4    1    0.000055    0.000027
   -3    4    3    1    2    0.000163    0.000024
   -3    4    3    2    2   -0.000282    0.000023
   -3    4    3    3    2    0.000102    0.000001
   -3    4    3    4    2    0.000057   -0.000043
   -3    4    3    1    3    0.000062    0.000014
   -3    4    3    2    3    0.000052   -0.000029
   -3    4    3    3    3   -0.000140    0.000011
   -3    4    3    4    3   -0.000033   -0.000007
   -3    4    3    1    4    0.000103   -0.000050
   -3    4    3    2    4    0.000087    0.000007
   -3    4    3    3    4   -0.000021    0.000028
   -3    4    3    4    4   -0.000130    0.000021
   -3    5   -3    1    1    0.000931   -0.000028
   -3    5   -3    2    1    0.000210   -0.000015
   -3    5   -3    3    1   -0.000584    0.000030
   -3    5   -3    4    1   -0.000497    0.000016
   -3    5   -3    1    2    0.000075   -0.000012
   -3    5   -3    2    2   -0.000270   -0.000038
   -3    5   -3    3    2    0.000041    0.000012
   -3    5   -3    4    2    0.000034    0.000051
   -3    5   -3    1    3   -0.000529    0.000037
   -3    5   -3    2    3    0.000217   -0.000001
   -3    5   -3    3    3    0.000937   -0.000043
   -3    5   -3    4    3   -0.000586    0.000005
   -3    5   -3    1    4   -0.000613    0.000007
   -3    5   -3    2    4    0.000238    0.000052
   -3    5   -3    3    4   -0.000507    0.000006
   -3    5   -3    4    4    0.000921   -0.000072
   -3    5   -2    1    1    0.000244   -0.000026
   -3    5   -2    2    1    0.000351   -0.000001
   -3    5   -2    3    1   -0.000434    0.000058
   -3    5   -2    4    1   -0.000116   -0.000035
   -3    5   -2    1    2    0.000206   -0.000034
   -3    5   -2    2    2   -0.000846   -0.000015
   -3    5   -2    3    2    0.000368    0.000001
   -3    5   -2    4    2    0.000207    0.000058
   -3    5   -2    1    3   -0.000325    0.000004
   -3    5   -2    2    3    0.000162   -0.000006
   -3    5   -2    3    3    0.000373   -0.000037
   -3    5   -2    4    3   -0.000337    0.000034
   -3    5   -2    1    4   -0.000223    0.000065
   -3    5   -2    2    4    0.000419    0.000020
   -3    5   -2    3    4   -0.000350   -0.000019
   -3    5   -2    4    4    0.000167   -0.000062
   -3    5   -1    1    1    0.001659    0.000005
   -3    5   -1    2    1   -0.000503    0.000020
   -3    5   -1    3    1   -0.000482    0.000048
   -3    5   -1    4    1   -0.000586   -0.000078
   -3    5   -1    1    2   -0.000479   -0.000047
   -3    5   -1    2    2    0.000351    0.000024
   -3    5   -1    3    2    0.000253   -0.000008
   -3    5   -1    4    2   -0.000438    0.000034
   -3    5   -1    1    3   -0.000469   -0.000020
   -3    5   -1    2    3    0.000244   -0.000015
   -3    5   -1    3    3    0.000331   -0.000005
   -3    5   -1    4    3   -0.000410    0.000032
   -3    5   -1    1    4   -0.000607    0.000075
   -3    5   -1    2    4   -0.000452   -0.000033
   -3    5   -1    3    4   -0.000450   -0.000035
   -3    5   -1    4    4    0.001566    0.000002
   -3    5    0    1    1    0.000229    0.000032
   -3    5    0    2    1   -0.000389    0.000025
   -3    5    0    3    1    0.000407    0.000014
   -3    5    0    4    1   -0.000208   -0.000075
   -3    5    0    1    2   -0.000373   -0.000033
   -3    5    0    2    2    0.000377    0.000055
   -3    5    0    3    2    0.000172   -0.000010
   -3    5    0    4    2   -0.000302   -0.000012
   -3    5    0    1    3    0.000185   -0.000026
   -3    5    0    2    3    0.000364   -0.000021
   -3    5    0    3    3   -0.000874    0.000031
   -3    5    0    4    3    0.000271    0.000006
   -3    5    0    1    4   -0.000138    0.000030
   -3    5    0    2    4   -0.000407   -0.000063
   -3    5    0    3    4    0.000390   -0.000034
   -3    5    0    4    4    0.000163    0.000071
   -3    5    1    1    1    0.000920    0.000031
   -3    5    1    2    1   -0.000511    0.000002
   -3    5    1    3    1    0.000250   -0.000013
   -3    5    1    4    1   -0.000609   -0.000024
   -3    5    1    1    2   -0.000580    0.000006
   -3    5    1    2    2    0.000924    0.000059
   -3    5    1    3    2    0.000226   -0.000009
   -3    5    1    4    2   -0.000527   -0.000052
   -3    5    1    1    3    0.000034   -0.000015
   -3    5    1    2    3    0.000043   -0.000026
   -3    5    1    3    3   -0.000285    0.000045
   -3    5    1    4    3    0.000092   -0.000019
   -3    5    1    1    4   -0.000511   -0.000025
   -3    5    1    2    4   -0.000582   -0.000040
   -3    5    1    3    4    0.000213   -0.000017
   -3    5    1    4    4    0.000920    0.000087
   -2   -4    2    1    1    0.000059    0.000018
   -2   -4    2    2    1   -0.000639    0.000011
   -2   -4    2    3    1    0.000316   -0.000037
   -2   -4    2    4    1    0.000266    0.000011
   -2   -4    2    1    2   -0.000690    0.000013
   -2   -4    2    2    2    0.000055    0.000043
   -2   -4    2    3    2    0.000339    0.000002
   -2   -4    2    4    2    0.000290   -0.000057
   -2   -4    2    1    3    0.000274    0.000015
   -2   -4    2    2    3    0.000258   -0.000059
   -2   -4    2    3    3   -0.000404    0.000020
   -2   -4    2    4    3   -0.000128    0.000013
   -2   -4    2    1    4    0.000345   -0.000050
   -2   -4    2    2    4    0.000325    0.000003
   -2   -4    2    3    4   -0.000192    0.000025
   -2   -4    2    4    4   -0.000414    0.000031
   -2   -4    3    1    1    0.000251    0.000008
   -2   -4    3    2    1    0.000034    0.000002
   -2   -4    3    3    1   -0.000004   -0.000021
   -2   -4    3    4    1   -0.000323    0.000013
   -2   -4    3    1    2   -0.000027    0.000030
   -2   -4    3    2    2   -0.000255    0.000022
   -2   -4    3    3    2    0.000155   -0.000016
   -2   -4    3    4    2    0.000051   -0.000034
   -2   -4    3    1    3   -0.000027    0.000017
   -2   -4    3    2    3    0.000097   -0.000030
   -2   -4    3    3    3   -0.000231   -0.000006
   -2   -4    3    4    3    0.000078    0.000009
   -2   -4    3    1    4   -0.000171   -0.000056
   -2   -4    3    2    4    0.000198    0.000005
   -2   -4    3    3    4    0.000165    0.000049
   -2   -4    3    4    4    0.000035    0.000007
   -2   -4    4    1    1    0.000069   -0.000003
   -2   -4    4    2    1    0.000330   -0.000013
   -2   -4    4    3    1   -0.000688    0.000011
   -2   -4    4    4    1    0.000299    0.000008
   -2   -4    4    1    2    0.000294    0.000031
   -2   -4    4    2    2   -0.000421   -0.000009
   -2   -4    4    3    2    0.000285   -0.000023
   -2   -4    4    4    2   -0.000150    0.000007
   -2   -4    4    1    3   -0.000660    0.000023
   -2   -4    4    2    3    0.000280    0.000008
   -2   -4    4    3    3    0.000064   -0.000030
   -2   -4    4    4    3    0.000302   -0.000010
   -2   -4    4    1    4    0.000286   -0.000048
   -2   -4    4    2    4   -0.000139    0.000012
   -2   -4    4    3    4    0.000349    0.000047
   -2   -4    4    4    4   -0.000439   -0.000010
   -2   -3    0    1    1    0.000233    0.000033
   -2   -3    0    2    1   -0.000141    0.000021
   -2   -3    0    3    1    0.000401   -0.000008
   -2   -3    0    4    1   -0.000458   -0.000042
   -2   -3    0    1    2   -0.000201   -0.000026
   -2   -3    0    2    2    0.000229    0.000060
   -2   -3    0    3    2    0.000372    0.000012
   -2   -3    0    4    2   -0.000377   -0.000044
   -2   -3    0    1    3    0.000175   -0.000008
   -2   -3    0    2    3    0.000198   -0.000035
   -2   -3    0    3    3   -0.000844    0.000046
   -2   -3    0    4    3    0.000404   -0.000011
   -2   -3    0    1    4   -0.000302   -0.000002
   -2   -3    0    2    4   -0.000366   -0.000044
   -2   -3    0    3    4    0.000163   -0.000048
   -2   -3    0    4    4    0.000376    0.000085
   -2   -3    1    1    1    0.000061    0.000030
   -2   -3    1    2    1   -0.000272    0.000004
   -2   -3    1    3    1    0.000326   -0.000033
   -2   -3    1    4    1    0.000034    0.000000
   -2   -3    1    1    2   -0.000520    0.000017
   -2   -3    1    2    2    0.000661    0.000057
   -2   -3    1    3    2   -0.000127    0.000005
   -2   -3    1    4    2   -0.000280   -0.000071
   -2   -3    1    1    3    0.000272   -0.000002
   -2   -3    1    2    3   -0.000062   -0.000050
   -2   -3    1    3    3    0.000015    0.000045
   -2   -3    1    4    3   -0.000162   -0.000010
   -2   -3    1    1    4    0.000129   -0.000049
   -2   -3    1    2    4   -0.000131   -0.000013
   -2   -3    1    3    4   -0.000138   -0.000004
   -2   -3    1    4    4    0.000308    0.000069
   -2   -3    2    1    1    0.000726    0.000021
   -2   -3    2    2    1    0.000021   -0.000012
   -2   -3    2    3    1    0.000326   -0.000036
   -2   -3    2    4    1   -0.000882    0.000031
   -2   -3    2    1    2   -0.000252    0.000037
   -2   -3    2    2    2    0.000752    0.000028
   -2   -3    2    3    2   -0.000911   -0.000004
   -2   -3    2    4    2    0.000186   -0.000053
   -2   -3    2    1    3    0.000195    0.000009
   -2   -3    2    2    3   -0.000896   -0.000038
   -2   -3    2    3    3    0.000449    0.000020
   -2   -3    2    4    3    0.000200   -0.000007
   -2   -3    2    1    4   -0.000897   -0.000067
   -2   -3    2    2    4    0.000319    0.000019
   -2   -3    2    3    4    0.000178    0.000034
   -2   -3    2    4    4    0.000451    0.000021
   -2   -3    3    1    1    0.000732    0.000003
   -2   -3    3    2    1    0.000351   -0.000017
   -2   -3    3    3    1   -0.000039   -0.000016
   -2   -3    3    4    1   -0.000849    0.000037
   -2   -3    3    1    2    0.000247    0.000031
   -2   -3    3    2    2    0.000420   -0.000010
   -2   -3    3    3    2   -0.000871   -0.000006
   -2   -3    3    4    2    0.000159   -0.000004
   -2   -3    3    1    3   -0.000271    0.000028
   -2   -3    3    2    3   -0.000950   -0.000009
   -2   -3    3    3    3    0.000786   -0.000016
   -2   -3    3    4    3    0.000203   -0.000015
   -2   -3    3    1    4   -0.000935   -0.000060
   -2   -3    3    2    4    0.000216    0.000033
   -2   -3    3    3    4    0.000325    0.000047
   -2   -3    3    4    4    0.000440   -0.000020
   -2   -3    4    1    1    0.000079   -0.000022
   -2   -3    4    2    1    0.000316   -0.000021
   -2   -3    4    3    1   -0.000358    0.000025
   -2   -3    4    4    1    0.000117    0.000024
   -2   -3    4    1    2    0.000324    0.000015
   -2   -3    4    2    2    0.000012   -0.000040
   -2   -3    4    3    2   -0.000066   -0.000004
   -2   -3    4    4    2   -0.000202    0.000044
   -2   -3    4    1    3   -0.000491    0.000029
   -2   -3    4    2    3   -0.000159    0.000017
   -2   -3    4    3    3    0.000681   -0.000043
   -2   -3    4    4    3   -0.000305   -0.000013
   -2   -3    4    1    4    0.000034   -0.000020
   -2   -3    4    2    4   -0.000103    0.000044
   -2   -3    4    3    4   -0.000056    0.000028
   -2   -3    4    4    4    0.000285   -0.000055
   -2   -3    5    1    1    0.000259   -0.000033
   -2   -3    5    2    1    0.000353   -0.000025
   -2   -3    5    3    1   -0.000205    0.000062
   -2   -3    5    4    1   -0.000372   -0.000006
   -2   -3    5    1    2    0.000217   -0.000008
   -2   -3    5    2    2   -0.000818   -0.000043
   -2   -3    5    3    2    0.000168   -0.000006
   -2   -3    5    4    2    0.000365    0.000072
   -2   -3    5    1    3   -0.000164   -0.000001
   -2   -3    5    2    3    0.000367    0.000026
   -2   -3    5    3    3    0.000228   -0.000043
   -2   -3    5    4    3   -0.000408    0.000010
   -2   -3    5    1    4   -0.000401    0.000044
   -2   -3    5    2    4    0.000175    0.000046
   -2   -3    5    3    4   -0.000263   -0.000010
   -2   -3    5    4    4    0.000357   -0.000075
   -2   -2   -2    1    1   -0.002450   -0.000001
   -2   -2   -2    2    1    0.000814    0.000022
   -2   -2   -2    3    1    0.000841    0.000034
   -2   -2   -2    4    1    0.000835   -0.000056
   -2   -2   -2    1    2    0.000826   -0.000029
   -2   -2   -2    2    2   -0.002473    0.000019
   -2   -2   -2    3    2    0.000822   -0.000013
   -2   -2   -2    4    2    0.000871    0.000024
   -2   -2   -2    1    3    0.000825   -0.000032
   -2   -2   -2    2    3    0.000829   -0.000001
   -2   -2   -2    3    3   -0.002508   -0.000008
   -2   -2   -2    4    3    0.000904    0.000037
   -2   -2   -2    1    4    0.000838    0.000064
   -2   -2   -2    2    4    0.000874   -0.000031
   -2   -2   -2    3    4    0.000895   -0.000027
   -2   -2   -2    4    4   -0.002547   -0.000004
   -2   -2   -1    1    1    0.000316    0.000022
   -2   -2   -1    2    1   -0.000281    0.000029
   -2   -2   -1    3    1    0.000357    0.000004
   -2   -2   -1    4    1   -0.000508   -0.000056
   -2   -2   -1    1    2   -0.000195   -0.000020
   -2   -2   -1    2    2   -0.000352    0.000061
   -2   -2   -1    3    2    0.000732   -0.000016
   -2   -2   -1    4    2   -0.000142   -0.000024
   -2   -2   -1    1    3    0.000399   -0.000032
   -2   -2   -1    2    3    0.000541   -0.000015
   -2   -2   -1    3    3   -0.001336    0.000036
   -2   -2   -1    4    3    0.000502    0.000007
   -2   -2   -1    1    4   -0.000439    0.000031
   -2   -2   -1    2    4   -0.000310   -0.000065
   -2   -2   -1    3    4    0.000384   -0.000035
   -2   -2   -1    4    4    0.000254    0.000061
   -2   -2    0    1    1   -0.001177    0.000032
   -2   -2    0    2    1   -0.000377    0.000013
   -2   -2    0    3    1   -0.000528   -0.000018
   -2   -2    0    4    1    0.001739   -0.000029
   -2   -2    0    1    2   -0.000308    0.000017
   -2   -2    0    2    2    0.000820    0.000068
   -2   -2    0    3    2    0.000165   -0.000011
   -2   -2    0    4    2   -0.000264   -0.000061
   -2   -2    0    1    3   -0.000185   -0.000027
   -2   -2    0    2    3   -0.000239   -0.000026
   -2   -2    0    3    3    0.000504    0.000059
   -2   -2    0    4    3   -0.000114   -0.000020
   -2   -2    0    1    4    0.001853   -0.000022
   -2   -2    0    2    4   -0.000487   -0.000051
   -2   -2    0    3    4   -0.000544   -0.000027
   -2   -2    0    4    4   -0.001166    0.000088
   -2   -2    1    1    1   -0.000052    0.000029
   -2   -2    1    2    1    0.001173   -0.000011
   -2   -2    1    3    1    0.000465   -0.000032
   -2   -2    1    4    1   -0.000992    0.000018
   -2   -2    1    1    2    0.000489    0.000051
   -2   -2    1    2    2    0.000537    0.000038
   -2   -2    1    3    2   -0.002473   -0.000005
   -2   -2    1    4    2    0.000470   -0.000067
   -2   -2    1    1    3    0.000171   -0.000014
   -2   -2    1    2    3   -0.001944   -0.000028
   -2   -2    1    3    3    0.001638    0.000048
   -2   -2    1    4    3    0.000209   -0.000026
   -2   -2    1    1    4   -0.000898   -0.000066
   -2   -2    1    2    4    0.001058    0.000003
   -2   -2    1    3    4    0.000424    0.000005
   -2   -2    1    4    4    0.000020    0.000056
   -2   -2    2    1    1    0.001642    0.000013
   -2   -2    2    2    1    0.000896   -0.000027
   -2   -2    2    3    1    0.000858   -0.000035
   -2   -2    2    4    1   -0.002868    0.000057
   -2   -2    2    1    2    0.000391    0.000044
   -2   -2    2    2    2    0.001693   -0.000011
   -2   -2    2    3    2   -0.002884    0.000010
   -2   -2    2    4    2    0.000284   -0.000028
   -2   -2    2    1    3    0.000318    0.000014
   -2   -2    2    2    3   -0.002881   -0.000015
   -2   -2    2    3    3    0.001720    0.000009
   -2   -2    2    4    3    0.000320   -0.000023
   -2   -2    2    1    4   -0.002869   -0.000069
   -2   -2    2    2    4    0.000830    0.000056
   -2   -2    2    3    4    0.000844    0.000028
   -2   -2    2    4    4    0.001740   -0.000011
   -2   -2    3    1    1   -0.000042   -0.000017
   -2   -2    3    2    1    0.000455   -0.000022
   -2   -2    3    3    1    0.001082   -0.000004
   -2   -2    3    4    1   -0.000898    0.000054
   -2   -2    3    1    2    0.000254    0.000011
   -2   -2    3    2    2    0.001630   -0.000049
   -2   -2    3    3    2   -0.001953    0.000026
   -2   -2    3    4    2    0.000148    0.000030
   -2   -2    3    1    3    0.000480    0.000037
   -2   -2    3    2    3   -0.002475    0.000004
   -2   -2    3    3    3    0.000569   -0.000035
   -2   -2    3    4    3    0.000438   -0.000014
   -2   -2    3    1    4   -0.000977   -0.000030
   -2   -2    3    2    4    0.000440    0.000071
   -2   -2    3    3    4    0.001129    0.000014
   -2   -2    3    4    4    0.000013   -0.000064
   -2   -2    4    1    1   -0.001159   -0.000036
   -2   -2    4    2    1   -0.000563   -0.000009
   -2   -2    4    3    1   -0.000477    0.000038
   -2   -2    4    4    1    0.001858    0.000016
   -2   -2    4    1    2   -0.000137   -0.000008
   -2   -2    4    2    2    0.000526   -0.000057
   -2   -2    4    3    2   -0.000255    0.000020
   -2   -2    4    4    2   -0.000171    0.000064
   -2   -2    4    1    3   -0.000273    0.000023
   -2   -2    4    2    3    0.000161    0.000017
   -2   -2    4    3    3    0.000845   -0.000056
   -2   -2    4    4    3   -0.000332    0.000013
   -2   -2    4    1    4    0.001758    0.000021
   -2   -2    4    2    4   -0.000533    0.000057
   -2   -2    4    3    4   -0.000390   -0.000004
   -2   -2    4    4    4   -0.001172   -0.000084
   -2   -2    5    1    1    0.000332   -0.000027
   -2   -2    5    2    1    0.000312    0.000003
   -2   -2    5    3    1   -0.000326    0.000053
   -2   -2    5    4    1   -0.000433   -0.000029
   -2   -2    5    1    2    0.000423   -0.000018
   -2   -2    5    2    2   -0.001293   -0.000031
   -2   -2    5    3    2    0.000526    0.000001
   -2   -2    5    4    2    0.000442    0.000058
   -2   -2    5    1    3   -0.000173   -0.000013
   -2   -2    5    2    3    0.000731    0.000014
   -2   -2    5    3    3   -0.000355   -0.000046
   -2   -2    5    4    3   -0.000165    0.000041
   -2   -2    5    1    4   -0.000495    0.000060
   -2   -2    5    2    4    0.000381    0.000022
   -2   -2    5    3    4   -0.000240   -0.000016
   -2   -2    5    4    4    0.000255   -0.000063
   -2   -2    6    1    1   -0.002450   -0.000001
   -2   -2    6    2    1    0.000814    0.000022
   -2   -2    6    3    1    0.000841    0.000034
   -2   -2    6    4    1    0.000835   -0.000056
   -2   -2    6    1    2    0.000826   -0.000029
   -2   -2    6    2    2   -0.002473    0.000019
   -2   -2    6    3    2    0.000822   -0.000013
   -2   -2    6    4    2    0.000871    0.000024
   -2   -2    6    1    3    0.000825   -0.000032
   -2   -2    6    2    3    0.000829   -0.000001
   -2   -2    6    3    3   -0.002508   -0.000008
   -2   -2    6    4    3    0.000904    0.000037
   -2   -2    6    1    4    0.000838    0.000064
   -2   -2    6    2    4    0.000874   -0.000031
   -2   -2    6    3    4    0.000895   -0.000027
   -2   -2    6    4    4   -0.002547   -0.000004
   -2   -1   -2    1    1   -0.001273    0.000007
   -2   -1   -2    2    1    0.000542    0.000033
   -2   -1   -2    3    1    0.000422    0.000005
   -2   -1   -2    4    1    0.000399   -0.000048
   -2   -1   -2    1    2    0.000715   -0.000005
   -2   -1   -2    2    2   -0.000349    0.000051
   -2   -1   -2    3    2   -0.000163   -0.000041
   -2   -1   -2    4    2   -0.000153   -0.000007
   -2   -1   -2    1    3    0.000340   -0.000040
   -2   -1   -2    2    3   -0.000322   -0.000006
   -2   -1   -2    3    3    0.000256    0.000005
   -2   -1   -2    4    3   -0.000379    0.000037
   -2   -1   -2    1    4    0.000341    0.000040
   -2   -1   -2    2    4   -0.000274   -0.000067
   -2   -1   -2    3    4   -0.000425    0.000014
   -2   -1   -2    4    4    0.000248    0.000018
   -2   -1   -1    1    1    0.001366    0.000024
   -2   -1   -1    2    1   -0.001309    0.000017
   -2   -1   -1    3    1   -0.000727   -0.000002
   -2   -1   -1    4    1    0.000070   -0.000043
   -2   -1   -1    1    2   -0.000344    0.000016
   -2   -1   -1    2    2    0.002954    0.000070
   -2   -1   -1    3    2   -0.000326   -0.000046
   -2   -1   -1    4    2   -0.000990   -0.000033
   -2   -1   -1    1    3   -0.000758   -0.000053
   -2   -1   -1    2    3   -0.001349    0.000004
   -2   -1   -1    3    3    0.001311    0.000045
   -2   -1   -1    4    3    0.000210   -0.000003
   -2   -1   -1    1    4   -0.000266    0.000018
   -2   -1   -1    2    4   -0.002241   -0.000079
   -2   -1   -1    3    4   -0.000246   -0.000008
   -2   -1   -1    4    4    0.002008    0.000061
   -2   -1    0    1    1   -0.003851    0.000032
   -2   -1    0    2    1    0.000385   -0.000005
   -2   -1    0    3    1   -0.001303   -0.000008
   -2   -1    0    4    1    0.004045   -0.000017
   -2   -1    0    1    2    0.000547    0.000049
   -2   -1    0    2    2    0.003780    0.000047
   -2   -1    0    3    2   -0.002047   -0.000024
   -2   -1    0    4    2    0.000664   -0.000048
   -2   -1    0    1    3   -0.001649   -0.000042
   -2   -1    0    2    3   -0.004111    0.000010
   -2   -1    0    3    3    0.001461    0.000058
   -2   -1    0    4    3    0.002905   -0.000040
   -2   -1    0    1    4    0.005474   -0.000031
   -2   -1    0    2    4   -0.000977   -0.000046
   -2   -1    0    3    4    0.002706   -0.000024
   -2   -1    0    4    4   -0.008678    0.000075
   -2   -1    1    1    1    0.000813    0.000019
   -2   -1    1    2    1    0.005755   -0.000020
   -2   -1    1    3    1    0.003048   -0.000028
   -2   -1    1    4    1   -0.005832    0.000040
   -2   -1    1    1    2    0.002262    0.000066
   -2   -1    1    2    2   -0.004697   -0.000005
   -2   -1    1    3    2   -0.005825    0.000004
   -2   -1    1    4    2    0.004150   -0.000045
   -2   -1    1    1    3    0.000167   -0.000013
   -2   -1    1    2    3   -0.004051    0.000005
   -2   -1    1    3    3    0.000873    0.000032
   -2   -1    1    4    3    0.002203   -0.000038
   -2   -1    1    1    4   -0.004045   -0.000068
   -2   -1    1    2    4    0.008444    0.000037
   -2   -1    1    3    4    0.005702   -0.000000
   -2   -1    1    4    4   -0.004656    0.000027
   -2   -1    2    1    1    0.000818   -0.000008
   -2   -1    2    2    1    0.003028   -0.000028
   -2   -1    2    3    1    0.005699   -0.000023
   -2   -1    2    4    1   -0.005767    0.000071
   -2   -1    2    1    2    0.000272    0.000023
   -2   -1    2    2    2    0.000864   -0.000053
   -2   -1    2    3    2   -0.004099    0.000044
   -2   -1    2    4    2    0.002160    0.000005
   -2   -1    2    1    3    0.002207    0.000033
   -2   -1    2    2    3   -0.005767    0.000003
   -2   -1    2    3    3   -0.004670   -0.000024
   -2   -1    2    4    3    0.004117   -0.000019
   -2   -1    2    1    4   -0.004092   -0.000045
   -2   -1    2    2    4    0.005657    0.000103
   -2   -1    2    3    4    0.008538   -0.000015
   -2   -1    2    4    4   -0.004656   -0.000045
   -2   -1    3    1    1   -0.003840   -0.000033
   -2   -1    3    2    1   -0.001356   -0.000003
   -2   -1    3    3    1    0.000306    0.000002
   -2   -1    3    4    1    0.004174    0.000050
   -2   -1    3    1    2   -0.001589   -0.000020
   -2   -1    3    2    2    0.001469   -0.000069
   -2   -1    3    3    2   -0.004131    0.000049
   -2   -1    3    4    2    0.002851    0.000058
   -2   -1    3    1    3    0.000578    0.000048
   -2   -1    3    2    3   -0.002011    0.000004
   -2   -1    3    3    3    0.003814   -0.000054
   -2   -1    3    4    3    0.000551    0.000008
   -2   -1    3    1    4    0.005386    0.000001
   -2   -1    3    2    4    0.002714    0.000085
   -2   -1    3    3    4   -0.000902   -0.000024
   -2   -1    3    4    4   -0.008665   -0.000086
   -2   -1    4    1    1    0.001376   -0.000031
   -2   -1    4    2    1   -0.000765    0.000020
   -2   -1    4    3    1   -0.001376    0.000019
   -2   -1    4    4    1    0.000171   -0.000002
   -2   -1    4    1    2   -0.000743   -0.000020
   -2   -1    4    2    2    0.001347   -0.000044
   -2   -1    4    3    2   -0.001338    0.000024
   -2   -1    4    4    2    0.000136    0.000051
   -2   -1    4    1    3   -0.000312    0.000018
   -2   -1    4    2    3   -0.000328    0.000001
   -2   -1    4    3    3    0.002973   -0.000059
   -2   -1    4    4    3   -0.001055    0.000047
   -2   -1    4    1    4   -0.000318    0.000032
   -2   -1    4    2    4   -0.000238    0.000035
   -2   -1    4    3    4   -0.002197   -0.000010
   -2   -1    4    4    4    0.002026   -0.000070
   -2   -1    5    1    1   -0.001267   -0.000012
   -2   -1    5    2    1    0.000396    0.000032
   -2   -1    5    3    1    0.000530    0.000019
   -2   -1    5    4    1    0.000435   -0.000039
   -2   -1    5    1    2    0.000320   -0.000013
   -2   -1    5    2    2    0.000299    0.000005
   -2   -1    5    3    2   -0.000288   -0.000010
   -2   -1    5    4    2   -0.000442    0.000020
   -2   -1    5    1    3    0.000745   -0.000016
   -2   -1    5    2    3   -0.000192   -0.000007
   -2   -1    5    3    3   -0.000370   -0.000038
   -2   -1    5    4    3   -0.000142    0.000059
   -2   -1    5    1    4    0.000326    0.000042
   -2   -1    5    2    4   -0.000409   -0.000021
   -2   -1    5    3    4   -0.000274    0.000010
   -2   -1    5    4    4    0.000257   -0.000027
   -2    0   -3    1    1   -0.000811   -0.000002
   -2    0   -3    2    1    0.000189    0.000039
   -2    0   -3    3    1    0.000188    0.000000
   -2    0   -3    4    1    0.000366   -0.000041
   -2    0   -3    1    2    0.000342    0.000003
   -2    0   -3    2    2    0.000231    0.000038
   -2    0   -3    3    2   -0.000135   -0.000037
   -2    0   -3    4    2   -0.000402   -0.000009
   -2    0   -3    1    3    0.000392   -0.000021
   -2    0   -3    2    3   -0.000214   -0.000014
   -2    0   -3    3    3    0.000204   -0.000022
   -2    0   -3    4    3   -0.000354    0.000060
   -2    0   -3    1    4    0.000152    0.000021
   -2    0   -3    2    4   -0.000293   -0.000051
   -2    0   -3    3    4   -0.000344    0.000040
   -2    0   -3    4    4    0.000351   -0.000005
   -2    0   -2    1    1    0.000525    0.000012
   -2    0   -2    2    1   -0.000223    0.000018
   -2    0   -2    3    1   -0.000158    0.000012
   -2    0   -2    4    1   -0.000181   -0.000046
   -2    0   -2    1    2    0.000146    0.000018
   -2    0   -2    2    2    0.000817    0.000057
   -2    0   -2    3    2   -0.000265   -0.000074
   -2    0   -2    4    2   -0.000274   -0.000005
   -2    0   -2    1    3   -0.000544   -0.000054
   -2    0   -2    2    3   -0.000465    0.000021
   -2    0   -2    3    3   -0.001237    0.000012
   -2    0   -2    4    3    0.001907    0.000018
   -2    0   -2    1    4   -0.000548    0.000027
   -2    0   -2    2    4   -0.000419   -0.000080
   -2    0   -2    3    4    0.001851    0.000038
   -2    0   -2    4    4   -0.001238    0.000023
   -2    0   -1    1    1    0.001464    0.000026
   -2    0   -1    2    1   -0.004100   -0.000017
   -2    0   -1    3    1   -0.001603    0.000024
   -2    0   -1    4    1    0.002844   -0.000035
   -2    0   -1    1    2   -0.002029    0.000030
   -2    0   -1    2    2    0.003769    0.000051
   -2    0   -1    3    2    0.000541   -0.000063
   -2    0   -1    4    2    0.000666   -0.000009
   -2    0   -1    1    3   -0.001360   -0.000058
   -2    0   -1    2    3    0.000348    0.000055
   -2    0   -1    3    3   -0.003886    0.000034
   -2    0   -1    4    3    0.004180   -0.000037
   -2    0   -1    1    4    0.002712    0.000012
   -2    0   -1    2    4   -0.000941   -0.000071
   -2    0   -1    3    4    0.005492   -0.000006
   -2    0   -1    4    4   -0.008751    0.000055
   -2    0    0    1    1   -0.010875    0.000021
   -2    0    0    2    1   -0.014428   -0.000030
   -2    0    0    3    1   -0.004646    0.000007
   -2    0    0    4    1    0.018666    0.000013
   -2    0    0    1    2    0.018775    0.000047
   -2    0    0    2    2    0.099040    0.000035
   -2    0    0    3    2    0.018649    0.000002
   -2    0    0    4    2   -0.087722   -0.000028
   -2    0    0    1    3   -0.004740   -0.000029
   -2    0    0    2    3   -0.014429    0.000034
   -2    0    0    3    3   -0.010842    0.000024
   -2    0    0    4    3    0.018709   -0.000051
   -2    0    0    1    4   -0.014473   -0.000025
   -2    0    0    2    4   -0.139538   -0.000029
   -2    0    0    3    4   -0.014365   -0.000059
   -2    0    0    4    4    0.099005    0.000038
   -2    0    1    1    1   -0.006073   -0.000005
   -2    0    1    2    1    0.017533   -0.000040
   -2    0    1    3    1    0.017541   -0.000047
   -2    0    1    4    1   -0.013977    0.000084
   -2    0    1    1    2    0.009300    0.000054
   -2    0    1    2    2   -0.021469   -0.000033
   -2    0    1    3    2    0.003139    0.000037
   -2    0    1    4    2    0.002187   -0.000028
   -2    0    1    1    3    0.009164    0.000020
   -2    0    1    2    3    0.003210    0.000042
   -2    0    1    3    3   -0.021446   -0.000015
   -2    0    1    4    3    0.002201   -0.000039
   -2    0    1    1    4   -0.030649   -0.000064
   -2    0    1    2    4   -0.000192    0.000066
   -2    0    1    3    4   -0.000054   -0.000043
   -2    0    1    4    4    0.024278    0.000001
   -2    0    2    1    1   -0.010853   -0.000029
   -2    0    2    2    1   -0.004694   -0.000014
   -2    0    2    3    1   -0.014268   -0.000063
   -2    0    2    4    1    0.018621    0.000102
   -2    0    2    1    2   -0.004654   -0.000023
   -2    0    2    2    2   -0.010875   -0.000063
   -2    0    2    3    2   -0.014447    0.000071
   -2    0    2    4    2    0.018679    0.000043
   -2    0    2    1    3    0.018838    0.000073
   -2    0    2    2    3    0.018774   -0.000004
   -2    0    2    3    3    0.098904   -0.000048
   -2    0    2    4    3   -0.087813   -0.000016
   -2    0    2    1    4   -0.014664   -0.000039
   -2    0    2    2    4   -0.014477    0.000123
   -2    0    2    3    4   -0.139497   -0.000053
   -2    0    2    4    4    0.099206   -0.000057
   -2    0    3    1    1    0.001462   -0.000030
   -2    0    3    2    1   -0.001645    0.000028
   -2    0    3    3    1   -0.004133   -0.000023
   -2    0    3    4    1    0.002934    0.000029
   -2    0    3    1    2   -0.001328   -0.000037
   -2    0    3    2    2   -0.003882   -0.000053
   -2    0    3    3    2    0.000354    0.000048
   -2    0    3    4    2    0.004127    0.000049
   -2    0    3    1    3   -0.002010    0.000047
   -2    0    3    2    3    0.000581   -0.000024
   -2    0    3    3    3    0.003810   -0.000045
   -2    0    3    4    3    0.000560    0.000046
   -2    0    3    1    4    0.002687    0.000014
   -2    0    3    2    4    0.005487    0.000071
   -2    0    3    3    4   -0.000951   -0.000040
   -2    0    3    4    4   -0.008709   -0.000073
   -2    0    4    1    1    0.000528   -0.000015
   -2    0    4    2    1   -0.000178    0.000046
   -2    0    4    3    1   -0.000251   -0.000006
   -2    0    4    4    1   -0.000130   -0.000025
   -2    0    4    1    2   -0.000571   -0.000017
   -2    0    4    2    2   -0.001210   -0.000005
   -2    0    4    3    2   -0.000393    0.000017
   -2    0    4    4    2    0.001831    0.000006
   -2    0    4    1    3    0.000185    0.000017
   -2    0    4    2    3   -0.000297   -0.000032
   -2    0    4    3    3    0.000817   -0.000048
   -2    0    4    4    3   -0.000298    0.000075
   -2    0    4    1    4   -0.000558    0.000016
   -2    0    4    2    4    0.001878    0.000005
   -2    0    4    3    4   -0.000459    0.000006
   -2    0    4    4    4   -0.001204   -0.000033
   -2    0    5    1    1   -0.000811   -0.000002
   -2    0    5    2    1    0.000189    0.000039
   -2    0    5    3    1    0.000188    0.000000
   -2    0    5    4    1    0.000366   -0.000041
   -2    0    5    1    2    0.000342    0.000003
   -2    0    5    2    2    0.000231    0.000038
   -2    0    5    3    2   -0.000135   -0.000037
   -2    0    5    4    2   -0.000402   -0.000009
   -2    0    5    1    3    0.000392   -0.000021
   -2    0    5    2    3   -0.000214   -0.000014
   -2    0    5    3    3    0.000204   -0.000022
   -2    0    5    4    3   -0.000354    0.000060
   -2    0    5    1    4    0.000152    0.000021
   -2    0    5    2    4   -0.000293   -0.000051
   -2    0    5    3    4   -0.000344    0.000040
   -2    0    5    4    4    0.000351   -0.000005
   -2    1   -3    1    1   -0.000007    0.000005
   -2    1   -3    2    1   -0.000038    0.000026
   -2    1   -3    3    1    0.000296    0.000008
   -2    1   -3    4    1   -0.000174   -0.000041
   -2    1   -3    1    2   -0.000165    0.000020
   -2    1   -3    2    2    0.000658    0.000040
   -2    1   -3    3    2   -0.000458   -0.000061
   -2    1   -3    4    2   -0.000287   -0.000009
   -2    1   -3    1    3    0.000340   -0.000029
   -2    1   -3    2    3   -0.000372    0.000009
   -2    1   -3    3    3    0.000013   -0.000010
   -2    1   -3    4    3    0.000160    0.000034
   -2    1   -3    1    4   -0.000106    0.000006
   -2    1   -3    2    4   -0.000064   -0.000059
   -2    1   -3    3    4    0.000102    0.000050
   -2    1   -3    4    4    0.000220    0.000009
   -2    1   -2    1    1    0.001605    0.000017
   -2    1   -2    2    1   -0.001918   -0.000006
   -2    1   -2    3    1    0.000222    0.000035
   -2    1   -2    4    1    0.000181   -0.000046
   -2    1   -2    1    2   -0.002471    0.000025
   -2    1   -2    2    2    0.000523    0.000028
   -2    1   -2    3    2    0.000491   -0.000081
   -2    1   -2    4    2    0.000492    0.000020
   -2    1   -2    1    3    0.000459   -0.000044
   -2    1   -2    2    3    0.001089    0.000069
   -2    1   -2    3    3   -0.000127    0.000001
   -2    1   -2    4    3   -0.000833   -0.000028
   -2    1   -2    1    4    0.000440    0.000006
   -2    1   -2    2    4    0.001119   -0.000070
   -2    1   -2    3    4   -0.000862    0.000034
   -2    1   -2    4    4   -0.000116    0.000034
   -2    1   -1    1    1    0.000836    0.000016
   -2    1   -1    2    1   -0.004060   -0.000032
   -2    1   -1    3    1    0.000242    0.000036
   -2    1   -1    4    1    0.002196   -0.000014
   -2    1   -1    1    2   -0.005768    0.000014
   -2    1   -1    2    2   -0.004720    0.000008
   -2    1   -1    3    2    0.002193   -0.000053
   -2    1   -1    4    2    0.004195    0.000027
   -2    1   -1    1    3    0.003007   -0.000023
   -2    1   -1    2    3    0.005746    0.000111
   -2    1   -1    3    3    0.000755    0.000010
   -2    1   -1    4    3   -0.005740   -0.000093
   -2    1   -1    1    4    0.005676    0.000008
   -2    1   -1    2    4    0.008493   -0.000060
   -2    1   -1    3    4   -0.003958   -0.000010
   -2    1   -1    4    4   -0.004803    0.000047
   -2    1    0    1    1   -0.021476   -0.000003
   -2    1    0    2    1    0.003192   -0.000031
   -2    1    0    3    1    0.009308   -0.000023
   -2    1    0    4    1    0.002170    0.000067
   -2    1    0    1    2    0.003219    0.000016
   -2    1    0    2    2   -0.021476   -0.000023
   -2    1    0    3    2    0.009187    0.000011
   -2    1    0    4    2    0.002224   -0.000004
   -2    1    0    1    3    0.017491    0.000005
   -2    1    0    2    3    0.017606    0.000078
   -2    1    0    3    3   -0.006147    0.000015
   -2    1    0    4    3   -0.013975   -0.000103
   -2    1    0    1    4   -0.000165    0.000008
   -2    1    0    2    4   -0.000167   -0.000023
   -2    1    0    3    4   -0.030532   -0.000036
   -2    1    0    4    4    0.024237    0.000015
   -2    1    1    1    1   -0.021502    0.000000
   -2    1    1    2    1    0.009210   -0.000038
   -2    1    1    3    1    0.003229   -0.000081
   -2    1    1    4    1    0.002224    0.000098
   -2    1    1    1    2    0.017625   -0.000021
   -2    1    1    2    2   -0.006119   -0.000041
   -2    1    1    3    2    0.017480    0.000081
   -2    1    1    4    2   -0.013984    0.000015
   -2    1    1    1    3    0.003108    0.000024
   -2    1    1    2    3    0.009306   -0.000004
   -2    1    1    3    3   -0.021466    0.000014
   -2    1    1    4    3    0.002186   -0.000034
   -2    1    1    1    4   -0.000087    0.000047
   -2    1    1    2    4   -0.030633    0.000112
   -2    1    1    3    4   -0.000144   -0.000052
   -2    1    1    4    4    0.024255   -0.000075
   -2    1    2    1    1    0.000811   -0.000018
   -2    1    2    2    1    0.000176    0.000022
   -2    1    2    3    1   -0.004053   -0.000045
   -2    1    2    4    1    0.002272    0.000041
   -2    1    2    1    2    0.003053   -0.000053
   -2    1    2    2    2    0.000754   -0.000047
   -2    1    2    3    2    0.005730    0.000085
   -2    1    2    4    2   -0.005768    0.000026
   -2    1    2    1    3   -0.005793    0.000042
   -2    1    2    2    3    0.002293   -0.000053
   -2    1    2    3    3   -0.004682   -0.000009
   -2    1    2    4    3    0.004082    0.000038
   -2    1    2    1    4    0.005728    0.000026
   -2    1    2    2    4   -0.004016    0.000100
   -2    1    2    3    4    0.008445   -0.000074
   -2    1    2    4    4   -0.004739   -0.000064
   -2    1    3    1    1    0.001593   -0.000010
   -2    1    3    2    1    0.000194    0.000053
   -2    1    3    3    1   -0.001928   -0.000030
   -2    1    3    4    1    0.000233   -0.000013
   -2    1    3    1    2    0.000435   -0.000030
   -2    1    3    2    2   -0.000114   -0.000014
   -2    1    3    3    2    0.001162    0.000050
   -2    1    3    4    2   -0.000894   -0.000008
   -2    1    3    1    3   -0.002448    0.000038
   -2    1    3    2    3    0.000497   -0.000067
   -2    1    3    3    3    0.000538   -0.000030
   -2    1    3    4    3    0.000432    0.000078
   -2    1    3    1    4    0.000468    0.000000
   -2    1    3    2    4   -0.000864    0.000045
   -2    1    3    3    4    0.001042   -0.000021
   -2    1    3    4    4   -0.000056   -0.000030
   -2    1    4    1    1   -0.000009   -0.000003
   -2    1    4    2    1    0.000296    0.000051
   -2    1    4    3    1   -0.000052   -0.000017
   -2    1    4    4    1   -0.000158   -0.000032
   -2    1    4    1    2    0.000280   -0.000000
   -2    1    4    2    2    0.000031    0.000026
   -2    1    4    3    2   -0.000264   -0.000008
   -2    1    4    4    2    0.000103   -0.000024
   -2    1    4    1    3   -0.000111    0.000008
   -2    1    4    2    3   -0.000533   -0.000043
   -2    1    4    3    3    0.000650   -0.000025
   -2    1    4    4    3   -0.000274    0.000073
   -2    1    4    1    4   -0.000097   -0.000005
   -2    1    4    2    4    0.000153   -0.000019
   -2    1    4    3    4   -0.000144    0.000027
   -2    1    4    4    4    0.000244   -0.000006
   -2    2   -4    1    1   -0.000451    0.000001
   -2    2   -4    2    1    0.000298    0.000033
   -2    2   -4    3    1    0.000280   -0.000010
   -2    2   -4    4    1   -0.000109   -0.000025
   -2    2   -4    1    2    0.000283    0.000019
   -2    2   -4    2    2    0.000053    0.000033
   -2    2   -4    3    2   -0.000622   -0.000030
   -2    2   -4    4    2    0.000289   -0.000029
   -2    2   -4    1    3    0.000341   -0.000001
   -2    2   -4    2    3   -0.000716   -0.000027
   -2    2   -4    3    3    0.000048   -0.000011
   -2    2   -4    4    3    0.000317    0.000043
   -2    2   -4    1    4   -0.000129   -0.000020
   -2    2   -4    2    4    0.000356   -0.000027
   -2    2   -4    3    4    0.000297    0.000041
   -2    2   -4    4    4   -0.000471    0.000009
   -2    2   -3    1    1    0.000390    0.000008
   -2    2   -3    2    1   -0.000848    0.000001
   -2    2   -3    3    1    0.000225    0.000024
   -2    2   -3    4    1    0.000202   -0.000034
   -2    2   -3    1    2   -0.000930    0.000030
   -2    2   -3    2    2    0.000749    0.000016
   -2    2   -3    3    2   -0.000235   -0.000057
   -2    2   -3    4    2    0.000204    0.000004
   -2    2   -3    1    3    0.000360   -0.000018
   -2    2   -3    2    3   -0.000057    0.000036
   -2    2   -3    3    3    0.000662   -0.000016
   -2    2   -3    4    3   -0.000783   -0.000004
   -2    2   -3    1    4    0.000207   -0.000016
   -2    2   -3    2    4    0.000343   -0.000043
   -2    2   -3    3    4   -0.000864    0.000043
   -2    2   -3    4    4    0.000348    0.000022
   -2    2   -2    1    1    0.001657    0.000008
   -2    2   -2    2    1   -0.002858   -0.000027
   -2    2   -2    3    1    0.000370    0.000043
   -2    2   -2    4    1    0.000333   -0.000024
   -2    2   -2    1    2   -0.002854    0.000019
   -2    2   -2    2    2    0.001675   -0.000013
   -2    2   -2    3    2    0.000336   -0.000053
   -2    2   -2    4    2    0.000341    0.000044
   -2    2   -2    1    3    0.000882   -0.000019
   -2    2   -2    2    3    0.000861    0.000087
   -2    2   -2    3    3    0.001552   -0.000012
   -2    2   -2    4    3   -0.002774   -0.000063
   -2    2   -2    1    4    0.000834   -0.000004
   -2    2   -2    2    4    0.000847   -0.000039
   -2    2   -2    3    4   -0.002757    0.000017
   -2    2   -2    4    4    0.001586    0.000026
   -2    2   -1    1    1   -0.004738   -0.000013
   -2    2   -1    2    1   -0.005790   -0.000033
   -2    2   -1    3    1    0.002268    0.000029
   -2    2   -1    4    1    0.004165    0.000012
   -2    2   -1    1    2   -0.004046   -0.000000
   -2    2   -1    2    2    0.000835   -0.000034
   -2    2   -1    3    2    0.000168   -0.000013
   -2    2   -1    4    2    0.002251    0.000050
   -2    2   -1    1    3    0.005731   -0.000014
   -2    2   -1    2    3    0.003075    0.000090
   -2    2   -1    3    3    0.000734    0.000012
   -2    2   -1    4    3   -0.005759   -0.000105
   -2    2   -1    1    4    0.008487    0.000043
   -2    2   -1    2    4    0.005654   -0.000023
   -2    2   -1    3    4   -0.003945   -0.000035
   -2    2   -1    4    4   -0.004808    0.000016
   -2    2    0    1    1    0.099052   -0.000020
   -2    2    0    2    1    0.018779   -0.000070
   -2    2    0    3    1    0.018632    0.000016
   -2    2    0    4    1   -0.087710    0.000057
   -2    2    0    1    2   -0.014332    0.000004
   -2    2    0    2    2   -0.010883   -0.000032
   -2    2    0    3    2   -0.004685    0.000040
   -2    2    0    4    2    0.018654    0.000014
   -2    2    0    1    3   -0.014621   -0.000021
   -2    2    0    2    3   -0.004643    0.000024
   -2    2    0    3    3   -0.010891    0.000029
   -2    2    0    4    3    0.018790   -0.000071
   -2    2    0    1    4   -0.139467    0.000069
   -2    2    0    2    4   -0.014552    0.000084
   -2    2    0    3    4   -0.014224   -0.000105
   -2    2    0    4    4    0.098885   -0.000014
   -2    2    1    1    1   -0.004785   -0.000000
   -2    2    1    2    1    0.002193   -0.000003
   -2    2    1    3    1   -0.005749   -0.000026
   -2    2    1    4    1    0.004221    0.000033
   -2    2    1    1    2    0.005748   -0.000076
   -2    2    1    2    2    0.000753   -0.000029
   -2    2    1    3    2    0.003023    0.000075
   -2    2    1    4    2   -0.005753    0.000034
   -2    2    1    1    3   -0.004060    0.000024
   -2    2    1    2    3    0.000288   -0.000046
   -2    2    1    3    3    0.000853    0.000027
   -2    2    1    4    3    0.002133   -0.000012
   -2    2    1    1    4    0.008566    0.000049
   -2    2    1    2    4   -0.004017    0.000076
   -2    2    1    3    4    0.005643   -0.000080
   -2    2    1    4    4   -0.004748   -0.000029
   -2    2    2    1    1    0.001628    0.000002
   -2    2    2    2    1    0.000337    0.000041
   -2    2    2    3    1   -0.002837   -0.000037
   -2    2    2    4    1    0.000365   -0.000005
   -2    2    2    1    2    0.000853   -0.000044
   -2    2    2    2    2    0.001571   -0.000007
   -2    2    2    3    2    0.000899    0.000061
   -2    2    2    4    2   -0.002803   -0.000010
   -2    2    2    1    3   -0.002856    0.000037
   -2    2    2    2    3    0.000385   -0.000081
   -2    2    2    3    3    0.001690    0.000003
   -2    2    2    4    3    0.000268    0.000047
   -2    2    2    1    4    0.000909   -0.000001
   -2    2    2    2    4   -0.002805    0.000053
   -2    2    2    3    4    0.000773   -0.000035
   -2    2    2    4    4    0.001655   -0.000008
   -2    2    3    1    1    0.000380    0.000002
   -2    2    3    2    1    0.000226    0.000050
   -2    2    3    3    1   -0.000858   -0.000033
   -2    2    3    4    1    0.000218   -0.000017
   -2    2    3    1    2    0.000301   -0.000008
   -2    2    3    2    2    0.000678    0.000021
   -2    2    3    3    2    0.000036    0.000015
   -2    2    3    4    2   -0.000826   -0.000033
   -2    2    3    1    3   -0.000896    0.000026
   -2    2    3    2    3   -0.000274   -0.000073
   -2    2    3    3    3    0.000756   -0.000007
   -2    2    3    4    3    0.000189    0.000062
   -2    2    3    1    4    0.000247   -0.000023
   -2    2    3    2    4   -0.000854    0.000012
   -2    2    3    3    4    0.000259    0.000012
   -2    2    3    4    4    0.000387    0.000000
   -2    2    4    1    1   -0.000451    0.000001
   -2    2    4    2    1    0.000298    0.000033
   -2    2    4    3    1    0.000280   -0.000010
   -2    2    4    4    1   -0.000109   -0.000025
   -2    2    4    1    2    0.000283    0.000019
   -2    2    4    2    2    0.000053    0.000033
   -2    2    4    3    2   -0.000622   -0.000030
   -2    2    4    4    2    0.000289   -0.000029
   -2    2    4    1    3    0.000341   -0.000001
   -2    2    4    2    3   -0.000716   -0.000027
   -2    2    4    3    3    0.000048   -0.000011
   -2    2    4    4    3    0.000317    0.000043
   -2    2    4    1    4   -0.000129   -0.000020
   -2    2    4    2    4    0.000356   -0.000027
   -2    2    4    3    4    0.000297    0.000041
   -2    2    4    4    4   -0.000471    0.000009
   -2    3   -4    1    1   -0.000270    0.000003
   -2    3   -4    2    1    0.000159    0.000007
   -2    3   -4    3    1   -0.000030    0.000002
   -2    3   -4    4    1    0.000079   -0.000012
   -2    3   -4    1    2    0.000125    0.000032
   -2    3   -4    2    2   -0.000253    0.000018
   -2    3   -4    3    2    0.000002   -0.000031
   -2    3   -4    4    2    0.000055   -0.000020
   -2    3   -4    1    3    0.000029    0.000007
   -2    3   -4    2    3   -0.000034   -0.000006
   -2    3   -4    3    3    0.000235   -0.000018
   -2    3   -4    4    3   -0.000288    0.000013
   -2    3   -4    1    4    0.000183   -0.000040
   -2    3   -4    2    4    0.000200   -0.000015
   -2    3   -4    3    4   -0.000161    0.000046
   -2    3   -4    4    4    0.000001    0.000013
   -2    3   -3    1    1    0.000735   -0.000000
   -2    3   -3    2    1   -0.000904   -0.000022
   -2    3   -3    3    1   -0.000259    0.000033
   -2    3   -3    4    1    0.000223   -0.000012
   -2    3   -3    1    2   -0.000858    0.000028
   -2    3   -3    2    2    0.000417   -0.000013
   -2    3   -3    3    2    0.000224   -0.000036
   -2    3   -3    4    2    0.000178    0.000023
   -2    3   -3    1    3    0.000009    0.000003
   -2    3   -3    2    3    0.000311    0.000041
   -2    3   -3    3    3    0.000662   -0.000028
   -2    3   -3    4    3   -0.000801   -0.000025
   -2    3   -3    1    4    0.000298   -0.000027
   -2    3   -3    2    4    0.000207   -0.000006
   -2    3   -3    3    4   -0.000836    0.000033
   -2    3   -3    4    4    0.000364    0.000004
   -2    3   -2    1    1    0.000508   -0.000014
   -2    3   -2    2    1   -0.002471   -0.000041
   -2    3   -2    3    1    0.000496    0.000049
   -2    3   -2    4    1    0.000505   -0.000002
   -2    3   -2    1    2   -0.001908    0.000003
   -2    3   -2    2    2    0.001615   -0.000035
   -2    3   -2    3    2    0.000189   -0.000021
   -2    3   -2    4    2    0.000192    0.000062
   -2    3   -2    1    3    0.001141   -0.000011
   -2    3   -2    2    3    0.000469    0.000059
   -2    3   -2    3    3   -0.000138   -0.000013
   -2    3   -2    4    3   -0.000876   -0.000051
   -2    3   -2    1    4    0.001069    0.000029
   -2    3   -2    2    4    0.000426    0.000012
   -2    3   -2    3    4   -0.000817   -0.000012
   -2    3   -2    4    4   -0.000107   -0.000021
   -2    3   -1    1    1    0.003734   -0.000025
   -2    3   -1    2    1   -0.002043   -0.000045
   -2    3   -1    3    1    0.000567    0.000048
   -2    3   -1    4    1    0.000692    0.000001
   -2    3   -1    1    2   -0.004092   -0.000024
   -2    3   -1    2    2    0.001448   -0.000031
   -2    3   -1    3    2   -0.001642    0.000008
   -2    3   -1    4    2    0.002900    0.000063
   -2    3   -1    1    3    0.000351   -0.000004
   -2    3   -1    2    3   -0.001285    0.000039
   -2    3   -1    3    3   -0.003906    0.000020
   -2    3   -1    4    3    0.004128   -0.000069
   -2    3   -1    1    4   -0.000924    0.000082
   -2    3   -1    2    4    0.002674    0.000035
   -2    3   -1    3    4    0.005534   -0.000077
   -2    3   -1    4    4   -0.008793   -0.000018
   -2    3    0    1    1    0.003704    0.000005
   -2    3    0    2    1    0.000535   -0.000021
   -2    3    0    3    1   -0.001991    0.000020
   -2    3    0    4    1    0.000692   -0.000002
   -2    3    0    1    2    0.000365   -0.000067
   -2    3    0    2    2   -0.003890   -0.000012
   -2    3    0    3    2   -0.001346    0.000041
   -2    3    0    4    2    0.004148    0.000041
   -2    3    0    1    3   -0.004113    0.000010
   -2    3    0    2    3   -0.001560   -0.000008
   -2    3    0    3    3    0.001445    0.000035
   -2    3    0    4    3    0.002844   -0.000050
   -2    3    0    1    4   -0.000875    0.000059
   -2    3    0    2    4    0.005451    0.000035
   -2    3    0    3    4    0.002712   -0.000094
   -2    3    0    4    4   -0.008762    0.000006
   -2    3    1    1    1    0.000469    0.000020
   -2    3    1    2    1    0.000482    0.000021
   -2    3    1    3    1   -0.002421   -0.000020
   -2    3    1    4    1    0.000498   -0.000014
   -2    3    1    1    2    0.001108   -0.000058
   -2    3    1    2    2   -0.000108    0.000013
   -2    3    1    3    2    0.000465    0.000050
   -2    3    1    4    2   -0.000878   -0.000006
   -2    3    1    1    3   -0.001930    0.000022
   -2    3    1    2    3    0.000247   -0.000058
   -2    3    1    3    3    0.001617    0.000029
   -2    3    1    4    3    0.000150   -0.000001
   -2    3    1    1    4    0.001170    0.000008
   -2    3    1    2    4   -0.000898    0.000020
   -2    3    1    3    4    0.000388   -0.000049
   -2    3    1    4    4   -0.000059    0.000032
   -2    3    2    1    1    0.000715    0.000015
   -2    3    2    2    1   -0.000244    0.000034
   -2    3    2    3    1   -0.000898   -0.000038
   -2    3    2    4    1    0.000213   -0.000007
   -2    3    2    1    2   -0.000043   -0.000016
   -2    3    2    2    2    0.000683    0.000029
   -2    3    2    3    2    0.000368    0.000024
   -2    3    2    4    2   -0.000822   -0.000039
   -2    3    2    1    3   -0.000860    0.000027
   -2    3    2    2    3    0.000219   -0.000076
   -2    3    2    3    3    0.000427    0.000016
   -2    3    2    4    3    0.000166    0.000029
   -2    3    2    1    4    0.000375   -0.000030
   -2    3    2    2    4   -0.000876    0.000015
   -2    3    2    3    4    0.000142    0.000002
   -2    3    2    4    4    0.000405    0.000024
   -2    3    3    1    1   -0.000274    0.000005
   -2    3    3    2    1   -0.000003    0.000028
   -2    3    3    3    1    0.000135   -0.000028
   -2    3    3    4    1    0.000077   -0.000003
   -2    3    3    1    2   -0.000017    0.000015
   -2    3    3    2    2    0.000237    0.000034
   -2    3    3    3    2    0.000048   -0.000009
   -2    3    3    4    2   -0.000317   -0.000042
   -2    3    3    1    3    0.000151    0.000016
   -2    3    3    2    3   -0.000058   -0.000053
   -2    3    3    3    3   -0.000243   -0.000000
   -2    3    3    4    3    0.000070    0.000036
   -2    3    3    1    4    0.000208   -0.000039
   -2    3    3    2    4   -0.000142   -0.000003
   -2    3    3    3    4    0.000143    0.000036
   -2    3    3    4    4    0.000016    0.000011
   -2    4   -4    1    1    0.000069   -0.000003
   -2    4   -4    2    1    0.000330   -0.000013
   -2    4   -4    3    1   -0.000688    0.000011
   -2    4   -4    4    1    0.000299    0.000008
   -2    4   -4    1    2    0.000294    0.000031
   -2    4   -4    2    2   -0.000421   -0.000009
   -2    4   -4    3    2    0.000285   -0.000023
   -2    4   -4    4    2   -0.000150    0.000007
   -2    4   -4    1    3   -0.000660    0.000023
   -2    4   -4    2    3    0.000280    0.000008
   -2    4   -4    3    3    0.000064   -0.000030
   -2    4   -4    4    3    0.000302   -0.000010
   -2    4   -4    1    4    0.000286   -0.000048
   -2    4   -4    2    4   -0.000139    0.000012
   -2    4   -4    3    4    0.000349    0.000047
   -2    4   -4    4    4   -0.000439   -0.000010
   -2    4   -3    1    1    0.000669   -0.000020
   -2    4   -3    2    1   -0.000139   -0.000033
   -2    4   -3    3    1   -0.000517    0.000046
   -2    4   -3    4    1   -0.000260    0.000005
   -2    4   -3    1    2   -0.000025    0.000013
   -2    4   -3    2    2    0.000010   -0.000035
   -2    4   -3    3    2    0.000282   -0.000019
   -2    4   -3    4    2   -0.000195    0.000052
   -2    4   -3    1    3   -0.000302    0.000009
   -2    4   -3    2    3    0.000305    0.000033
   -2    4   -3    3    3    0.000023   -0.000035
   -2    4   -3    4    3    0.000112   -0.000018
   -2    4   -3    1    4   -0.000158    0.000001
   -2    4   -3    2    4   -0.000111    0.000032
   -2    4   -3    3    4    0.000177    0.000015
   -2    4   -3    4    4    0.000245   -0.000044
   -2    4   -2    1    1    0.000807   -0.000026
   -2    4   -2    2    1    0.000143   -0.000039
   -2    4   -2    3    1   -0.000286    0.000066
   -2    4   -2    4    1   -0.000241   -0.000013
   -2    4   -2    1    2   -0.000208   -0.000021
   -2    4   -2    2    2    0.000516   -0.000033
   -2    4   -2    3    2   -0.000187   -0.000008
   -2    4   -2    4    2   -0.000155    0.000075
   -2    4   -2    1    3   -0.000417   -0.000014
   -2    4   -2    2    3   -0.000532    0.000031
   -2    4   -2    3    3   -0.001233   -0.000015
   -2    4   -2    4    3    0.001845   -0.000012
   -2    4   -2    1    4   -0.000473    0.000070
   -2    4   -2    2    4   -0.000546    0.000037
   -2    4   -2    3    4    0.001913   -0.000041
   -2    4   -2    4    4   -0.001254   -0.000055
   -2    4   -1    1    1    0.002917   -0.000002
   -2    4   -1    2    1   -0.000346   -0.000018
   -2    4   -1    3    1   -0.000294    0.000053
   -2    4   -1    4    1   -0.000979   -0.000036
   -2    4   -1    1    2   -0.001321   -0.000055
   -2    4   -1    2    2    0.001335   -0.000004
   -2    4   -1    3    2   -0.000765    0.000012
   -2    4   -1    4    2    0.000155    0.000052
   -2    4   -1    1    3   -0.001338   -0.000013
   -2    4   -1    2    3   -0.000712    0.000009
   -2    4   -1    3    3    0.001310    0.000016
   -2    4   -1    4    3    0.000157   -0.000016
   -2    4   -1    1    4   -0.002206    0.000080
   -2    4   -1    2    4   -0.000272    0.000012
   -2    4   -1    3    4   -0.000223   -0.000084
   -2    4   -1    4    4    0.001952   -0.000007
   -2    4    0    1    1    0.000778    0.000028
   -2    4    0    2    1   -0.000282    0.000012
   -2    4    0    3    1    0.000212    0.000010
   -2    4    0    4    1   -0.000286   -0.000042
   -2    4    0    1    2   -0.000439   -0.000060
   -2    4    0    2    2   -0.001213    0.000030
   -2    4    0    3    2   -0.000552    0.000031
   -2    4    0    4    2    0.001854   -0.000001
   -2    4    0    1    3   -0.000241    0.000001
   -2    4    0    2    3   -0.000133   -0.000027
   -2    4    0    3    3    0.000494    0.000035
   -2    4    0    4    3   -0.000151   -0.000017
   -2    4    0    1    4   -0.000390    0.000029
   -2    4    0    2    4    0.001822   -0.000017
   -2    4    0    3    4   -0.000552   -0.000072
   -2    4    0    4    4   -0.001224    0.000056
   -2    4    1    1    1    0.000642    0.000029
   -2    4    1    2    1   -0.000472    0.000019
   -2    4    1    3    1   -0.000109   -0.000028
   -2    4    1    4    1   -0.000316   -0.000016
   -2    4    1    1    2   -0.000348   -0.000023
   -2    4    1    2    2    0.000036    0.000048
   -2    4    1    3    2    0.000331    0.000024
   -2    4    1    4    2    0.000120   -0.000048
   -2    4    1    1    3   -0.000058    0.000014
   -2    4    1    2    3    0.000301   -0.000058
   -2    4    1    3    3    0.000007    0.000036
   -2    4    1    4    3   -0.000182   -0.000003
   -2    4    1    1    4   -0.000054   -0.000025
   -2    4    1    2    4    0.000092   -0.000011
   -2    4    1    3    4   -0.000151   -0.000022
   -2    4    1    4    4    0.000279    0.000064
   -2    4    2    1    1    0.000059    0.000018
   -2    4    2    2    1   -0.000639    0.000011
   -2    4    2    3    1    0.000316   -0.000037
   -2    4    2    4    1    0.000266    0.000011
   -2    4    2    1    2   -0.000690    0.000013
   -2    4    2    2    2    0.000055    0.000043
   -2    4    2    3    2    0.000339    0.000002
   -2    4    2    4    2    0.000290   -0.000057
   -2    4    2    1    3    0.000274    0.000015
   -2    4    2    2    3    0.000258   -0.000059
   -2    4    2    3    3   -0.000404    0.000020
   -2    4    2    4    3   -0.000128    0.000013
   -2    4    2    1    4    0.000345   -0.000050
   -2    4    2    2    4    0.000325    0.000003
   -2    4    2    3    4   -0.000192    0.000025
   -2    4    2    4    4   -0.000414    0.000031
   -2    5   -3    1    1    0.000259   -0.000033
   -2    5   -3    2    1    0.000353   -0.000025
   -2    5   -3    3    1   -0.000205    0.000062
   -2    5   -3    4    1   -0.000372   -0.000006
   -2    5   -3    1    2    0.000217   -0.000008
   -2    5   -3    2    2   -0.000818   -0.000043
   -2    5   -3    3    2    0.000168   -0.000006
   -2    5   -3    4    2    0.000365    0.000072
   -2    5   -3    1    3   -0.000164   -0.000001
   -2    5   -3    2    3    0.000367    0.000026
   -2    5   -3    3    3    0.000228   -0.000043
   -2    5   -3    4    3   -0.000408    0.000010
   -2    5   -3    1    4   -0.000401    0.000044
   -2    5   -3    2    4    0.000175    0.000046
   -2    5   -3    3    4   -0.000263   -0.000010
   -2    5   -3    4    4    0.000357   -0.000075
   -2    5   -2    1    1   -0.000345   -0.000015
   -2    5   -2    2    1    0.000708   -0.000011
   -2    5   -2    3    1   -0.000168    0.000065
   -2    5   -2    4    1   -0.000148   -0.000042
   -2    5   -2    1    2    0.000557   -0.000036
   -2    5   -2    2    2   -0.001299   -0.000014
   -2    5   -2    3    2    0.000388   -0.000005
   -2    5   -2    4    2    0.000449    0.000062
   -2    5   -2    1    3   -0.000300   -0.000026
   -2    5   -2    2    3    0.000345    0.000015
   -2    5   -2    3    3    0.000269   -0.000017
   -2    5   -2    4    3   -0.000421    0.000023
   -2    5   -2    1    4   -0.000317    0.000082
   -2    5   -2    2    4    0.000372    0.000014
   -2    5   -2    3    4   -0.000386   -0.000049
   -2    5   -2    4    4    0.000220   -0.000042
   -2    5   -1    1    1   -0.000358    0.000017
   -2    5   -1    2    1   -0.000180    0.000015
   -2    5   -1    3    1    0.000769    0.000032
   -2    5   -1    4    1   -0.000183   -0.000061
   -2    5   -1    1    2   -0.000306   -0.000051
   -2    5   -1    2    2    0.000292    0.000031
   -2    5   -1    3    2    0.000321    0.000006
   -2    5   -1    4    2   -0.000425    0.000012
   -2    5   -1    1    3    0.000531   -0.000022
   -2    5   -1    2    3    0.000428   -0.000009
   -2    5   -1    3    3   -0.001335    0.000022
   -2    5   -1    4    3    0.000482    0.000007
   -2    5   -1    1    4   -0.000276    0.000058
   -2    5   -1    2    4   -0.000450   -0.000033
   -2    5   -1    3    4    0.000388   -0.000067
   -2    5   -1    4    4    0.000227    0.000035
   -2    5    0    1    1    0.000233    0.000033
   -2    5    0    2    1   -0.000141    0.000021
   -2    5    0    3    1    0.000401   -0.000008
   -2    5    0    4    1   -0.000458   -0.000042
   -2    5    0    1    2   -0.000201   -0.000026
   -2    5    0    2    2    0.000229    0.000060
   -2    5    0    3    2    0.000372    0.000012
   -2    5    0    4    2   -0.000377   -0.000044
   -2    5    0    1    3    0.000175   -0.000008
   -2    5    0    2    3    0.000198   -0.000035
   -2    5    0    3    3   -0.000844    0.000046
   -2    5    0    4    3    0.000404   -0.000011
   -2    5    0    1    4   -0.000302   -0.000002
   -2    5    0    2    4   -0.000366   -0.000044
   -2    5    0    3    4    0.000163   -0.000048
   -2    5    0    4    4    0.000376    0.000085
   -2    6   -2    1    1   -0.002450   -0.000001
   -2    6   -2    2    1    0.000814    0.000022
   -2    6   -2    3    1    0.000841    0.000034
   -2    6   -2    4    1    0.000835   -0.000056
   -2    6   -2    1    2    0.000826   -0.000029
   -2    6   -2    2    2   -0.002473    0.000019
   -2    6   -2    3    2    0.000822   -0.000013
   -2    6   -2    4    2    0.000871    0.000024
   -2    6   -2    1    3    0.000825   -0.000032
   -2    6   -2    2    3    0.000829   -0.000001
   -2    6   -2    3    3   -0.002508   -0.000008
   -2    6   -2    4    3    0.000904    0.000037
   -2    6   -2    1    4    0.000838    0.000064
   -2    6   -2    2    4    0.000874   -0.000031
   -2    6   -2    3    4    0.000895   -0.000027
   -2    6   -2    4    4   -0.002547   -0.000004
   -1   -5    3    1    1    0.000923    0.000003
   -1   -5    3    2    1   -0.000535    0.000025
   -1   -5    3    3    1   -0.000569    0.000001
   -1   -5    3    4    1    0.000061   -0.000027
   -1   -5    3    1    2   -0.000591    0.000023
   -1   -5    3    2    2    0.000915    0.000039
   -1   -5    3    3    2   -0.000511   -0.000039
   -1   -5    3    4    2    0.000055   -0.000030
   -1   -5    3    1    3   -0.000534    0.000003
   -1   -5    3    2    3   -0.000606   -0.000036
   -1   -5    3    3    3    0.000904   -0.000009
   -1   -5    3    4    3    0.000093    0.000041
   -1   -5    3    1    4    0.000241   -0.000029
   -1   -5    3    2    4    0.000267   -0.000023
   -1   -5    3    3    4    0.000228    0.000041
   -1   -5    3    4    4   -0.000319    0.000015
   -1   -4    1    1    1   -0.002611    0.000017
   -1   -4    1    2    1    0.002482    0.000029
   -1   -4    1    3    1    0.000047   -0.000041
   -1   -4    1    4    1    0.000158    0.000003
   -1   -4    1    1    2    0.002432   -0.000014
   -1   -4    1    2    2   -0.002628    0.000040
   -1   -4    1    3    2    0.000075    0.000022
   -1   -4    1    4    2    0.000192   -0.000051
   -1   -4    1    1    3    0.000159    0.000024
   -1   -4    1    2    3    0.000153   -0.000075
   -1   -4    1    3    3    0.000188    0.000018
   -1   -4    1    4    3   -0.000371    0.000020
   -1   -4    1    1    4    0.000084   -0.000035
   -1   -4    1    2    4    0.000067    0.000009
   -1   -4    1    3    4   -0.000038    0.000014
   -1   -4    1    4    4    0.000170    0.000022
   -1   -4    2    1    1    0.000651    0.000012
   -1   -4    2    2    1   -0.000287    0.000020
   -1   -4    2    3    1   -0.000126   -0.000029
   -1   -4    2    4    1   -0.000042    0.000003
   -1   -4    2    1    2   -0.000521    0.000023
   -1   -4    2    2    2    0.000062    0.000042
   -1   -4    2    3    2    0.000120   -0.000017
   -1   -4    2    4    2    0.000287   -0.000050
   -1   -4    2    1    3   -0.000292    0.000010
   -1   -4    2    2    3    0.000029   -0.000059
   -1   -4    2    3    3    0.000307   -0.000000
   -1   -4    2    4    3   -0.000162    0.000037
   -1   -4    2    1    4   -0.000112   -0.000047
   -1   -4    2    2    4    0.000342   -0.000003
   -1   -4    2    3    4   -0.000136    0.000052
   -1   -4    2    4    4   -0.000007    0.000007
   -1   -4    3    1    1    0.000660    0.000006
   -1   -4    3    2    1   -0.000072    0.000001
   -1   -4    3    3    1   -0.000352    0.000007
   -1   -4    3    4    1   -0.000034   -0.000008
   -1   -4    3    1    2   -0.000300    0.000043
   -1   -4    3    2    2    0.000289    0.000026
   -1   -4    3    3    2    0.000104   -0.000042
   -1   -4    3    4    2   -0.000200   -0.000026
   -1   -4    3    1    3   -0.000494    0.000003
   -1   -4    3    2    3    0.000027   -0.000011
   -1   -4    3    3    3    0.000068   -0.000019
   -1   -4    3    4    3    0.000334    0.000016
   -1   -4    3    1    4   -0.000140   -0.000050
   -1   -4    3    2    4   -0.000080   -0.000018
   -1   -4    3    3    4    0.000330    0.000057
   -1   -4    3    4    4   -0.000026    0.000013
   -1   -4    4    1    1   -0.002580   -0.000008
   -1   -4    4    2    1    0.000064   -0.000027
   -1   -4    4    3    1    0.002432    0.000042
   -1   -4    4    4    1    0.000172   -0.000004
   -1   -4    4    1    2    0.000170    0.000041
   -1   -4    4    2    2    0.000178   -0.000007
   -1   -4    4    3    2    0.000170   -0.000043
   -1   -4    4    4    2   -0.000377    0.000017
   -1   -4    4    1    3    0.002466   -0.000010
   -1   -4    4    2    3    0.000018    0.000034
   -1   -4    4    3    3   -0.002650   -0.000023
   -1   -4    4    4    3    0.000226   -0.000016
   -1   -4    4    1    4    0.000013   -0.000023
   -1   -4    4    2    4    0.000012   -0.000005
   -1   -4    4    3    4    0.000123    0.000033
   -1   -4    4    4    4    0.000125   -0.000002
   -1   -3   -1    1    1    0.001670    0.000017
   -1   -3   -1    2    1   -0.000611    0.000019
   -1   -3   -1    3    1   -0.000478   -0.000001
   -1   -3   -1    4    1   -0.000510   -0.000028
   -1   -3   -1    1    2   -0.000615   -0.000044
   -1   -3   -1    2    2    0.001647    0.000026
   -1   -3   -1    3    2   -0.000519    0.000038
   -1   -3   -1    4    2   -0.000451   -0.000021
   -1   -3   -1    1    3   -0.000501   -0.000000
   -1   -3   -1    2    3   -0.000448   -0.000014
   -1   -3   -1    3    3    0.000361    0.000033
   -1   -3   -1    4    3    0.000270   -0.000018
   -1   -3   -1    1    4   -0.000438    0.000021
   -1   -3   -1    2    4   -0.000465   -0.000019
   -1   -3   -1    3    4    0.000266   -0.000070
   -1   -3   -1    4    4    0.000338    0.000054
   -1   -3    0    1    1   -0.002945    0.000026
   -1   -3    0    2    1    0.001035    0.000031
   -1   -3    0    3    1    0.000224   -0.000039
   -1   -3    0    4    1    0.001323   -0.000011
   -1   -3    0    1    2    0.001493   -0.000013
   -1   -3    0    2    2   -0.000177    0.000050
   -1   -3    0    3    2   -0.000404    0.000034
   -1   -3    0    4    2   -0.000158   -0.000067
   -1   -3    0    1    3    0.000210    0.000008
   -1   -3    0    2    3   -0.000999   -0.000054
   -1   -3    0    3    3    0.000424    0.000040
   -1   -3    0    4    3   -0.000260   -0.000008
   -1   -3    0    1    4    0.000945   -0.000027
   -1   -3    0    2    4   -0.000173   -0.000021
   -1   -3    0    3    4   -0.000433   -0.000025
   -1   -3    0    4    4   -0.000670    0.000065
   -1   -3    1    1    1   -0.003218    0.000022
   -1   -3    1    2    1    0.003323    0.000020
   -1   -3    1    3    1    0.001208   -0.000051
   -1   -3    1    4    1    0.000036    0.000015
   -1   -3    1    1    2    0.002271    0.000032
   -1   -3    1    2    2   -0.003197    0.000050
   -1   -3    1    3    2   -0.000849    0.000007
   -1   -3    1    4    2    0.000601   -0.000080
   -1   -3    1    1    3    0.000595    0.000002
   -1   -3    1    2    3    0.000021   -0.000064
   -1   -3    1    3    3    0.000548    0.000025
   -1   -3    1    4    3   -0.001063    0.000015
   -1   -3    1    1    4   -0.000832   -0.000058
   -1   -3    1    2    4    0.001211   -0.000005
   -1   -3    1    3    4   -0.000372    0.000036
   -1   -3    1    4    4    0.000544    0.000033
   -1   -3    2    1    1    0.000490    0.000011
   -1   -3    2    2    1    0.001167    0.000001
   -1   -3    2    3    1    0.001085   -0.000031
   -1   -3    2    4    1   -0.001920    0.000027
   -1   -3    2    1    2    0.000497    0.000051
   -1   -3    2    2    2   -0.000017    0.000026
   -1   -3    2    3    2   -0.000919   -0.000021
   -1   -3    2    4    2    0.000148   -0.000049
   -1   -3    2    1    3    0.000481    0.000007
   -1   -3    2    2    3   -0.000998   -0.000035
   -1   -3    2    3    3    0.000013   -0.000007
   -1   -3    2    4    3    0.000201    0.000014
   -1   -3    2    1    4   -0.002454   -0.000066
   -1   -3    2    2    4    0.000457    0.000007
   -1   -3    2    3    4    0.000415    0.000068
   -1   -3    2    4    4    0.001647   -0.000000
   -1   -3    3    1    1   -0.003193   -0.000014
   -1   -3    3    2    1    0.001239   -0.000016
   -1   -3    3    3    1    0.003222    0.000014
   -1   -3    3    4    1    0.000089    0.000024
   -1   -3    3    1    2    0.000628    0.000040
   -1   -3    3    2    2    0.000528   -0.000009
   -1   -3    3    3    2    0.000064   -0.000027
   -1   -3    3    4    2   -0.001106    0.000010
   -1   -3    3    1    3    0.002297    0.000010
   -1   -3    3    2    3   -0.000920    0.000011
   -1   -3    3    3    3   -0.003186   -0.000034
   -1   -3    3    4    3    0.000619   -0.000007
   -1   -3    3    1    4   -0.000909   -0.000038
   -1   -3    3    2    4   -0.000304    0.000013
   -1   -3    3    3    4    0.001248    0.000053
   -1   -3    3    4    4    0.000510   -0.000027
   -1   -3    4    1    1   -0.002916   -0.000030
   -1   -3    4    2    1    0.000205   -0.000034
   -1   -3    4    3    1    0.000966    0.000057
   -1   -3    4    4    1    0.001385    0.000010
   -1   -3    4    1    2    0.000245    0.000020
   -1   -3    4    2    2    0.000431   -0.000041
   -1   -3    4    3    2   -0.001022   -0.000024
   -1   -3    4    4    2   -0.000268    0.000063
   -1   -3    4    1    3    0.001537   -0.000012
   -1   -3    4    2    3   -0.000428    0.000045
   -1   -3    4    3    3   -0.000188   -0.000042
   -1   -3    4    4    3   -0.000171   -0.000011
   -1   -3    4    1    4    0.000845    0.000016
   -1   -3    4    2    4   -0.000396    0.000031
   -1   -3    4    3    4   -0.000077    0.000021
   -1   -3    4    4    4   -0.000713   -0.000061
   -1   -3    5    1    1    0.001692   -0.000025
   -1   -3    5    2    1   -0.000538   -0.000037
   -1   -3    5    3    1   -0.000610    0.000064
   -1   -3    5    4    1   -0.000479   -0.000006
   -1   -3    5    1    2   -0.000458   -0.000009
   -1   -3    5    2    2    0.000392   -0.000046
   -1   -3    5    3    2   -0.000519   -0.000011
   -1   -3    5    4    2    0.000271    0.000079
   -1   -3    5    1    3   -0.000610   -0.000036
   -1   -3    5    2    3   -0.000481    0.000052
   -1   -3    5    3    3    0.001619   -0.000023
   -1   -3    5    4    3   -0.000453   -0.000000
   -1   -3    5    1    4   -0.000497    0.000061
   -1   -3    5    2    4    0.000251    0.000038
   -1   -3    5    3    4   -0.000372   -0.000024
   -1   -3    5    4    4    0.000310   -0.000065
   -1   -2   -2    1    1    0.000324    0.000007
   -1   -2   -2    2    1   -0.000327    0.000020
   -1   -2   -2    3    1   -0.000453    0.000008
   -1   -2   -2    4    1    0.000339   -0.000036
   -1   -2   -2    1    2   -0.000192   -0.000034
   -1   -2   -2    2    2   -0.000379    0.000025
   -1   -2   -2    3    2   -0.000189    0.000007
   -1   -2   -2    4    2    0.000791   -0.000004
   -1   -2   -2    1    3   -0.000482   -0.000027
   -1   -2   -2    2    3   -0.000275    0.000007
   -1   -2   -2    3    3    0.000245    0.000017
   -1   -2   -2    4    3    0.000403    0.000011
   -1   -2   -2    1    4    0.000437    0.000051
   -1   -2   -2    2    4    0.000581   -0.000034
   -1   -2   -2    3    4    0.000476   -0.000047
   -1   -2   -2    4    4   -0.001375    0.000023
   -1   -2   -1    1    1    0.002052    0.000024
   -1   -2   -1    2    1   -0.002188    0.000033
   -1   -2   -1    3    1   -0.000284   -0.000025
   -1   -2   -1    4    1   -0.000324   -0.000032
   -1   -2   -1    1    2   -0.001037   -0.000015
   -1   -2   -1    2    2    0.002919    0.000065
   -1   -2   -1    3    2   -0.000314    0.000017
   -1   -2   -1    4    2   -0.000286   -0.000063
   -1   -2   -1    1    3    0.000096   -0.000018
   -1   -2   -1    2    3   -0.001324   -0.000026
   -1   -2   -1    3    3    0.001339    0.000049
   -1   -2   -1    4    3   -0.000706   -0.000005
   -1   -2   -1    1    4    0.000161    0.000009
   -1   -2   -1    2    4   -0.001344   -0.000054
   -1   -2   -1    3    4   -0.000745   -0.000047
   -1   -2   -1    4    4    0.001342    0.000072
   -1   -2    0    1    1   -0.008719    0.000032
   -1   -2    0    2    1   -0.000852    0.000031
   -1   -2    0    3    1    0.002714   -0.000050
   -1   -2    0    4    1    0.005371   -0.000010
   -1   -2    0    1    2    0.000610    0.000033
   -1   -2    0    2    2    0.003761    0.000062
   -1   -2    0    3    2   -0.002002    0.000015
   -1   -2    0    4    2    0.000580   -0.000089
   -1   -2    0    1    3    0.002871   -0.000015
   -1   -2    0    2    3   -0.004128   -0.000044
   -1   -2    0    3    3    0.001491    0.000054
   -1   -2    0    4    3   -0.001642   -0.000012
   -1   -2    0    1    4    0.004176   -0.000047
   -1   -2    0    2    4    0.000307   -0.000037
   -1   -2    0    3    4   -0.001412   -0.000007
   -1   -2    0    4    4   -0.003783    0.000073
   -1   -2    1    1    1   -0.004768    0.000017
   -1   -2    1    2    1    0.008601    0.000012
   -1   -2    1    3    1    0.005707   -0.000062
   -1   -2    1    4    1   -0.004089    0.000036
   -1   -2    1    1    2    0.004180    0.000072
   -1   -2    1    2    2   -0.004705    0.000032
   -1   -2    1    3    2   -0.005776   -0.000001
   -1   -2    1    4    2    0.002200   -0.000080
   -1   -2    1    1    3    0.002230   -0.000004
   -1   -2    1    2    3   -0.004106   -0.000042
   -1   -2    1    3    3    0.000891    0.000022
   -1   -2    1    4    3    0.000165   -0.000005
   -1   -2    1    1    4   -0.005754   -0.000079
   -1   -2    1    2    4    0.005683    0.000008
   -1   -2    1    3    4    0.002942    0.000054
   -1   -2    1    4    4    0.000911    0.000024
   -1   -2    2    1    1   -0.004756   -0.000017
   -1   -2    2    2    1    0.005752   -0.000015
   -1   -2    2    3    1    0.008480   -0.000029
   -1   -2    2    4    1   -0.004030    0.000063
   -1   -2    2    1    2    0.002280    0.000049
   -1   -2    2    2    2    0.000875   -0.000016
   -1   -2    2    3    2   -0.004063   -0.000001
   -1   -2    2    4    2    0.000106   -0.000017
   -1   -2    2    1    3    0.004185    0.000022
   -1   -2    2    2    3   -0.005825   -0.000010
   -1   -2    2    3    3   -0.004689   -0.000024
   -1   -2    2    4    3    0.002204   -0.000014
   -1   -2    2    1    4   -0.005813   -0.000053
   -1   -2    2    2    4    0.002997    0.000049
   -1   -2    2    3    4    0.005701    0.000053
   -1   -2    2    4    4    0.000897   -0.000036
   -1   -2    3    1    1   -0.008711   -0.000039
   -1   -2    3    2    1    0.002690   -0.000019
   -1   -2    3    3    1   -0.000955    0.000030
   -1   -2    3    4    1    0.005492    0.000041
   -1   -2    3    1    2    0.002903    0.000010
   -1   -2    3    2    2    0.001502   -0.000052
   -1   -2    3    3    2   -0.004135    0.000000
   -1   -2    3    4    2   -0.001669    0.000063
   -1   -2    3    1    3    0.000693    0.000018
   -1   -2    3    2    3   -0.002043    0.000032
   -1   -2    3    3    3    0.003781   -0.000059
   -1   -2    3    4    3    0.000507   -0.000014
   -1   -2    3    1    4    0.004058   -0.000001
   -1   -2    3    2    4   -0.001337    0.000046
   -1   -2    3    3    4    0.000377    0.000035
   -1   -2    3    4    4   -0.003816   -0.000081
   -1   -2    4    1    1    0.002068   -0.000035
   -1   -2    4    2    1   -0.000332   -0.000018
   -1   -2    4    3    1   -0.002238    0.000055
   -1   -2    4    4    1   -0.000243    0.000001
   -1   -2    4    1    2    0.000121   -0.000006
   -1   -2    4    2    2    0.001376   -0.000058
   -1   -2    4    3    2   -0.001364   -0.000009
   -1   -2    4    4    2   -0.000726    0.000088
   -1   -2    4    1    3   -0.000990   -0.000016
   -1   -2    4    2    3   -0.000317    0.000052
   -1   -2    4    3    3    0.002911   -0.000059
   -1   -2    4    4    3   -0.000323    0.000009
   -1   -2    4    1    4    0.000079    0.000045
   -1   -2    4    2    4   -0.000721    0.000036
   -1   -2    4    3    4   -0.001261    0.000016
   -1   -2    4    4    4    0.001317   -0.000087
   -1   -2    5    1    1    0.000333   -0.000015
   -1   -2    5    2    1   -0.000521   -0.000004
   -1   -2    5    3    1   -0.000297    0.000041
   -1   -2    5    4    1    0.000365   -0.000025
   -1   -2    5    1    2   -0.000477   -0.000023
   -1   -2    5    2    2    0.000300   -0.000028
   -1   -2    5    3    2   -0.000326   -0.000004
   -1   -2    5    4    2    0.000388    0.000057
   -1   -2    5    1    3   -0.000175   -0.000034
   -1   -2    5    2    3   -0.000152    0.000041
   -1   -2    5    3    3   -0.000421   -0.000027
   -1   -2    5    4    3    0.000791    0.000021
   -1   -2    5    1    4    0.000408    0.000068
   -1   -2    5    2    4    0.000460    0.000007
   -1   -2    5    3    4    0.000634   -0.000021
   -1   -2    5    4    4   -0.001383   -0.000045
   -1   -1   -3    1    1    0.000392   -0.000001
   -1   -1   -3    2    1   -0.000509    0.000024
   -1   -1   -3    3    1   -0.000460    0.000013
   -1   -1   -3    4    1    0.000264   -0.000039
   -1   -1   -3    1    2   -0.000525   -0.000024
   -1   -1   -3    2    2    0.001637    0.000015
   -1   -1   -3    3    2   -0.000592   -0.000019
   -1   -1   -3    4    2   -0.000452    0.000017
   -1   -1   -3    1    3   -0.000478   -0.000031
   -1   -1   -3    2    3   -0.000592    0.000017
   -1   -1   -3    3    3    0.001584   -0.000015
   -1   -1   -3    4    3   -0.000438    0.000038
   -1   -1   -3    1    4    0.000243    0.000056
   -1   -1   -3    2    4   -0.000414   -0.000035
   -1   -1   -3    3    4   -0.000423   -0.000003
   -1   -1   -3    4    4    0.000289   -0.000012
   -1   -1   -2    1    1    0.001371    0.000017
   -1   -1   -2    2    1   -0.001344    0.000027
   -1   -1   -2    3    1    0.000133   -0.000007
   -1   -1   -2    4    1   -0.000751   -0.000042
   -1   -1   -2    1    2   -0.000356   -0.000015
   -1   -1   -2    2    2    0.002909    0.000069
   -1   -1   -2    3    2   -0.000989   -0.000028
   -1   -1   -2    4    2   -0.000284   -0.000033
   -1   -1   -2    1    3   -0.000288   -0.000042
   -1   -1   -2    2    3   -0.002199   -0.000003
   -1   -1   -2    3    3    0.001972    0.000037
   -1   -1   -2    4    3   -0.000221    0.000021
   -1   -1   -2    1    4   -0.000722    0.000043
   -1   -1   -2    2    4   -0.001308   -0.000070
   -1   -1   -2    3    4    0.000147   -0.000023
   -1   -1   -2    4    4    0.001294    0.000041
   -1   -1   -1    1    1    0.000193    0.000033
   -1   -1   -1    2    1   -0.008191    0.000017
   -1   -1   -1    3    1    0.002196   -0.000020
   -1   -1   -1    4    1    0.002144   -0.000035
   -1   -1   -1    1    2   -0.002696    0.000016
   -1   -1   -1    2    2    0.014646    0.000083
   -1   -1   -1    3    2   -0.002637   -0.000016
   -1   -1   -1    4    2   -0.002633   -0.000068
   -1   -1   -1    1    3    0.002172   -0.000039
   -1   -1   -1    2    3   -0.008210   -0.000008
   -1   -1   -1    3    3    0.000159    0.000069
   -1   -1   -1    4    3    0.002211   -0.000015
   -1   -1   -1    1    4    0.002233   -0.000000
   -1   -1   -1    2    4   -0.008242   -0.000069
   -1   -1   -1    3    4    0.002164   -0.000040
   -1   -1   -1    4    4    0.000185    0.000077
   -1   -1    0    1    1   -0.021468    0.000036
   -1   -1    0    2    1   -0.000054    0.000034
   -1   -1    0    3    1    0.017504   -0.000033
   -1   -1    0    4    1    0.003106   -0.000009
   -1   -1    0    1    2    0.002191    0.000064
   -1   -1    0    2    2    0.024181    0.000034
   -1   -1    0    3    2   -0.013887   -0.000000
   -1   -1    0    4    2    0.002272   -0.000060
   -1   -1    0    1    3    0.009237   -0.000015
   -1   -1    0    2    3   -0.030583   -0.000003
   -1   -1    0    3    3   -0.006063    0.000063
   -1   -1    0    4    3    0.009150   -0.000046
   -1   -1    0    1    4    0.003248   -0.000073
   -1   -1    0    2    4   -0.000131   -0.000026
   -1   -1    0    3    4    0.017401   -0.000017
   -1   -1    0    4    4   -0.021405    0.000064
   -1   -1    1    1    1   -0.015362   -0.000019
   -1   -1    1    2    1    0.041735    0.000010
   -1   -1    1    3    1    0.041661   -0.000054
   -1   -1    1    4    1   -0.022399    0.000047
   -1   -1    1    1    2    0.009531    0.000085
   -1   -1    1    2    2   -0.015296   -0.000022
   -1   -1    1    3    2   -0.022380    0.000000
   -1   -1    1    4    2    0.009452   -0.000050
   -1   -1    1    1    3    0.009514    0.000024
   -1   -1    1    2    3   -0.022380   -0.000010
   -1   -1    1    3    3   -0.015317    0.000002
   -1   -1    1    4    3    0.009442   -0.000034
   -1   -1    1    1    4   -0.022373   -0.000078
   -1   -1    1    2    4    0.041578    0.000089
   -1   -1    1    3    4    0.041651    0.000033
   -1   -1    1    4    4   -0.015304    0.000013
   -1   -1    2    1    1   -0.021516   -0.000040
   -1   -1    2    2    1    0.017456   -0.000018
   -1   -1    2    3    1   -0.000121   -0.000011
   -1   -1    2    4    1    0.003265    0.000072
   -1   -1    2    1    2    0.009245    0.000001
   -1   -1    2    2    2   -0.006035   -0.000068
   -1   -1    2    3    2   -0.030599    0.000020
   -1   -1    2    4    2    0.009147    0.000062
   -1   -1    2    1    3    0.002354    0.000058
   -1   -1    2    2    3   -0.013907    0.000020
   -1   -1    2    3    3    0.024204   -0.000053
   -1   -1    2    4    3    0.002091   -0.000046
   -1   -1    2    1    4    0.003093   -0.000030
   -1   -1    2    2    4    0.017486    0.000105
   -1   -1    2    3    4   -0.000076    0.000017
   -1   -1    2    4    4   -0.021388   -0.000080
   -1   -1    3    1    1    0.000184   -0.000043
   -1   -1    3    2    1    0.002143    0.000002
   -1   -1    3    3    1   -0.008243    0.000018
   -1   -1    3    4    1    0.002266    0.000031
   -1   -1    3    1    2    0.002175   -0.000024
   -1   -1    3    2    2    0.000188   -0.000077
   -1   -1    3    3    2   -0.008229    0.000008
   -1   -1    3    4    2    0.002194    0.000103
   -1   -1    3    1    3   -0.002602    0.000026
   -1   -1    3    2    3   -0.002651    0.000040
   -1   -1    3    3    3    0.014672   -0.000077
   -1   -1    3    4    3   -0.002743    0.000001
   -1   -1    3    1    4    0.002140    0.000017
   -1   -1    3    2    4    0.002228    0.000057
   -1   -1    3    3    4   -0.008213    0.000029
   -1   -1    3    4    4    0.000178   -0.000100
   -1   -1    4    1    1    0.001378   -0.000023
   -1   -1    4    2    1    0.000071    0.000015
   -1   -1    4    3    1   -0.001346    0.000027
   -1   -1    4    4    1   -0.000691   -0.000021
   -1   -1    4    1    2   -0.000313   -0.000022
   -1   -1    4    2    2    0.002024   -0.000042
   -1   -1    4    3    2   -0.002205   -0.000002
   -1   -1    4    4    2   -0.000251    0.000066
   -1   -1    4    1    3   -0.000295   -0.000010
   -1   -1    4    2    3   -0.000994    0.000036
   -1   -1    4    3    3    0.002888   -0.000061
   -1   -1    4    4    3   -0.000316    0.000035
   -1   -1    4    1    4   -0.000766    0.000051
   -1   -1    4    2    4    0.000176    0.000012
   -1   -1    4    3    4   -0.001289    0.000013
   -1   -1    4    4    4    0.001292   -0.000064
   -1   -1    5    1    1    0.000392   -0.000001
   -1   -1    5    2    1   -0.000509    0.000024
   -1   -1    5    3    1   -0.000460    0.000013
   -1   -1    5    4    1    0.000264   -0.000039
   -1   -1    5    1    2   -0.000525   -0.000024
   -1   -1    5    2    2    0.001637    0.000015
   -1   -1    5    3    2   -0.000592   -0.000019
   -1   -1    5    4    2   -0.000452    0.000017
   -1   -1    5    1    3   -0.000478   -0.000031
   -1   -1    5    2    3   -0.000592    0.000017
   -1   -1    5    3    3    0.001584   -0.000015
   -1   -1    5    4    3   -0.000438    0.000038
   -1   -1    5    1    4    0.000243    0.000056
   -1   -1    5    2    4   -0.000414   -0.000035
   -1   -1    5    3    4   -0.000423   -0.000003
   -1   -1    5    4    4    0.000289   -0.000012
   -1    0   -3    1    1    0.000397    0.000008
   -1    0   -3    2    1   -0.001011    0.000028
   -1    0   -3    3    1    0.000250    0.000013
   -1    0   -3    4    1   -0.000240   -0.000052
   -1    0   -3    1    2   -0.000449   -0.000011
   -1    0   -3    2    2   -0.000199    0.000051
   -1    0   -3    3    2    0.001560   -0.000057
   -1    0   -3    4    2   -0.000157   -0.000002
   -1    0   -3    1    3    0.000245   -0.000038
   -1    0   -3    2    3    0.000995    0.000008
   -1    0   -3    3    3   -0.003036    0.000012
   -1    0   -3    4    3    0.001434    0.000034
   -1    0   -3    1    4   -0.000378    0.000043
   -1    0   -3    2    4   -0.000111   -0.000061
   -1    0   -3    3    4    0.000931    0.000005
   -1    0   -3    4    4   -0.000781    0.000016
   -1    0   -2    1    1    0.001470    0.000028
   -1    0   -2    2    1   -0.004119    0.000005
   -1    0   -2    3    1    0.002904    0.000015
   -1    0   -2    4    1   -0.001641   -0.000051
   -1    0   -2    1    2   -0.002052    0.000003
   -1    0   -2    2    2    0.003741    0.000076
   -1    0   -2    3    2    0.000668   -0.000072
   -1    0   -2    4    2    0.000586   -0.000019
   -1    0   -2    1    3    0.002699   -0.000050
   -1    0   -2    2    3   -0.000900    0.000028
   -1    0   -2    3    3   -0.008793    0.000054
   -1    0   -2    4    3    0.005514   -0.000015
   -1    0   -2    1    4   -0.001315    0.000028
   -1    0   -2    2    4    0.000346   -0.000076
   -1    0   -2    3    4    0.004152   -0.000019
   -1    0   -2    4    4   -0.003915    0.000062
   -1    0   -1    1    1   -0.006047    0.000033
   -1    0   -1    2    1   -0.030601   -0.000032
   -1    0   -1    3    1    0.009263    0.000011
   -1    0   -1    4    1    0.009166   -0.000009
   -1    0   -1    1    2   -0.013916    0.000013
   -1    0   -1    2    2    0.024150    0.000057
   -1    0   -1    3    2    0.002241   -0.000042
   -1    0   -1    4    2    0.002263   -0.000022
   -1    0   -1    1    3    0.017472   -0.000013
   -1    0   -1    2    3   -0.000010    0.000070
   -1    0   -1    3    3   -0.021524    0.000075
   -1    0   -1    4    3    0.003171   -0.000082
   -1    0   -1    1    4    0.017473   -0.000008
   -1    0   -1    2    4   -0.000147   -0.000036
   -1    0   -1    3    4    0.003201   -0.000075
   -1    0   -1    4    4   -0.021481    0.000083
   -1    0    0    1    1   -0.147835    0.000022
   -1    0    0    2    1   -0.310872    0.000071
   -1    0    0    3    1    0.026844   -0.000063
   -1    0    0    4    1    0.122789    0.000044
   -1    0    0    1    2    0.123136    0.000061
   -1    0    0    2    2    0.673551    0.000085
   -1    0    0    3    2    0.122930    0.000082
   -1    0    0    4    2   -0.372247   -0.000044
   -1    0    0    1    3    0.026553    0.000018
   -1    0    0    2    3   -0.311156   -0.000001
   -1    0    0    3    3   -0.148208   -0.000006
   -1    0    0    4    3    0.123146   -0.000002
   -1    0    0    1    4   -0.311106   -0.000103
   -1    0    0    2    4   -1.223483   -0.000016
   -1    0    0    3    4   -0.310333   -0.000303
   -1    0    0    4    4    0.673175   -0.000011
   -1    0    1    1    1   -0.148152   -0.000064
   -1    0    1    2    1    0.026901   -0.000063
   -1    0    1    3    1   -0.309327   -0.000293
   -1    0    1    4    1    0.122468    0.000210
   -1    0    1    1    2    0.026469    0.000044
   -1    0    1    2    2   -0.148016   -0.000011
   -1    0    1    3    2   -0.310884    0.000072
   -1    0    1    4    2    0.123084   -0.000012
   -1    0    1    1    3    0.123745    0.000132
   -1    0    1    2    3    0.122924   -0.000033
   -1    0    1    3    3    0.672569   -0.000089
   -1    0    1    4    3   -0.372327   -0.000086
   -1    0    1    1    4   -0.312337   -0.000138
   -1    0    1    2    4   -0.311138    0.000338
   -1    0    1    3    4   -1.223376   -0.000046
   -1    0    1    4    4    0.674302    0.000005
   -1    0    2    1    1   -0.006136   -0.000043
   -1    0    2    2    1    0.009195    0.000004
   -1    0    2    3    1   -0.030560   -0.000036
   -1    0    2    4    1    0.009302    0.000067
   -1    0    2    1    2    0.017496   -0.000054
   -1    0    2    2    2   -0.021519   -0.000099
   -1    0    2    3    2   -0.000131    0.000014
   -1    0    2    4    2    0.003193    0.000121
   -1    0    2    1    3   -0.013822    0.000066
   -1    0    2    2    3    0.002278    0.000009
   -1    0    2    3    3    0.024256   -0.000042
   -1    0    2    4    3    0.002076   -0.000013
   -1    0    2    1    4    0.017461   -0.000025
   -1    0    2    2    4    0.003201    0.000138
   -1    0    2    3    4   -0.000161   -0.000036
   -1    0    2    4    4   -0.021451   -0.000108
   -1    0    3    1    1    0.001461   -0.000027
   -1    0    3    2    1    0.002844    0.000036
   -1    0    3    3    1   -0.004117    0.000001
   -1    0    3    4    1   -0.001560   -0.000014
   -1    0    3    1    2    0.002686   -0.000035
   -1    0    3    2    2   -0.008770   -0.000064
   -1    0    3    3    2   -0.000891    0.000026
   -1    0    3    4    2    0.005477    0.000065
   -1    0    3    1    3   -0.001990    0.000030
   -1    0    3    2    3    0.000672    0.000004
   -1    0    3    3    3    0.003750   -0.000069
   -1    0    3    4    3    0.000504    0.000048
   -1    0    3    1    4   -0.001349    0.000022
   -1    0    3    2    4    0.004174    0.000057
   -1    0    3    3    4    0.000334   -0.000003
   -1    0    3    4    4   -0.003882   -0.000072
   -1    0    4    1    1    0.000398   -0.000009
   -1    0    4    2    1    0.000203    0.000040
   -1    0    4    3    1   -0.000986    0.000011
   -1    0    4    4    1   -0.000216   -0.000045
   -1    0    4    1    2    0.000187   -0.000022
   -1    0    4    2    2   -0.002992   -0.000003
   -1    0    4    3    2    0.001040   -0.000014
   -1    0    4    4    2    0.001401    0.000023
   -1    0    4    1    3   -0.000380   -0.000005
   -1    0    4    2    3    0.001524    0.000003
   -1    0    4    3    3   -0.000232   -0.000038
   -1    0    4    4    3   -0.000164    0.000056
   -1    0    4    1    4   -0.000388    0.000036
   -1    0    4    2    4    0.000965   -0.000012
   -1    0    4    3    4   -0.000144    0.000007
   -1    0    4    4    4   -0.000768   -0.000026
   -1    1   -4    1    1    0.000133   -0.000001
   -1    1   -4    2    1    0.000166    0.000041
   -1    1   -4    3    1    0.000185    0.000013
   -1    1   -4    4    1   -0.000327   -0.000054
   -1    1   -4    1    2    0.000015   -0.000005
   -1    1   -4    2    2   -0.002648    0.000031
   -1    1   -4    3    2    0.002510   -0.000046
   -1    1   -4    4    2    0.000201   -0.000001
   -1    1   -4    1    3    0.000090   -0.000012
   -1    1   -4    2    3    0.002431   -0.000010
   -1    1   -4    3    3   -0.002683   -0.000006
   -1    1   -4    4    3    0.000222    0.000047
   -1    1   -4    1    4    0.000039    0.000018
   -1    1   -4    2    4    0.000111   -0.000037
   -1    1   -4    3    4    0.000060    0.000011
   -1    1   -4    4    4    0.000069    0.000008
   -1    1   -3    1    1    0.000483    0.000016
   -1    1   -3    2    1    0.000068    0.000012
   -1    1   -3    3    1    0.000638    0.000031
   -1    1   -3    4    1   -0.001056   -0.000059
   -1    1   -3    1    2   -0.000902    0.000009
   -1    1   -3    2    2   -0.003213    0.000054
   -1    1   -3    3    2    0.002322   -0.000086
   -1    1   -3    4    2    0.000625    0.000003
   -1    1   -3    1    3    0.001246   -0.000037
   -1    1   -3    2    3    0.003246    0.000032
   -1    1   -3    3    3   -0.003315    0.000025
   -1    1   -3    4    3    0.000164   -0.000007
   -1    1   -3    1    4   -0.000287    0.000015
   -1    1   -3    2    4    0.001247   -0.000074
   -1    1   -3    3    4   -0.000826    0.000011
   -1    1   -3    4    4    0.000405    0.000049
   -1    1   -2    1    1    0.000833    0.000030
   -1    1   -2    2    1   -0.004060   -0.000019
   -1    1   -2    3    1    0.002288    0.000030
   -1    1   -2    4    1    0.000160   -0.000034
   -1    1   -2    1    2   -0.005789    0.000010
   -1    1   -2    2    2   -0.004728    0.000041
   -1    1   -2    3    2    0.004169   -0.000082
   -1    1   -2    4    2    0.002253    0.000014
   -1    1   -2    1    3    0.005710   -0.000023
   -1    1   -2    2    3    0.008545    0.000085
   -1    1   -2    3    3   -0.004852    0.000051
   -1    1   -2    4    3   -0.003967   -0.000085
   -1    1   -2    1    4    0.003026   -0.000008
   -1    1   -2    2    4    0.005696   -0.000074
   -1    1   -2    3    4   -0.005733   -0.000013
   -1    1   -2    4    4    0.000757    0.000082
   -1    1   -1    1    1   -0.015300   -0.000007
   -1    1   -1    2    1   -0.022333   -0.000031
   -1    1   -1    3    1    0.009562   -0.000002
   -1    1   -1    4    1    0.009449    0.000050
   -1    1   -1    1    2   -0.022338   -0.000004
   -1    1   -1    2    2   -0.015343   -0.000004
   -1    1   -1    3    2    0.009469   -0.000039
   -1    1   -1    4    2    0.009521    0.000008
   -1    1   -1    1    3    0.041679    0.000016
   -1    1   -1    2    3    0.041785    0.000142
   -1    1   -1    3    3   -0.015481    0.000090
   -1    1   -1    4    3   -0.022372   -0.000153
   -1    1   -1    1    4    0.041590   -0.000001
   -1    1   -1    2    4    0.041541   -0.000037
   -1    1   -1    3    4   -0.022359   -0.000063
   -1    1   -1    4    4   -0.015377    0.000065
   -1    1    0    1    1    0.673912   -0.000032
   -1    1    0    2    1    0.123599   -0.000207
   -1    1    0    3    1    0.122335    0.000082
   -1    1    0    4    1   -0.372224    0.000133
   -1    1    0    1    2   -0.310212    0.000185
   -1    1    0    2    2   -0.148084    0.000016
   -1    1    0    3    2    0.027037   -0.000009
   -1    1    0    4    2    0.122483   -0.000120
   -1    1    0    1    3   -0.312534   -0.000199
   -1    1    0    2    3    0.026384    0.000049
   -1    1    0    3    3   -0.147996   -0.000018
   -1    1    0    4    3    0.123589    0.000026
   -1    1    0    1    4   -1.223341    0.000028
   -1    1    0    2    4   -0.311491    0.000357
   -1    1    0    3    4   -0.309394   -0.000306
   -1    1    0    4    4    0.672795    0.000003
   -1    1    1    1    1   -0.015434   -0.000017
   -1    1    1    2    1    0.009449   -0.000032
   -1    1    1    3    1   -0.022358   -0.000039
   -1    1    1    4    1    0.009593    0.000086
   -1    1    1    1    2    0.041803   -0.000109
   -1    1    1    2    2   -0.015442   -0.000085
   -1    1    1    3    2    0.041617    0.000078
   -1    1    1    4    2   -0.022390    0.000070
   -1    1    1    1    3   -0.022361    0.000054
   -1    1    1    2    3    0.009610   -0.000025
   -1    1    1    3    3   -0.015226    0.000019
   -1    1    1    4    3    0.009340   -0.000013
   -1    1    1    1    4    0.041725    0.000016
   -1    1    1    2    4   -0.022364    0.000164
   -1    1    1    3    4    0.041494   -0.000065
   -1    1    1    4    4   -0.015349   -0.000107
   -1    1    2    1    1    0.000807   -0.000023
   -1    1    2    2    1    0.002203    0.000036
   -1    1    2    3    1   -0.004050   -0.000021
   -1    1    2    4    1    0.000257   -0.000001
   -1    1    2    1    2    0.005733   -0.000056
   -1    1    2    2    2   -0.004844   -0.000074
   -1    1    2    3    2    0.008538    0.000068
   -1    1    2    4    2   -0.004001    0.000048
   -1    1    2    1    3   -0.005779    0.000055
   -1    1    2    2    3    0.004236   -0.000044
   -1    1    2    3    3   -0.004702   -0.000042
   -1    1    2    4    3    0.002128    0.000055
   -1    1    2    1    4    0.003039    0.000004
   -1    1    2    2    4   -0.005738    0.000106
   -1    1    2    3    4    0.005643   -0.000029
   -1    1    2    4    4    0.000821   -0.000067
   -1    1    3    1    1    0.000481   -0.000012
   -1    1    3    2    1    0.000591    0.000055
   -1    1    3    3    1    0.000073   -0.000004
   -1    1    3    4    1   -0.001012   -0.000042
   -1    1    3    1    2    0.001198   -0.000028
   -1    1    3    2    2   -0.003286   -0.000022
   -1    1    3    3    2    0.003317    0.000016
   -1    1    3    4    2    0.000118    0.000017
   -1    1    3    1    3   -0.000846    0.000027
   -1    1    3    2    3    0.002298   -0.000038
   -1    1    3    3    3   -0.003230   -0.000037
   -1    1    3    4    3    0.000585    0.000071
   -1    1    3    1    4   -0.000285    0.000011
   -1    1    3    2    4   -0.000800    0.000031
   -1    1    3    3    4    0.001189   -0.000008
   -1    1    3    4    4    0.000443   -0.000030
   -1    1    4    1    1    0.000133   -0.000001
   -1    1    4    2    1    0.000166    0.000041
   -1    1    4    3    1    0.000185    0.000013
   -1    1    4    4    1   -0.000327   -0.000054
   -1    1    4    1    2    0.000015   -0.000005
   -1    1    4    2    2   -0.002648    0.000031
   -1    1    4    3    2    0.002510   -0.000046
   -1    1    4    4    2    0.000201   -0.000001
   -1    1    4    1    3    0.000090   -0.000012
   -1    1    4    2    3    0.002431   -0.000010
   -1    1    4    3    3   -0.002683   -0.000006
   -1    1    4    4    3    0.000222    0.000047
   -1    1    4    1    4    0.000039    0.000018
   -1    1    4    2    4    0.000111   -0.000037
   -1    1    4    3    4    0.000060    0.000011
   -1    1    4    4    4    0.000069    0.000008
   -1    2   -4    1    1    0.000261    0.000005
   -1    2   -4    2    1    0.000092    0.000021
   -1    2   -4    3    1   -0.000278    0.000025
   -1    2   -4    4    1   -0.000166   -0.000050
   -1    2   -4    1    2    0.000046    0.000021
   -1    2   -4    2    2    0.000059    0.000042
   -1    2   -4    3    2   -0.000454   -0.000065
   -1    2   -4    4    2    0.000304   -0.000012
   -1    2   -4    1    3   -0.000063   -0.000016
   -1    2   -4    2    3   -0.000364    0.000002
   -1    2   -4    3    3    0.000570    0.000001
   -1    2   -4    4    3    0.000033    0.000019
   -1    2   -4    1    4   -0.000083   -0.000008
   -1    2   -4    2    4    0.000352   -0.000050
   -1    2   -4    3    4   -0.000099    0.000025
   -1    2   -4    4    4   -0.000086    0.000035
   -1    2   -3    1    1   -0.000042    0.000018
   -1    2   -3    2    1   -0.000926   -0.000016
   -1    2   -3    3    1    0.000520    0.000042
   -1    2   -3    4    1    0.000179   -0.000041
   -1    2   -3    1    2   -0.000960    0.000028
   -1    2   -3    2    2   -0.000020    0.000028
   -1    2   -3    3    2    0.000504   -0.000078
   -1    2   -3    4    2    0.000196    0.000012
   -1    2   -3    1    3    0.001146   -0.000027
   -1    2   -3    2    3    0.001099    0.000059
   -1    2   -3    3    3    0.000383    0.000015
   -1    2   -3    4    3   -0.001823   -0.000047
   -1    2   -3    1    4    0.000458   -0.000014
   -1    2   -3    2    4    0.000444   -0.000065
   -1    2   -3    3    4   -0.002389    0.000016
   -1    2   -3    4    4    0.001537    0.000062
   -1    2   -2    1    1   -0.004726    0.000008
   -1    2   -2    2    1   -0.005774   -0.000041
   -1    2   -2    3    1    0.004218    0.000028
   -1    2   -2    4    1    0.002209    0.000004
   -1    2   -2    1    2   -0.004066    0.000017
   -1    2   -2    2    2    0.000858   -0.000006
   -1    2   -2    3    2    0.002224   -0.000049
   -1    2   -2    4    2    0.000196    0.000034
   -1    2   -2    1    3    0.008543   -0.000024
   -1    2   -2    2    3    0.005737    0.000090
   -1    2   -2    3    3   -0.004859    0.000046
   -1    2   -2    4    3   -0.003980   -0.000108
   -1    2   -2    1    4    0.005717   -0.000003
   -1    2   -2    2    4    0.002948   -0.000038
   -1    2   -2    3    4   -0.005719   -0.000019
   -1    2   -2    4    4    0.000780    0.000053
   -1    2   -1    1    1    0.024148   -0.000031
   -1    2   -1    2    1   -0.013854   -0.000082
   -1    2   -1    3    1    0.002191    0.000029
   -1    2   -1    4    1    0.002287    0.000048
   -1    2   -1    1    2   -0.030553    0.000008
   -1    2   -1    2    2   -0.006084   -0.000038
   -1    2   -1    3    2    0.009233    0.000001
   -1    2   -1    4    2    0.009193    0.000028
   -1    2   -1    1    3   -0.000100    0.000023
   -1    2   -1    2    3    0.017562    0.000077
   -1    2   -1    3    3   -0.021488    0.000068
   -1    2   -1    4    3    0.003136   -0.000147
   -1    2   -1    1    4   -0.000096    0.000037
   -1    2   -1    2    4    0.017325    0.000073
   -1    2   -1    3    4    0.003262   -0.000087
   -1    2   -1    4    4   -0.021487    0.000027
   -1    2    0    1    1    0.024076    0.000004
   -1    2    0    2    1    0.002240   -0.000073
   -1    2    0    3    1   -0.013925    0.000023
   -1    2    0    4    1    0.002344    0.000063
   -1    2    0    1    2    0.000008   -0.000089
   -1    2    0    2    2   -0.021520   -0.000065
   -1    2    0    3    2    0.017453    0.000046
   -1    2    0    4    2    0.003149    0.000059
   -1    2    0    1    3   -0.030619    0.000053
   -1    2    0    2    3    0.009310    0.000005
   -1    2    0    3    3   -0.005987    0.000036
   -1    2    0    4    3    0.009057   -0.000085
   -1    2    0    1    4   -0.000021   -0.000003
   -1    2    0    2    4    0.003162    0.000134
   -1    2    0    3    4    0.017416   -0.000088
   -1    2    0    4    4   -0.021453   -0.000035
   -1    2    1    1    1   -0.004781   -0.000005
   -1    2    1    2    1    0.004141    0.000008
   -1    2    1    3    1   -0.005760   -0.000020
   -1    2    1    4    1    0.002298    0.000018
   -1    2    1    1    2    0.008563   -0.000086
   -1    2    1    2    2   -0.004827   -0.000047
   -1    2    1    3    2    0.005712    0.000074
   -1    2    1    4    2   -0.004010    0.000035
   -1    2    1    1    3   -0.004065    0.000059
   -1    2    1    2    3    0.002314   -0.000061
   -1    2    1    3    3    0.000881   -0.000005
   -1    2    1    4    3    0.000063    0.000014
   -1    2    1    1    4    0.005755    0.000003
   -1    2    1    2    4   -0.005746    0.000103
   -1    2    1    3    4    0.002917   -0.000034
   -1    2    1    4    4    0.000848   -0.000041
   -1    2    2    1    1   -0.000059   -0.000005
   -1    2    2    2    1    0.000474    0.000048
   -1    2    2    3    1   -0.000927   -0.000022
   -1    2    2    4    1    0.000234   -0.000021
   -1    2    2    1    2    0.001108   -0.000042
   -1    2    2    2    2    0.000416   -0.000019
   -1    2    2    3    2    0.001160    0.000039
   -1    2    2    4    2   -0.001871    0.000006
   -1    2    2    1    3   -0.000925    0.000047
   -1    2    2    2    3    0.000511   -0.000077
   -1    2    2    3    3   -0.000024   -0.000019
   -1    2    2    4    3    0.000135    0.000060
   -1    2    2    1    4    0.000482   -0.000006
   -1    2    2    2    4   -0.002395    0.000062
   -1    2    2    3    4    0.000383   -0.000009
   -1    2    2    4    4    0.001593   -0.000029
   -1    2    3    1    1    0.000260   -0.000004
   -1    2    3    2    1   -0.000287    0.000048
   -1    2    3    3    1    0.000083   -0.000005
   -1    2    3    4    1   -0.000149   -0.000038
   -1    2    3    1    2   -0.000140   -0.000005
   -1    2    3    2    2    0.000603    0.000021
   -1    2    3    3    2   -0.000264   -0.000018
   -1    2    3    4    2   -0.000008   -0.000013
   -1    2    3    1    3    0.000118    0.000013
   -1    2    3    2    3   -0.000526   -0.000051
   -1    2    3    3    3    0.000034   -0.000011
   -1    2    3    4    3    0.000309    0.000059
   -1    2    3    1    4   -0.000074   -0.000006
   -1    2    3    2    4   -0.000069   -0.000002
   -1    2    3    3    4    0.000294    0.000015
   -1    2    3    4    4   -0.000066   -0.000003
   -1    3   -5    1    1    0.000923    0.000003
   -1    3   -5    2    1   -0.000535    0.000025
   -1    3   -5    3    1   -0.000569    0.000001
   -1    3   -5    4    1    0.000061   -0.000027
   -1    3   -5    1    2   -0.000591    0.000023
   -1    3   -5    2    2    0.000915    0.000039
   -1    3   -5    3    2   -0.000511   -0.000039
   -1    3   -5    4    2    0.000055   -0.000030
   -1    3   -5    1    3   -0.000534    0.000003
   -1    3   -5    2    3   -0.000606   -0.000036
   -1    3   -5    3    3    0.000904   -0.000009
   -1    3   -5    4    3    0.000093    0.000041
   -1    3   -5    1    4    0.000241   -0.000029
   -1    3   -5    2    4    0.000267   -0.000023
   -1    3   -5    3    4    0.000228    0.000041
   -1    3   -5    4    4   -0.000319    0.000015
   -1    3   -4    1    1    0.000072    0.000007
   -1    3   -4    2    1    0.000105   -0.000006
   -1    3   -4    3    1   -0.000502    0.000034
   -1    3   -4    4    1    0.000291   -0.000033
   -1    3   -4    1    2    0.000056    0.000041
   -1    3   -4    2    2    0.000292    0.000025
   -1    3   -4    3    2   -0.000264   -0.000059
   -1    3   -4    4    2   -0.000187   -0.000011
   -1    3   -4    1    3   -0.000299   -0.000012
   -1    3   -4    2    3   -0.000145    0.000022
   -1    3   -4    3    3    0.000584   -0.000011
   -1    3   -4    4    3    0.000036   -0.000004
   -1    3   -4    1    4    0.000310   -0.000032
   -1    3   -4    2    4   -0.000090   -0.000040
   -1    3   -4    3    4   -0.000076    0.000035
   -1    3   -4    4    4   -0.000061    0.000038
   -1    3   -3    1    1   -0.003187    0.000002
   -1    3   -3    2    1   -0.000864   -0.000040
   -1    3   -3    3    1    0.002302    0.000047
   -1    3   -3    4    1    0.000595   -0.000009
   -1    3   -3    1    2    0.000059    0.000031
   -1    3   -3    2    2    0.000527   -0.000008
   -1    3   -3    3    2    0.000605   -0.000048
   -1    3   -3    4    2   -0.001071    0.000027
   -1    3   -3    1    3    0.003284   -0.000026
   -1    3   -3    2    3    0.001210    0.000060
   -1    3   -3    3    3   -0.003303    0.000006
   -1    3   -3    4    3    0.000150   -0.000050
   -1    3   -3    1    4    0.001200   -0.000007
   -1    3   -3    2    4   -0.000338   -0.000019
   -1    3   -3    3    4   -0.000782    0.000006
   -1    3   -3    4    4    0.000450    0.000023
   -1    3   -2    1    1    0.003751   -0.000010
   -1    3   -2    2    1   -0.002024   -0.000063
   -1    3   -2    3    1    0.000652    0.000047
   -1    3   -2    4    1    0.000580    0.000012
   -1    3   -2    1    2   -0.004095    0.000003
   -1    3   -2    2    2    0.001489   -0.000034
   -1    3   -2    3    2    0.002852   -0.000014
   -1    3   -2    4    2   -0.001634    0.000054
   -1    3   -2    1    3   -0.000912   -0.000024
   -1    3   -2    2    3    0.002729    0.000061
   -1    3   -2    3    3   -0.008765    0.000030
   -1    3   -2    4    3    0.005473   -0.000071
   -1    3   -2    1    4    0.000338    0.000030
   -1    3   -2    2    4   -0.001407    0.000033
   -1    3   -2    3    4    0.004206   -0.000049
   -1    3   -2    4    4   -0.003887   -0.000005
   -1    3   -1    1    1    0.014619   -0.000001
   -1    3   -1    2    1   -0.002665   -0.000063
   -1    3   -1    3    1   -0.002643    0.000038
   -1    3   -1    4    1   -0.002620    0.000021
   -1    3   -1    1    2   -0.008167   -0.000044
   -1    3   -1    2    2    0.000180   -0.000038
   -1    3   -1    3    2    0.002141    0.000031
   -1    3   -1    4    2    0.002192    0.000050
   -1    3   -1    1    3   -0.008244    0.000014
   -1    3   -1    2    3    0.002233    0.000034
   -1    3   -1    3    3    0.000192    0.000035
   -1    3   -1    4    3    0.002156   -0.000078
   -1    3   -1    1    4   -0.008196    0.000025
   -1    3   -1    2    4    0.002141    0.000074
   -1    3   -1    3    4    0.002221   -0.000089
   -1    3   -1    4    4    0.000163   -0.000008
   -1    3    0    1    1    0.003717    0.000016
   -1    3    0    2    1    0.000633   -0.000015
   -1    3    0    3    1   -0.001997    0.000007
   -1    3    0    4    1    0.000603    0.000008
   -1    3    0    1    2   -0.000877   -0.000080
   -1    3    0    2    2   -0.008756   -0.000023
   -1    3    0    3    2    0.002682    0.000056
   -1    3    0    4    2    0.005460    0.000029
   -1    3    0    1    3   -0.004134    0.000040
   -1    3    0    2    3    0.002940   -0.000027
   -1    3    0    3    3    0.001498    0.000020
   -1    3    0    4    3   -0.001711   -0.000037
   -1    3    0    1    4    0.000371    0.000003
   -1    3    0    2    4    0.004130    0.000066
   -1    3    0    3    4   -0.001386   -0.000065
   -1    3    0    4    4   -0.003829    0.000003
   -1    3    1    1    1   -0.003222    0.000010
   -1    3    1    2    1    0.002284    0.000028
   -1    3    1    3    1   -0.000858   -0.000027
   -1    3    1    4    1    0.000627   -0.000004
   -1    3    1    1    2    0.003263   -0.000054
   -1    3    1    2    2   -0.003262    0.000005
   -1    3    1    3    2    0.001236    0.000046
   -1    3    1    4    2    0.000106   -0.000009
   -1    3    1    1    3    0.000058    0.000047
   -1    3    1    2    3    0.000635   -0.000077
   -1    3    1    3    3    0.000531    0.000006
   -1    3    1    4    3   -0.001119    0.000019
   -1    3    1    1    4    0.001252   -0.000015
   -1    3    1    2    4   -0.000834    0.000050
   -1    3    1    3    4   -0.000375   -0.000014
   -1    3    1    4    4    0.000508   -0.000001
   -1    3    2    1    1    0.000061    0.000004
   -1    3    2    2    1   -0.000488    0.000039
   -1    3    2    3    1    0.000077   -0.000027
   -1    3    2    4    1    0.000307   -0.000011
   -1    3    2    1    2   -0.000351   -0.000012
   -1    3    2    2    2    0.000611    0.000027
   -1    3    2    3    2   -0.000056    0.000003
   -1    3    2    4    2   -0.000016   -0.000027
   -1    3    2    1    3    0.000089    0.000027
   -1    3    2    2    3   -0.000311   -0.000078
   -1    3    2    3    3    0.000290   -0.000002
   -1    3    2    4    3   -0.000186    0.000051
   -1    3    2    1    4    0.000342   -0.000024
   -1    3    2    2    4   -0.000084    0.000019
   -1    3    2    3    4   -0.000146    0.000025
   -1    3    2    4    4   -0.000025   -0.000007
   -1    3    3    1    1    0.000923    0.000003
   -1    3    3    2    1   -0.000535    0.000025
   -1    3    3    3    1   -0.000569    0.000001
   -1    3    3    4    1    0.000061   -0.000027
   -1    3    3    1    2   -0.000591    0.000023
   -1    3    3    2    2    0.000915    0.000039
   -1    3    3    3    2   -0.000511   -0.000039
   -1    3    3    4    2    0.000055   -0.000030
   -1    3    3    1    3   -0.000534    0.000003
   -1    3    3    2    3   -0.000606   -0.000036
   -1    3    3    3    3    0.000904   -0.000009
   -1    3    3    4    3    0.000093    0.000041
   -1    3    3    1    4    0.000241   -0.000029
   -1    3    3    2    4    0.000267   -0.000023
   -1    3    3    3    4    0.000228    0.000041
   -1    3    3    4    4   -0.000319    0.000015
   -1    4   -4    1    1   -0.002580   -0.000008
   -1    4   -4    2    1    0.000064   -0.000027
   -1    4   -4    3    1    0.002432    0.000042
   -1    4   -4    4    1    0.000172   -0.000004
   -1    4   -4    1    2    0.000170    0.000041
   -1    4   -4    2    2    0.000178   -0.000007
   -1    4   -4    3    2    0.000170   -0.000043
   -1    4   -4    4    2   -0.000377    0.000017
   -1    4   -4    1    3    0.002466   -0.000010
   -1    4   -4    2    3    0.000018    0.000034
   -1    4   -4    3    3   -0.002650   -0.000023
   -1    4   -4    4    3    0.000226   -0.000016
   -1    4   -4    1    4    0.000013   -0.000023
   -1    4   -4    2    4    0.000012   -0.000005
   -1    4   -4    3    4    0.000123    0.000033
   -1    4   -4    4    4    0.000125   -0.000002
   -1    4   -3    1    1   -0.000144   -0.000018
   -1    4   -3    2    1   -0.000427   -0.000051
   -1    4   -3    3    1    0.001512    0.000061
   -1    4   -3    4    1   -0.000179    0.000003
   -1    4   -3    1    2   -0.000982    0.000015
   -1    4   -3    2    2    0.000427   -0.000036
   -1    4   -3    3    2    0.000200   -0.000026
   -1    4   -3    4    2   -0.000259    0.000060
   -1    4   -3    1    3    0.001003   -0.000030
   -1    4   -3    2    3    0.000221    0.000054
   -1    4   -3    3    3   -0.002998   -0.000009
   -1    4   -3    4    3    0.001411   -0.000027
   -1    4   -3    1    4   -0.000195    0.000030
   -1    4   -3    2    4   -0.000416    0.000030
   -1    4   -3    3    4    0.001002   -0.000013
   -1    4   -3    4    4   -0.000738   -0.000037
   -1    4   -2    1    1    0.002935   -0.000012
   -1    4   -2    2    1   -0.000352   -0.000050
   -1    4   -2    3    1   -0.000987    0.000054
   -1    4   -2    4    1   -0.000308   -0.000001
   -1    4   -2    1    2   -0.001308   -0.000026
   -1    4   -2    2    2    0.001369   -0.000036
   -1    4   -2    3    2    0.000061    0.000006
   -1    4   -2    4    2   -0.000716    0.000066
   -1    4   -2    1    3   -0.002223   -0.000026
   -1    4   -2    2    3   -0.000265    0.000046
   -1    4   -2    3    3    0.002006    0.000012
   -1    4   -2    4    3   -0.000254   -0.000030
   -1    4   -2    1    4   -0.001336    0.000056
   -1    4   -2    2    4   -0.000760    0.000045
   -1    4   -2    3    4    0.000200   -0.000065
   -1    4   -2    4    4    0.001299   -0.000032
   -1    4   -1    1    1    0.002920    0.000010
   -1    4   -1    2    1   -0.001029   -0.000017
   -1    4   -1    3    1   -0.000292    0.000026
   -1    4   -1    4    1   -0.000309   -0.000012
   -1    4   -1    1    2   -0.002188   -0.000058
   -1    4   -1    2    2    0.002027   -0.000011
   -1    4   -1    3    2   -0.000337    0.000040
   -1    4   -1    4    2   -0.000251    0.000027
   -1    4   -1    1    3   -0.001362    0.000005
   -1    4   -1    2    3    0.000155    0.000008
   -1    4   -1    3    3    0.001353    0.000026
   -1    4   -1    4    3   -0.000741   -0.000036
   -1    4   -1    1    4   -0.001312    0.000033
   -1    4   -1    2    4    0.000121    0.000028
   -1    4   -1    3    4   -0.000716   -0.000085
   -1    4   -1    4    4    0.001322    0.000017
   -1    4    0    1    1   -0.000179    0.000022
   -1    4    0    2    1    0.001527    0.000018
   -1    4    0    3    1   -0.000396   -0.000015
   -1    4    0    4    1   -0.000190   -0.000011
   -1    4    0    1    2    0.000994   -0.000053
   -1    4    0    2    2   -0.002972    0.000020
   -1    4    0    3    2    0.000211    0.000048
   -1    4    0    4    2    0.001396   -0.000021
   -1    4    0    1    3   -0.001019    0.000028
   -1    4    0    2    3    0.000253   -0.000046
   -1    4    0    3    3    0.000424    0.000026
   -1    4    0    4    3   -0.000284   -0.000018
   -1    4    0    1    4   -0.000126   -0.000009
   -1    4    0    2    4    0.000909    0.000013
   -1    4    0    3    4   -0.000425   -0.000047
   -1    4    0    4    4   -0.000688    0.000042
   -1    4    1    1    1   -0.002611    0.000017
   -1    4    1    2    1    0.002482    0.000029
   -1    4    1    3    1    0.000047   -0.000041
   -1    4    1    4    1    0.000158    0.000003
   -1    4    1    1    2    0.002432   -0.000014
   -1    4    1    2    2   -0.002628    0.000040
   -1    4    1    3    2    0.000075    0.000022
   -1    4    1    4    2    0.000192   -0.000051
   -1    4    1    1    3    0.000159    0.000024
   -1    4    1    2    3    0.000153   -0.000075
   -1    4    1    3    3    0.000188    0.000018
   -1    4    1    4    3   -0.000371    0.000020
   -1    4    1    1    4    0.000084   -0.000035
   -1    4    1    2    4    0.000067    0.000009
   -1    4    1    3    4   -0.000038    0.000014
   -1    4    1    4    4    0.000170    0.000022
   -1    5   -3    1    1    0.001692   -0.000025
   -1    5   -3    2    1   -0.000538   -0.000037
   -1    5   -3    3    1   -0.000610    0.000064
   -1    5   -3    4    1   -0.000479   -0.000006
   -1    5   -3    1    2   -0.000458   -0.000009
   -1    5   -3    2    2    0.000392   -0.000046
   -1    5   -3    3    2   -0.000519   -0.000011
   -1    5   -3    4    2    0.000271    0.000079
   -1    5   -3    1    3   -0.000610   -0.000036
   -1    5   -3    2    3   -0.000481    0.000052
   -1    5   -3    3    3    0.001619   -0.000023
   -1    5   -3    4    3   -0.000453   -0.000000
   -1    5   -3    1    4   -0.000497    0.000061
   -1    5   -3    2    4    0.000251    0.000038
   -1    5   -3    3    4   -0.000372   -0.000024
   -1    5   -3    4    4    0.000310   -0.000065
   -1    5   -2    1    1   -0.000346   -0.000004
   -1    5   -2    2    1   -0.000217   -0.000012
   -1    5   -2    3    1   -0.000153    0.000039
   -1    5   -2    4    1    0.000748   -0.000024
   -1    5   -2    1    2   -0.000292   -0.000039
   -1    5   -2    2    2    0.000299   -0.000016
   -1    5   -2    3    2   -0.000517    0.000016
   -1    5   -2    4    2    0.000392    0.000041
   -1    5   -2    1    3   -0.000320   -0.000027
   -1    5   -2    2    3   -0.000440    0.000029
   -1    5   -2    3    3    0.000260    0.000008
   -1    5   -2    4    3    0.000392   -0.000005
   -1    5   -2    1    4    0.000559    0.000063
   -1    5   -2    2    4    0.000440    0.000011
   -1    5   -2    3    4    0.000496   -0.000067
   -1    5   -2    4    4   -0.001377   -0.000011
   -1    5   -1    1    1    0.001670    0.000017
   -1    5   -1    2    1   -0.000611    0.000019
   -1    5   -1    3    1   -0.000478   -0.000001
   -1    5   -1    4    1   -0.000510   -0.000028
   -1    5   -1    1    2   -0.000615   -0.000044
   -1    5   -1    2    2    0.001647    0.000026
   -1    5   -1    3    2   -0.000519    0.000038
   -1    5   -1    4    2   -0.000451   -0.000021
   -1    5   -1    1    3   -0.000501   -0.000000
   -1    5   -1    2    3   -0.000448   -0.000014
   -1    5   -1    3    3    0.000361    0.000033
   -1    5   -1    4    3    0.000270   -0.000018
   -1    5   -1    1    4   -0.000438    0.000021
   -1    5   -1    2    4   -0.000465   -0.000019
   -1    5   -1    3    4    0.000266   -0.000070
   -1    5   -1    4    4    0.000338    0.000054
    0   -5    2    1    1    0.000243   -0.000001
    0   -5    2    2    1   -0.000168    0.000039
    0   -5    2    3    1   -0.000373   -0.000001
    0   -5    2    4    1    0.000217   -0.000031
    0   -5    2    1    2   -0.000214    0.000003
    0   -5    2    2    2    0.000212    0.000021
    0   -5    2    3    2   -0.000303   -0.000021
    0   -5    2    4    2    0.000217   -0.000016
    0   -5    2    1    3   -0.000399   -0.000000
    0   -5    2    2    3   -0.000458   -0.000051
    0   -5    2    3    3    0.000375   -0.000015
    0   -5    2    4    3    0.000404    0.000065
    0   -5    2    1    4    0.000389   -0.000004
    0   -5    2    2    4    0.000430   -0.000005
    0   -5    2    3    4    0.000174    0.000030
    0   -5    2    4    4   -0.000886   -0.000012
    0   -5    3    1    1    0.000253    0.000011
    0   -5    3    2    1   -0.000333    0.000016
    0   -5    3    3    1   -0.000192    0.000032
    0   -5    3    4    1    0.000197   -0.000050
    0   -5    3    1    2   -0.000464    0.000036
    0   -5    3    2    2    0.000401    0.000044
    0   -5    3    3    2   -0.000376   -0.000060
    0   -5    3    4    2    0.000371   -0.000029
    0   -5    3    1    3   -0.000158   -0.000030
    0   -5    3    2    3   -0.000403   -0.000007
    0   -5    3    3    3    0.000176   -0.000002
    0   -5    3    4    3    0.000285    0.000033
    0   -5    3    1    4    0.000386   -0.000013
    0   -5    3    2    4    0.000207   -0.000056
    0   -5    3    3    4    0.000421    0.000025
    0   -5    3    4    4   -0.000905    0.000040
    0   -4    0    1    1    0.021609    0.000000
    0   -4    0    2    1   -0.023105    0.000032
    0   -4    0    3    1    0.000270   -0.000032
    0   -4    0    4    1    0.000325    0.000009
    0   -4    0    1    2   -0.023105   -0.000032
    0   -4    0    2    2    0.021549    0.000000
    0   -4    0    3    2    0.000338    0.000052
    0   -4    0    4    2    0.000318   -0.000023
    0   -4    0    1    3    0.000270    0.000032
    0   -4    0    2    3    0.000338   -0.000052
    0   -4    0    3    3   -0.001010    0.000000
    0   -4    0    4    3   -0.000643    0.000006
    0   -4    0    1    4    0.000325   -0.000009
    0   -4    0    2    4    0.000318    0.000023
    0   -4    0    3    4   -0.000643   -0.000006
    0   -4    0    4    4   -0.001024    0.000000
    0   -4    1    1    1   -0.000176   -0.000000
    0   -4    1    2    1    0.001026    0.000044
    0   -4    1    3    1   -0.000187   -0.000034
    0   -4    1    4    1   -0.000984    0.000001
    0   -4    1    1    2    0.001502    0.000004
    0   -4    1    2    2   -0.002959    0.000025
    0   -4    1    3    2    0.000932    0.000007
    0   -4    1    4    2    0.000236   -0.000044
    0   -4    1    1    3   -0.000183    0.000006
    0   -4    1    2    3    0.001318   -0.000066
    0   -4    1    3    3   -0.000662   -0.000009
    0   -4    1    4    3   -0.000259    0.000056
    0   -4    1    1    4   -0.000394   -0.000018
    0   -4    1    2    4    0.000249    0.000000
    0   -4    1    3    4   -0.000429    0.000042
    0   -4    1    4    4    0.000404   -0.000013
    0   -4    2    1    1    0.000796    0.000007
    0   -4    2    2    1   -0.000394    0.000027
    0   -4    2    3    1   -0.000466    0.000001
    0   -4    2    4    1   -0.000212   -0.000021
    0   -4    2    1    2   -0.000311    0.000041
    0   -4    2    2    2   -0.001169    0.000040
    0   -4    2    3    2    0.001842   -0.000041
    0   -4    2    4    2   -0.000183   -0.000046
    0   -4    2    1    3   -0.000269   -0.000018
    0   -4    2    2    3    0.001734   -0.000036
    0   -4    2    3    3   -0.001174   -0.000017
    0   -4    2    4    3   -0.000118    0.000057
    0   -4    2    1    4    0.000182   -0.000028
    0   -4    2    2    4   -0.000511   -0.000034
    0   -4    2    3    4   -0.000545    0.000054
    0   -4    2    4    4    0.000486    0.000010
    0   -4    3    1    1   -0.000149    0.000005
    0   -4    3    2    1   -0.000138   -0.000005
    0   -4    3    3    1    0.000973    0.000036
    0   -4    3    4    1   -0.000996   -0.000022
    0   -4    3    1    2   -0.000205    0.000056
    0   -4    3    2    2   -0.000667    0.000033
    0   -4    3    3    2    0.001379   -0.000059
    0   -4    3    4    2   -0.000286   -0.000027
    0   -4    3    1    3    0.001529   -0.000034
    0   -4    3    2    3    0.000847    0.000011
    0   -4    3    3    3   -0.002982   -0.000013
    0   -4    3    4    3    0.000307    0.000015
    0   -4    3    1    4   -0.000426   -0.000025
    0   -4    3    2    4   -0.000377   -0.000047
    0   -4    3    3    4    0.000267    0.000041
    0   -4    3    4    4    0.000362    0.000028
    0   -4    4    1    1    0.021580    0.000000
    0   -4    4    2    1    0.000320   -0.000042
    0   -4    4    3    1   -0.023110    0.000047
    0   -4    4    4    1    0.000316    0.000003
    0   -4    4    1    2    0.000320    0.000042
    0   -4    4    2    2   -0.001016    0.000000
    0   -4    4    3    2    0.000276   -0.000048
    0   -4    4    4    2   -0.000616    0.000016
    0   -4    4    1    3   -0.023110   -0.000047
    0   -4    4    2    3    0.000276    0.000048
    0   -4    4    3    3    0.021579   -0.000000
    0   -4    4    4    3    0.000350   -0.000024
    0   -4    4    1    4    0.000316   -0.000003
    0   -4    4    2    4   -0.000616   -0.000016
    0   -4    4    3    4    0.000350    0.000024
    0   -4    4    4    4   -0.001082    0.000000
    0   -3   -2    1    1    0.000243    0.000001
    0   -3   -2    2    1   -0.000214   -0.000003
    0   -3   -2    3    1   -0.000399    0.000000
    0   -3   -2    4    1    0.000389    0.000004
    0   -3   -2    1    2   -0.000168   -0.000039
    0   -3   -2    2    2    0.000212   -0.000021
    0   -3   -2    3    2   -0.000458    0.000051
    0   -3   -2    4    2    0.000430    0.000005
    0   -3   -2    1    3   -0.000373    0.000001
    0   -3   -2    2    3   -0.000303    0.000021
    0   -3   -2    3    3    0.000375    0.000015
    0   -3   -2    4    3    0.000174   -0.000030
    0   -3   -2    1    4    0.000217    0.000031
    0   -3   -2    2    4    0.000217    0.000016
    0   -3   -2    3    4    0.000404   -0.000065
    0   -3   -2    4    4   -0.000886    0.000012
    0   -3   -1    1    1   -0.002941    0.000007
    0   -3   -1    2    1    0.000998    0.000034
    0   -3   -1    3    1    0.001358   -0.000035
    0   -3   -1    4    1    0.000221    0.000002
    0   -3   -1    1    2    0.001510   -0.000035
    0   -3   -1    2    2   -0.000204    0.000012
    0   -3   -1    3    2   -0.000187    0.000068
    0   -3   -1    4    2   -0.000374   -0.000048
    0   -3   -1    1    3    0.000884    0.000021
    0   -3   -1    2    3   -0.000135   -0.000029
    0   -3   -1    3    3   -0.000675    0.000020
    0   -3   -1    4    3   -0.000418   -0.000015
    0   -3   -1    1    4    0.000258   -0.000000
    0   -3   -1    2    4   -0.000977   -0.000002
    0   -3   -1    3    4   -0.000284   -0.000047
    0   -3   -1    4    4    0.000401    0.000039
    0   -3    0    1    1    0.033169    0.000006
    0   -3    0    2    1   -0.042269    0.000053
    0   -3    0    3    1   -0.002463   -0.000052
    0   -3    0    4    1   -0.002393    0.000003
    0   -3    0    1    2   -0.032601    0.000005
    0   -3    0    2    2    0.033099    0.000035
    0   -3    0    3    2    0.004909    0.000037
    0   -3    0    4    2    0.004838   -0.000073
    0   -3    0    1    3    0.004803    0.000002
    0   -3    0    2    3   -0.002378   -0.000055
    0   -3    0    3    3   -0.002718    0.000013
    0   -3    0    4    3   -0.001728    0.000022
    0   -3    0    1    4    0.004886   -0.000017
    0   -3    0    2    4   -0.002397   -0.000026
    0   -3    0    3    4   -0.001779    0.000013
    0   -3    0    4    4   -0.002725    0.000025
    0   -3    1    1    1    0.003724    0.000002
    0   -3    1    2    1   -0.000843    0.000042
    0   -3    1    3    1    0.000308   -0.000043
    0   -3    1    4    1   -0.004106    0.000016
    0   -3    1    1    2    0.000642    0.000054
    0   -3    1    2    2   -0.008707    0.000045
    0   -3    1    3    2    0.004152   -0.000015
    0   -3    1    4    2    0.002851   -0.000084
    0   -3    1    1    3    0.000570   -0.000014
    0   -3    1    2    3    0.005367   -0.000054
    0   -3    1    3    3   -0.003791   -0.000010
    0   -3    1    4    3   -0.001638    0.000051
    0   -3    1    1    4   -0.001993   -0.000042
    0   -3    1    2    4    0.002716   -0.000028
    0   -3    1    3    4   -0.001406    0.000069
    0   -3    1    4    4    0.001500    0.000008
    0   -3    2    1    1    0.003736   -0.000005
    0   -3    2    2    1    0.000384    0.000010
    0   -3    2    3    1   -0.000954   -0.000002
    0   -3    2    4    1   -0.004082    0.000017
    0   -3    2    1    2    0.000577    0.000065
    0   -3    2    2    2   -0.003808    0.000031
    0   -3    2    3    2    0.005451   -0.000045
    0   -3    2    4    2   -0.001704   -0.000046
    0   -3    2    1    3    0.000655   -0.000016
    0   -3    2    2    3    0.004056   -0.000018
    0   -3    2    3    3   -0.008692   -0.000031
    0   -3    2    4    3    0.002912    0.000031
    0   -3    2    1    4   -0.002025   -0.000041
    0   -3    2    2    4   -0.001334   -0.000025
    0   -3    2    3    4    0.002704    0.000074
    0   -3    2    4    4    0.001469   -0.000000
    0   -3    3    1    1    0.033100   -0.000016
    0   -3    3    2    1   -0.002375   -0.000029
    0   -3    3    3    1   -0.042326    0.000043
    0   -3    3    4    1   -0.002330    0.000014
    0   -3    3    1    2    0.004861    0.000047
    0   -3    3    2    2   -0.002724   -0.000000
    0   -3    3    3    2   -0.002429   -0.000050
    0   -3    3    4    2   -0.001738    0.000019
    0   -3    3    1    3   -0.032558   -0.000027
    0   -3    3    2    3    0.004789    0.000037
    0   -3    3    3    3    0.033180   -0.000035
    0   -3    3    4    3    0.004838   -0.000004
    0   -3    3    1    4    0.004845   -0.000014
    0   -3    3    2    4   -0.001701   -0.000012
    0   -3    3    3    4   -0.002391    0.000061
    0   -3    3    4    4   -0.002784   -0.000027
    0   -3    4    1    1   -0.002916   -0.000017
    0   -3    4    2    1    0.001328   -0.000045
    0   -3    4    3    1    0.001002    0.000048
    0   -3    4    4    1    0.000225    0.000015
    0   -3    4    1    2    0.000908    0.000017
    0   -3    4    2    2   -0.000663   -0.000034
    0   -3    4    3    2   -0.000191   -0.000033
    0   -3    4    4    2   -0.000389    0.000063
    0   -3    4    1    3    0.001529   -0.000041
    0   -3    4    2    3   -0.000177    0.000064
    0   -3    4    3    3   -0.000242   -0.000021
    0   -3    4    4    3   -0.000359   -0.000017
    0   -3    4    1    4    0.000202    0.000029
    0   -3    4    2    4   -0.000265    0.000018
    0   -3    4    3    4   -0.000900    0.000023
    0   -3    4    4    4    0.000353   -0.000057
    0   -3    5    1    1    0.000253   -0.000011
    0   -3    5    2    1   -0.000464   -0.000036
    0   -3    5    3    1   -0.000158    0.000030
    0   -3    5    4    1    0.000386    0.000013
    0   -3    5    1    2   -0.000333   -0.000016
    0   -3    5    2    2    0.000401   -0.000044
    0   -3    5    3    2   -0.000403    0.000007
    0   -3    5    4    2    0.000207    0.000056
    0   -3    5    1    3   -0.000192   -0.000032
    0   -3    5    2    3   -0.000376    0.000060
    0   -3    5    3    3    0.000176    0.000002
    0   -3    5    4    3    0.000421   -0.000025
    0   -3    5    1    4    0.000197    0.000050
    0   -3    5    2    4    0.000371    0.000029
    0   -3    5    3    4    0.000285   -0.000033
    0   -3    5    4    4   -0.000905   -0.000040
    0   -2   -3    1    1    0.000402   -0.000000
    0   -2   -3    2    1   -0.000398   -0.000003
    0   -2   -3    3    1   -0.000320    0.000013
    0   -2   -3    4    1    0.000189   -0.000011
    0   -2   -3    1    2   -0.000421   -0.000035
    0   -2   -3    2    2    0.000206   -0.000024
    0   -2   -3    3    2   -0.000203    0.000017
    0   -2   -3    4    2    0.000433    0.000030
    0   -2   -3    1    3   -0.000413   -0.000025
    0   -2   -3    2    3   -0.000127    0.000044
    0   -2   -3    3    3    0.000156   -0.000001
    0   -2   -3    4    3    0.000414   -0.000002
    0   -2   -3    1    4    0.000377    0.000057
    0   -2   -3    2    4    0.000235    0.000001
    0   -2   -3    3    4    0.000264   -0.000040
    0   -2   -3    4    4   -0.000923   -0.000016
    0   -2   -2    1    1   -0.001167    0.000012
    0   -2   -2    2    1   -0.000449    0.000028
    0   -2   -2    3    1    0.001818   -0.000024
    0   -2   -2    4    1   -0.000537   -0.000013
    0   -2   -2    1    2   -0.000304   -0.000043
    0   -2   -2    2    2    0.000742    0.000027
    0   -2   -2    3    2   -0.000280    0.000045
    0   -2   -2    4    2    0.000231   -0.000040
    0   -2   -2    1    3    0.001798   -0.000004
    0   -2   -2    2    3   -0.000386   -0.000007
    0   -2   -2    3    3   -0.001209    0.000027
    0   -2   -2    4    3   -0.000542    0.000001
    0   -2   -2    1    4   -0.000136    0.000034
    0   -2   -2    2    4   -0.000186   -0.000025
    0   -2   -2    3    4   -0.000163   -0.000060
    0   -2   -2    4    4    0.000466    0.000036
    0   -2   -1    1    1   -0.008714    0.000018
    0   -2   -1    2    1   -0.000876    0.000053
    0   -2   -1    3    1    0.005419   -0.000056
    0   -2   -1    4    1    0.002704   -0.000008
    0   -2   -1    1    2    0.000606   -0.000013
    0   -2   -1    2    2    0.003699    0.000061
    0   -2   -1    3    2    0.000615    0.000049
    0   -2   -1    4    2   -0.001991   -0.000095
    0   -2   -1    1    3    0.004120    0.000002
    0   -2   -1    2    3    0.000352   -0.000046
    0   -2   -1    3    3   -0.003824    0.000038
    0   -2   -1    4    3   -0.001377    0.000004
    0   -2   -1    1    4    0.002933   -0.000005
    0   -2   -1    2    4   -0.004091   -0.000043
    0   -2   -1    3    4   -0.001716   -0.000036
    0   -2   -1    4    4    0.001487    0.000060
    0   -2    0    1    1    0.099045    0.000014
    0   -2    0    2    1   -0.139393    0.000063
    0   -2    0    3    1   -0.014610   -0.000060
    0   -2    0    4    1   -0.014412    0.000003
    0   -2    0    1    2   -0.087770    0.000056
    0   -2    0    2    2    0.098887    0.000063
    0   -2    0    3    2    0.018907    0.000007
    0   -2    0    4    2    0.018696   -0.000102
    0   -2    0    1    3    0.018668   -0.000021
    0   -2    0    2    3   -0.014354   -0.000038
    0   -2    0    3    3   -0.010805    0.000021
    0   -2    0    4    3   -0.004769    0.000010
    0   -2    0    1    4    0.018834   -0.000031
    0   -2    0    2    4   -0.014467   -0.000083
    0   -2    0    3    4   -0.004886    0.000034
    0   -2    0    4    4   -0.010782    0.000042
    0   -2    1    1    1    0.024118   -0.000020
    0   -2    1    2    1   -0.000007    0.000033
    0   -2    1    3    1   -0.000141   -0.000054
    0   -2    1    4    1   -0.030542    0.000072
    0   -2    1    1    2    0.002287    0.000096
    0   -2    1    2    2   -0.021445    0.000046
    0   -2    1    3    2    0.003200   -0.000035
    0   -2    1    4    2    0.009134   -0.000101
    0   -2    1    1    3    0.002209   -0.000013
    0   -2    1    2    3    0.003163   -0.000041
    0   -2    1    3    3   -0.021390   -0.000030
    0   -2    1    4    3    0.009206    0.000016
    0   -2    1    1    4   -0.013862   -0.000059
    0   -2    1    2    4    0.017439   -0.000019
    0   -2    1    3    4    0.017394    0.000111
    0   -2    1    4    4   -0.006051    0.000010
    0   -2    2    1    1    0.098775   -0.000029
    0   -2    2    2    1   -0.014361   -0.000033
    0   -2    2    3    1   -0.139493    0.000011
    0   -2    2    4    1   -0.014216    0.000062
    0   -2    2    1    2    0.018816    0.000047
    0   -2    2    2    2   -0.010810   -0.000006
    0   -2    2    3    2   -0.014523   -0.000039
    0   -2    2    4    2   -0.004805    0.000011
    0   -2    2    1    3   -0.087699    0.000003
    0   -2    2    2    3    0.018669    0.000029
    0   -2    2    3    3    0.099188   -0.000061
    0   -2    2    4    3    0.018600   -0.000010
    0   -2    2    1    4    0.018824   -0.000043
    0   -2    2    2    4   -0.004735    0.000005
    0   -2    2    3    4   -0.014603    0.000112
    0   -2    2    4    4   -0.010841   -0.000047
    0   -2    3    1    1   -0.008705   -0.000028
    0   -2    3    2    1    0.005395   -0.000026
    0   -2    3    3    1   -0.000906    0.000042
    0   -2    3    4    1    0.002759    0.000021
    0   -2    3    1    2    0.004111    0.000013
    0   -2    3    2    2   -0.003803   -0.000040
    0   -2    3    3    2    0.000337   -0.000040
    0   -2    3    4    2   -0.001358    0.000082
    0   -2    3    1    3    0.000706   -0.000017
    0   -2    3    2    3    0.000557    0.000064
    0   -2    3    3    3    0.003681   -0.000065
    0   -2    3    4    3   -0.002021   -0.000007
    0   -2    3    1    4    0.002840    0.000012
    0   -2    3    2    4   -0.001623    0.000011
    0   -2    3    3    4   -0.004046    0.000075
    0   -2    3    4    4    0.001433   -0.000081
    0   -2    4    1    1   -0.001162   -0.000018
    0   -2    4    2    1    0.001752   -0.000025
    0   -2    4    3    1   -0.000412    0.000038
    0   -2    4    4    1   -0.000516    0.000002
    0   -2    4    1    2    0.001803   -0.000008
    0   -2    4    2    2   -0.001166   -0.000050
    0   -2    4    3    2   -0.000459   -0.000020
    0   -2    4    4    2   -0.000518    0.000078
    0   -2    4    1    3   -0.000262   -0.000037
    0   -2    4    2    3   -0.000253    0.000075
    0   -2    4    3    3    0.000702   -0.000033
    0   -2    4    4    3    0.000219   -0.000004
    0   -2    4    1    4   -0.000183    0.000056
    0   -2    4    2    4   -0.000146    0.000015
    0   -2    4    3    4   -0.000130    0.000012
    0   -2    4    4    4    0.000434   -0.000068
    0   -2    5    1    1    0.000402   -0.000000
    0   -2    5    2    1   -0.000398   -0.000003
    0   -2    5    3    1   -0.000320    0.000013
    0   -2    5    4    1    0.000189   -0.000011
    0   -2    5    1    2   -0.000421   -0.000035
    0   -2    5    2    2    0.000206   -0.000024
    0   -2    5    3    2   -0.000203    0.000017
    0   -2    5    4    2    0.000433    0.000030
    0   -2    5    1    3   -0.000413   -0.000025
    0   -2    5    2    3   -0.000127    0.000044
    0   -2    5    3    3    0.000156   -0.000001
    0   -2    5    4    3    0.000414   -0.000002
    0   -2    5    1    4    0.000377    0.000057
    0   -2    5    2    4    0.000235    0.000001
    0   -2    5    3    4    0.000264   -0.000040
    0   -2    5    4    4   -0.000923   -0.000016
    0   -1   -3    1    1   -0.000700    0.000009
    0   -1   -3    2    1   -0.000187    0.000021
    0   -1   -3    3    1    0.000928   -0.000001
    0   -1   -3    4    1   -0.000367   -0.000030
    0   -1   -3    1    2   -0.000214   -0.000042
    0   -1   -3    2    2   -0.000231    0.000023
    0   -1   -3    3    2    0.001535   -0.000000
    0   -1   -3    4    2   -0.000355   -0.000003
    0   -1   -3    1    3    0.001380   -0.000024
    0   -1   -3    2    3    0.001042    0.000015
    0   -1   -3    3    3   -0.003031    0.000018
    0   -1   -3    4    3    0.000250    0.000018
    0   -1   -3    1    4   -0.000228    0.000056
    0   -1   -3    2    4   -0.000939   -0.000034
    0   -1   -3    3    4    0.000257   -0.000041
    0   -1   -3    4    4    0.000313    0.000012
    0   -1   -2    1    1   -0.003835    0.000022
    0   -1   -2    2    1    0.000351    0.000031
    0   -1   -2    3    1    0.004117   -0.000030
    0   -1   -2    4    1   -0.001331   -0.000024
    0   -1   -2    1    2    0.000520   -0.000032
    0   -1   -2    2    2    0.003679    0.000082
    0   -1   -2    3    2    0.000694    0.000008
    0   -1   -2    4    2   -0.001980   -0.000070
    0   -1   -2    1    3    0.005437   -0.000016
    0   -1   -2    2    3   -0.000884   -0.000027
    0   -1   -2    3    3   -0.008748    0.000055
    0   -1   -2    4    3    0.002713    0.000011
    0   -1   -2    1    4   -0.001583    0.000032
    0   -1   -2    2    4   -0.004064   -0.000063
    0   -1   -2    3    4    0.002840   -0.000052
    0   -1   -2    4    4    0.001426    0.000057
    0   -1   -1    1    1   -0.021482    0.000030
    0   -1   -1    2    1   -0.000006    0.000041
    0   -1   -1    3    1    0.003143   -0.000040
    0   -1   -1    4    1    0.017510   -0.000010
    0   -1   -1    1    2    0.002171    0.000013
    0   -1   -1    2    2    0.024108    0.000096
    0   -1   -1    3    2    0.002335    0.000014
    0   -1   -1    4    2   -0.013904   -0.000099
    0   -1   -1    1    3    0.003214    0.000007
    0   -1   -1    2    3   -0.000112   -0.000043
    0   -1   -1    3    3   -0.021436    0.000055
    0   -1   -1    4    3    0.017385   -0.000035
    0   -1   -1    1    4    0.009317   -0.000035
    0   -1   -1    2    4   -0.030557   -0.000075
    0   -1   -1    3    4    0.009078   -0.000029
    0   -1   -1    4    4   -0.006060    0.000078
    0   -1    0    1    1    0.673791    0.000037
    0   -1    0    2    1   -1.223213    0.000067
    0   -1    0    3    1   -0.312132    0.000089
    0   -1    0    4    1   -0.310529   -0.000073
    0   -1    0    1    2   -0.372289    0.000113
    0   -1    0    2    2    0.672807    0.000056
    0   -1    0    3    2    0.123620   -0.000062
    0   -1    0    4    2    0.122817   -0.000036
    0   -1    0    1    3    0.122558   -0.000048
    0   -1    0    2    3   -0.309825    0.000010
    0   -1    0    3    3   -0.147800    0.000025
    0   -1    0    4    3    0.026692   -0.000078
    0   -1    0    1    4    0.123497    0.000008
    0   -1    0    2    4   -0.311135   -0.000272
    0   -1    0    3    4    0.026096    0.000062
    0   -1    0    4    4   -0.148114    0.000001
    0   -1    1    1    1    0.672128   -0.000048
    0   -1    1    2    1   -0.310055   -0.000164
    0   -1    1    3    1   -1.223363   -0.000031
    0   -1    1    4    1   -0.309619    0.000110
    0   -1    1    1    2    0.123254    0.000089
    0   -1    1    2    2   -0.147974   -0.000034
    0   -1    1    3    2   -0.311485   -0.000092
    0   -1    1    4    2    0.026571   -0.000033
    0   -1    1    1    3   -0.372217    0.000025
    0   -1    1    2    3    0.122984    0.000089
    0   -1    1    3    3    0.674493   -0.000044
    0   -1    1    4    3    0.122459   -0.000093
    0   -1    1    1    4    0.123499   -0.000136
    0   -1    1    2    4    0.026478    0.000053
    0   -1    1    3    4   -0.312321    0.000339
    0   -1    1    4    4   -0.147974    0.000003
    0   -1    2    1    1   -0.021493   -0.000031
    0   -1    2    2    1    0.003170   -0.000015
    0   -1    2    3    1   -0.000068    0.000002
    0   -1    2    4    1    0.017556    0.000059
    0   -1    2    1    2    0.003133   -0.000013
    0   -1    2    2    2   -0.021448   -0.000052
    0   -1    2    3    2   -0.000028   -0.000035
    0   -1    2    4    2    0.017476    0.000115
    0   -1    2    1    3    0.002379    0.000028
    0   -1    2    2    3    0.002226    0.000053
    0   -1    2    3    3    0.024113   -0.000104
    0   -1    2    4    3   -0.014045   -0.000022
    0   -1    2    1    4    0.009160   -0.000032
    0   -1    2    2    4    0.009254    0.000032
    0   -1    2    3    4   -0.030612    0.000131
    0   -1    2    4    4   -0.006065   -0.000089
    0   -1    3    1    1   -0.003840   -0.000029
    0   -1    3    2    1    0.004077   -0.000002
    0   -1    3    3    1    0.000352    0.000028
    0   -1    3    4    1   -0.001280   -0.000000
    0   -1    3    1    2    0.005408   -0.000011
    0   -1    3    2    2   -0.008716   -0.000067
    0   -1    3    3    2   -0.000903   -0.000024
    0   -1    3    4    2    0.002737    0.000096
    0   -1    3    1    3    0.000622   -0.000014
    0   -1    3    2    3    0.000662    0.000074
    0   -1    3    3    3    0.003664   -0.000071
    0   -1    3    4    3   -0.002028    0.000009
    0   -1    3    1    4   -0.001661    0.000042
    0   -1    3    2    4    0.002917    0.000016
    0   -1    3    3    4   -0.004048    0.000050
    0   -1    3    4    4    0.001396   -0.000086
    0   -1    4    1    1   -0.000701   -0.000008
    0   -1    4    2    1    0.000857    0.000008
    0   -1    4    3    1   -0.000129    0.000025
    0   -1    4    4    1   -0.000352   -0.000027
    0   -1    4    1    2    0.001342   -0.000028
    0   -1    4    2    2   -0.002978   -0.000036
    0   -1    4    3    2    0.000999   -0.000009
    0   -1    4    4    2    0.000269    0.000056
    0   -1    4    1    3   -0.000152   -0.000027
    0   -1    4    2    3    0.001559    0.000058
    0   -1    4    3    3   -0.000278   -0.000031
    0   -1    4    4    3   -0.000380    0.000016
    0   -1    4    1    4   -0.000251    0.000061
    0   -1    4    2    4    0.000276   -0.000005
    0   -1    4    3    4   -0.000928   -0.000007
    0   -1    4    4    4    0.000304   -0.000039
    0    0   -4    1    1   -0.001067    0.000000
    0    0   -4    2    1    0.000246    0.000033
    0    0   -4    3    1    0.000371    0.000017
    0    0   -4    4    1   -0.000570   -0.000050
    0    0   -4    1    2    0.000246   -0.000033
    0    0   -4    2    2    0.021545    0.000000
    0    0   -4    3    2   -0.023076   -0.000024
    0    0   -4    4    2    0.000380    0.000033
    0    0   -4    1    3    0.000371   -0.000017
    0    0   -4    2    3   -0.023076    0.000024
    0    0   -4    3    3    0.021473    0.000000
    0    0   -4    4    3    0.000324    0.000017
    0    0   -4    1    4   -0.000570    0.000050
    0    0   -4    2    4    0.000380   -0.000033
    0    0   -4    3    4    0.000324   -0.000017
    0    0   -4    4    4   -0.001147    0.000000
    0    0   -3    1    1   -0.002774    0.000019
    0    0   -3    2    1   -0.002468    0.000031
    0    0   -3    3    1    0.004911   -0.000002
    0    0   -3    4    1   -0.001691   -0.000046
    0    0   -3    1    2    0.004755   -0.000034
    0    0   -3    2    2    0.033114    0.000063
    0    0   -3    3    2   -0.032546   -0.000042
    0    0   -3    4    2    0.004912   -0.000009
    0    0   -3    1    3   -0.002331   -0.000021
    0    0   -3    2    3   -0.042281    0.000001
    0    0   -3    3    3    0.033049    0.000054
    0    0   -3    4    3   -0.002383   -0.000009
    0    0   -3    1    4   -0.001638    0.000041
    0    0   -3    2    4   -0.002318   -0.000076
    0    0   -3    3    4    0.004809   -0.000026
    0    0   -3    4    4   -0.002849    0.000046
    0    0   -2    1    1   -0.010852    0.000040
    0    0   -2    2    1   -0.014612    0.000030
    0    0   -2    3    1    0.018886   -0.000032
    0    0   -2    4    1   -0.004762   -0.000018
    0    0   -2    1    2    0.018589   -0.000029
    0    0   -2    2    2    0.098996    0.000100
    0    0   -2    3    2   -0.087705   -0.000039
    0    0   -2    4    2    0.018842   -0.000033
    0    0   -2    1    3   -0.014292    0.000018
    0    0   -2    2    3   -0.139450   -0.000002
    0    0   -2    3    3    0.098917    0.000083
    0    0   -2    4    3   -0.014526   -0.000084
    0    0   -2    1    4   -0.004618   -0.000004
    0    0   -2    2    4   -0.014314   -0.000123
    0    0   -2    3    4    0.018589   -0.000009
    0    0   -2    4    4   -0.010900    0.000080
    0    0   -1    1    1   -0.148082    0.000088
    0    0   -1    2    1   -0.312058    0.000206
    0    0   -1    3    1    0.123832   -0.000137
    0    0   -1    4    1    0.026194    0.000087
    0    0   -1    1    2    0.122433   -0.000066
    0    0   -1    2    2    0.673565    0.000104
    0    0   -1    3    2   -0.372216   -0.000021
    0    0   -1    4    2    0.123530    0.000080
    0    0   -1    1    3   -0.309421    0.000214
    0    0   -1    2    3   -1.223284    0.000020
    0    0   -1    3    3    0.673121    0.000068
    0    0   -1    4    3   -0.311968   -0.000367
    0    0   -1    1    4    0.027092   -0.000130
    0    0   -1    2    4   -0.310217   -0.000400
    0    0   -1    3    4    0.122311    0.000133
    0    0   -1    4    4   -0.147980   -0.000013
    0    0    0    1    1   10.309527   -0.000000
    0    0    0    2    1   -2.323385   -0.000269
    0    0    0    3    1   -2.323504   -0.000015
    0    0    0    4    1   -2.323830    0.000210
    0    0    0    1    2   -2.323385    0.000269
    0    0    0    2    2   10.309328   -0.000000
    0    0    0    3    2   -2.323594    0.000168
    0    0    0    4    2   -2.324141    0.000216
    0    0    0    1    3   -2.323504    0.000015
    0    0    0    2    3   -2.323594   -0.000168
    0    0    0    3    3   10.309235    0.000000
    0    0    0    4    3   -2.324382   -0.000064
    0    0    0    1    4   -2.323830   -0.000210
    0    0    0    2    4   -2.324141   -0.000216
    0    0    0    3    4   -2.324382    0.000064
    0    0    0    4    4   10.308771   -0.000000
    0    0    1    1    1   -0.148082   -0.000088
    0    0    1    2    1    0.122433    0.000066
    0    0    1    3    1   -0.309421   -0.000214
    0    0    1    4    1    0.027092    0.000130
    0    0    1    1    2   -0.312058   -0.000206
    0    0    1    2    2    0.673565   -0.000104
    0    0    1    3    2   -1.223284   -0.000020
    0    0    1    4    2   -0.310217    0.000400
    0    0    1    1    3    0.123832    0.000137
    0    0    1    2    3   -0.372216    0.000021
    0    0    1    3    3    0.673121   -0.000068
    0    0    1    4    3    0.122311   -0.000133
    0    0    1    1    4    0.026194   -0.000087
    0    0    1    2    4    0.123530   -0.000080
    0    0    1    3    4   -0.311968    0.000367
    0    0    1    4    4   -0.147980    0.000013
    0    0    2    1    1   -0.010852   -0.000040
    0    0    2    2    1    0.018589    0.000029
    0    0    2    3    1   -0.014292   -0.000018
    0    0    2    4    1   -0.004618    0.000004
    0    0    2    1    2   -0.014612   -0.000030
    0    0    2    2    2    0.098996   -0.000100
    0    0    2    3    2   -0.139450    0.000002
    0    0    2    4    2   -0.014314    0.000123
    0    0    2    1    3    0.018886    0.000032
    0    0    2    2    3   -0.087705    0.000039
    0    0    2    3    3    0.098917   -0.000083
    0    0    2    4    3    0.018589    0.000009
    0    0    2    1    4   -0.004762    0.000018
    0    0    2    2    4    0.018842    0.000033
    0    0    2    3    4   -0.014526    0.000084
    0    0    2    4    4   -0.010900   -0.000080
    0    0    3    1    1   -0.002774   -0.000019
    0    0    3    2    1    0.004755    0.000034
    0    0    3    3    1   -0.002331    0.000021
    0    0    3    4    1   -0.001638   -0.000041
    0    0    3    1    2   -0.002468   -0.000031
    0    0    3    2    2    0.033114   -0.000063
    0    0    3    3    2   -0.042281   -0.000001
    0    0    3    4    2   -0.002318    0.000076
    0    0    3    1    3    0.004911    0.000002
    0    0    3    2    3   -0.032546    0.000042
    0    0    3    3    3    0.033049   -0.000054
    0    0    3    4    3    0.004809    0.000026
    0    0    3    1    4   -0.001691    0.000046
    0    0    3    2    4    0.004912    0.000009
    0    0    3    3    4   -0.002383    0.000009
    0    0    3    4    4   -0.002849   -0.000046
    0    0    4    1    1   -0.001067   -0.000000
    0    0    4    2    1    0.000246    0.000033
    0    0    4    3    1    0.000371    0.000017
    0    0    4    4    1   -0.000570   -0.000050
    0    0    4    1    2    0.000246   -0.000033
    0    0    4    2    2    0.021545   -0.000000
    0    0    4    3    2   -0.023076   -0.000024
    0    0    4    4    2    0.000380    0.000033
    0    0    4    1    3    0.000371   -0.000017
    0    0    4    2    3   -0.023076    0.000024
    0    0    4    3    3    0.021473   -0.000000
    0    0    4    4    3    0.000324    0.000017
    0    0    4    1    4   -0.000570    0.000050
    0    0    4    2    4    0.000380   -0.000033
    0    0    4    3    4    0.000324   -0.000017
    0    0    4    4    4   -0.001147   -0.000000
    0    1   -4    1    1   -0.000701    0.000008
    0    1   -4    2    1    0.001342    0.000028
    0    1   -4    3    1   -0.000152    0.000027
    0    1   -4    4    1   -0.000251   -0.000061
    0    1   -4    1    2    0.000857   -0.000008
    0    1   -4    2    2   -0.002978    0.000036
    0    1   -4    3    2    0.001559   -0.000058
    0    1   -4    4    2    0.000276    0.000005
    0    1   -4    1    3   -0.000129   -0.000025
    0    1   -4    2    3    0.000999    0.000009
    0    1   -4    3    3   -0.000278    0.000031
    0    1   -4    4    3   -0.000928    0.000007
    0    1   -4    1    4   -0.000352    0.000027
    0    1   -4    2    4    0.000269   -0.000056
    0    1   -4    3    4   -0.000380   -0.000016
    0    1   -4    4    4    0.000304    0.000039
    0    1   -3    1    1   -0.003840    0.000029
    0    1   -3    2    1    0.005408    0.000011
    0    1   -3    3    1    0.000622    0.000014
    0    1   -3    4    1   -0.001661   -0.000042
    0    1   -3    1    2    0.004077    0.000002
    0    1   -3    2    2   -0.008716    0.000067
    0    1   -3    3    2    0.000662   -0.000074
    0    1   -3    4    2    0.002917   -0.000016
    0    1   -3    1    3    0.000352   -0.000028
    0    1   -3    2    3   -0.000903    0.000024
    0    1   -3    3    3    0.003664    0.000071
    0    1   -3    4    3   -0.004048   -0.000050
    0    1   -3    1    4   -0.001280    0.000000
    0    1   -3    2    4    0.002737   -0.000096
    0    1   -3    3    4   -0.002028   -0.000009
    0    1   -3    4    4    0.001396    0.000086
    0    1   -2    1    1   -0.021493    0.000031
    0    1   -2    2    1    0.003133    0.000013
    0    1   -2    3    1    0.002379   -0.000028
    0    1   -2    4    1    0.009160    0.000032
    0    1   -2    1    2    0.003170    0.000015
    0    1   -2    2    2   -0.021448    0.000052
    0    1   -2    3    2    0.002226   -0.000053
    0    1   -2    4    2    0.009254   -0.000032
    0    1   -2    1    3   -0.000068   -0.000002
    0    1   -2    2    3   -0.000028    0.000035
    0    1   -2    3    3    0.024113    0.000104
    0    1   -2    4    3   -0.030612   -0.000131
    0    1   -2    1    4    0.017556   -0.000059
    0    1   -2    2    4    0.017476   -0.000115
    0    1   -2    3    4   -0.014045    0.000022
    0    1   -2    4    4   -0.006065    0.000089
    0    1   -1    1    1    0.672128    0.000048
    0    1   -1    2    1    0.123254   -0.000089
    0    1   -1    3    1   -0.372217   -0.000025
    0    1   -1    4    1    0.123499    0.000136
    0    1   -1    1    2   -0.310055    0.000164
    0    1   -1    2    2   -0.147974    0.000034
    0    1   -1    3    2    0.122984   -0.000089
    0    1   -1    4    2    0.026478   -0.000053
    0    1   -1    1    3   -1.223363    0.000031
    0    1   -1    2    3   -0.311485    0.000092
    0    1   -1    3    3    0.674493    0.000044
    0    1   -1    4    3   -0.312321   -0.000339
    0    1   -1    1    4   -0.309619   -0.000110
    0    1   -1    2    4    0.026571    0.000033
    0    1   -1    3    4    0.122459    0.000093
    0    1   -1    4    4   -0.147974   -0.000003
    0    1    0    1    1    0.673791   -0.000037
    0    1    0    2    1   -0.372289   -0.000113
    0    1    0    3    1    0.122558    0.000048
    0    1    0    4    1    0.123497   -0.000008
    0    1    0    1    2   -1.223213   -0.000067
    0    1    0    2    2    0.672807   -0.000056
    0    1    0    3    2   -0.309825   -0.000010
    0    1    0    4    2   -0.311135    0.000272
    0    1    0    1    3   -0.312132   -0.000089
    0    1    0    2    3    0.123620    0.000062
    0    1    0    3    3   -0.147800   -0.000025
    0    1    0    4    3    0.026096   -0.000062
    0    1    0    1    4   -0.310529    0.000073
    0    1    0    2    4    0.122817    0.000036
    0    1    0    3    4    0.026692    0.000078
    0    1    0    4    4   -0.148114   -0.000001
    0    1    1    1    1   -0.021482   -0.000030
    0    1    1    2    1    0.002171   -0.000013
    0    1    1    3    1    0.003214   -0.000007
    0    1    1    4    1    0.009317    0.000035
    0    1    1    1    2   -0.000006   -0.000041
    0    1    1    2    2    0.024108   -0.000096
    0    1    1    3    2   -0.000112    0.000043
    0    1    1    4    2   -0.030557    0.000075
    0    1    1    1    3    0.003143    0.000040
    0    1    1    2    3    0.002335   -0.000014
    0    1    1    3    3   -0.021436   -0.000055
    0    1    1    4    3    0.009078    0.000029
    0    1    1    1    4    0.017510    0.000010
    0    1    1    2    4   -0.013904    0.000099
    0    1    1    3    4    0.017385    0.000035
    0    1    1    4    4   -0.006060   -0.000078
    0    1    2    1    1   -0.003835   -0.000022
    0    1    2    2    1    0.000520    0.000032
    0    1    2    3    1    0.005437    0.000016
    0    1    2    4    1   -0.001583   -0.000032
    0    1    2    1    2    0.000351   -0.000031
    0    1    2    2    2    0.003679   -0.000082
    0    1    2    3    2   -0.000884    0.000027
    0    1    2    4    2   -0.004064    0.000063
    0    1    2    1    3    0.004117    0.000030
    0    1    2    2    3    0.000694   -0.000008
    0    1    2    3    3   -0.008748   -0.000055
    0    1    2    4    3    0.002840    0.000052
    0    1    2    1    4   -0.001331    0.000024
    0    1    2    2    4   -0.001980    0.000070
    0    1    2    3    4    0.002713   -0.000011
    0    1    2    4    4    0.001426   -0.000057
    0    1    3    1    1   -0.000700   -0.000009
    0    1    3    2    1   -0.000214    0.000042
    0    1    3    3    1    0.001380    0.000024
    0    1    3    4    1   -0.000228   -0.000056
    0    1    3    1    2   -0.000187   -0.000021
    0    1    3    2    2   -0.000231   -0.000023
    0    1    3    3    2    0.001042   -0.000015
    0    1    3    4    2   -0.000939    0.000034
    0    1    3    1    3    0.000928    0.000001
    0    1    3    2    3    0.001535    0.000000
    0    1    3    3    3   -0.003031   -0.000018
    0    1    3    4    3    0.000257    0.000041
    0    1    3    1    4   -0.000367    0.000030
    0    1    3    2    4   -0.000355    0.000003
    0    1    3    3    4    0.000250   -0.000018
    0    1    3    4    4    0.000313   -0.000012
    0    2   -5    1    1    0.000402    0.000000
    0    2   -5    2    1   -0.000421    0.000035
    0    2   -5    3    1   -0.000413    0.000025
    0    2   -5    4    1    0.000377   -0.000057
    0    2   -5    1    2   -0.000398    0.000003
    0    2   -5    2    2    0.000206    0.000024
    0    2   -5    3    2   -0.000127   -0.000044
    0    2   -5    4    2    0.000235   -0.000001
    0    2   -5    1    3   -0.000320   -0.000013
    0    2   -5    2    3   -0.000203   -0.000017
    0    2   -5    3    3    0.000156    0.000001
    0    2   -5    4    3    0.000264    0.000040
    0    2   -5    1    4    0.000189    0.000011
    0    2   -5    2    4    0.000433   -0.000030
    0    2   -5    3    4    0.000414    0.000002
    0    2   -5    4    4   -0.000923    0.000016
    0    2   -4    1    1   -0.001162    0.000018
    0    2   -4    2    1    0.001803    0.000008
    0    2   -4    3    1   -0.000262    0.000037
    0    2   -4    4    1   -0.000183   -0.000056
    0    2   -4    1    2    0.001752    0.000025
    0    2   -4    2    2   -0.001166    0.000050
    0    2   -4    3    2   -0.000253   -0.000075
    0    2   -4    4    2   -0.000146   -0.000015
    0    2   -4    1    3   -0.000412   -0.000038
    0    2   -4    2    3   -0.000459    0.000020
    0    2   -4    3    3    0.000702    0.000033
    0    2   -4    4    3   -0.000130   -0.000012
    0    2   -4    1    4   -0.000516   -0.000002
    0    2   -4    2    4   -0.000518   -0.000078
    0    2   -4    3    4    0.000219    0.000004
    0    2   -4    4    4    0.000434    0.000068
    0    2   -3    1    1   -0.008705    0.000028
    0    2   -3    2    1    0.004111   -0.000013
    0    2   -3    3    1    0.000706    0.000017
    0    2   -3    4    1    0.002840   -0.000012
    0    2   -3    1    2    0.005395    0.000026
    0    2   -3    2    2   -0.003803    0.000040
    0    2   -3    3    2    0.000557   -0.000064
    0    2   -3    4    2   -0.001623   -0.000011
    0    2   -3    1    3   -0.000906   -0.000042
    0    2   -3    2    3    0.000337    0.000040
    0    2   -3    3    3    0.003681    0.000065
    0    2   -3    4    3   -0.004046   -0.000075
    0    2   -3    1    4    0.002759   -0.000021
    0    2   -3    2    4   -0.001358   -0.000082
    0    2   -3    3    4   -0.002021    0.000007
    0    2   -3    4    4    0.001433    0.000081
    0    2   -2    1    1    0.098775    0.000029
    0    2   -2    2    1    0.018816   -0.000047
    0    2   -2    3    1   -0.087699   -0.000003
    0    2   -2    4    1    0.018824    0.000043
    0    2   -2    1    2   -0.014361    0.000033
    0    2   -2    2    2   -0.010810    0.000006
    0    2   -2    3    2    0.018669   -0.000029
    0    2   -2    4    2   -0.004735   -0.000005
    0    2   -2    1    3   -0.139493   -0.000011
    0    2   -2    2    3   -0.014523    0.000039
    0    2   -2    3    3    0.099188    0.000061
    0    2   -2    4    3   -0.014603   -0.000112
    0    2   -2    1    4   -0.014216   -0.000062
    0    2   -2    2    4   -0.004805   -0.000011
    0    2   -2    3    4    0.018600    0.000010
    0    2   -2    4    4   -0.010841    0.000047
    0    2   -1    1    1    0.024118    0.000020
    0    2   -1    2    1    0.002287   -0.000096
    0    2   -1    3    1    0.002209    0.000013
    0    2   -1    4    1   -0.013862    0.000059
    0    2   -1    1    2   -0.000007   -0.000033
    0    2   -1    2    2   -0.021445   -0.000046
    0    2   -1    3    2    0.003163    0.000041
    0    2   -1    4    2    0.017439    0.000019
    0    2   -1    1    3   -0.000141    0.000054
    0    2   -1    2    3    0.003200    0.000035
    0    2   -1    3    3   -0.021390    0.000030
    0    2   -1    4    3    0.017394   -0.000111
    0    2   -1    1    4   -0.030542   -0.000072
    0    2   -1    2    4    0.009134    0.000101
    0    2   -1    3    4    0.009206   -0.000016
    0    2   -1    4    4   -0.006051   -0.000010
    0    2    0    1    1    0.099045   -0.000014
    0    2    0    2    1   -0.087770   -0.000056
    0    2    0    3    1    0.018668    0.000021
    0    2    0    4    1    0.018834    0.000031
    0    2    0    1    2   -0.139393   -0.000063
    0    2    0    2    2    0.098887   -0.000063
    0    2    0    3    2   -0.014354    0.000038
    0    2    0    4    2   -0.014467    0.000083
    0    2    0    1    3   -0.014610    0.000060
    0    2    0    2    3    0.018907   -0.000007
    0    2    0    3    3   -0.010805   -0.000021
    0    2    0    4    3   -0.004886   -0.000034
    0    2    0    1    4   -0.014412   -0.000003
    0    2    0    2    4    0.018696    0.000102
    0    2    0    3    4   -0.004769   -0.000010
    0    2    0    4    4   -0.010782   -0.000042
    0    2    1    1    1   -0.008714   -0.000018
    0    2    1    2    1    0.000606    0.000013
    0    2    1    3    1    0.004120   -0.000002
    0    2    1    4    1    0.002933    0.000005
    0    2    1    1    2   -0.000876   -0.000053
    0    2    1    2    2    0.003699   -0.000061
    0    2    1    3    2    0.000352    0.000046
    0    2    1    4    2   -0.004091    0.000043
    0    2    1    1    3    0.005419    0.000056
    0    2    1    2    3    0.000615   -0.000049
    0    2    1    3    3   -0.003824   -0.000038
    0    2    1    4    3   -0.001716    0.000036
    0    2    1    1    4    0.002704    0.000008
    0    2    1    2    4   -0.001991    0.000095
    0    2    1    3    4   -0.001377   -0.000004
    0    2    1    4    4    0.001487   -0.000060
    0    2    2    1    1   -0.001167   -0.000012
    0    2    2    2    1   -0.000304    0.000043
    0    2    2    3    1    0.001798    0.000004
    0    2    2    4    1   -0.000136   -0.000034
    0    2    2    1    2   -0.000449   -0.000028
    0    2    2    2    2    0.000742   -0.000027
    0    2    2    3    2   -0.000386    0.000007
    0    2    2    4    2   -0.000186    0.000025
    0    2    2    1    3    0.001818    0.000024
    0    2    2    2    3   -0.000280   -0.000045
    0    2    2    3    3   -0.001209   -0.000027
    0    2    2    4    3   -0.000163    0.000060
    0    2    2    1    4   -0.000537    0.000013
    0    2    2    2    4    0.000231    0.000040
    0    2    2    3    4   -0.000542   -0.000001
    0    2    2    4    4    0.000466   -0.000036
    0    2    3    1    1    0.000402    0.000000
    0    2    3    2    1   -0.000421    0.000035
    0    2    3    3    1   -0.000413    0.000025
    0    2    3    4    1    0.000377   -0.000057
    0    2    3    1    2   -0.000398    0.000003
    0    2    3    2    2    0.000206    0.000024
    0    2    3    3    2   -0.000127   -0.000044
    0    2    3    4    2    0.000235   -0.000001
    0    2    3    1    3   -0.000320   -0.000013
    0    2    3    2    3   -0.000203   -0.000017
    0    2    3    3    3    0.000156    0.000001
    0    2    3    4    3    0.000264    0.000040
    0    2    3    1    4    0.000189    0.000011
    0    2    3    2    4    0.000433   -0.000030
    0    2    3    3    4    0.000414    0.000002
    0    2    3    4    4   -0.000923    0.000016
    0    3   -5    1    1    0.000253    0.000011
    0    3   -5    2    1   -0.000333    0.000016
    0    3   -5    3    1   -0.000192    0.000032
    0    3   -5    4    1    0.000197   -0.000050
    0    3   -5    1    2   -0.000464    0.000036
    0    3   -5    2    2    0.000401    0.000044
    0    3   -5    3    2   -0.000376   -0.000060
    0    3   -5    4    2    0.000371   -0.000029
    0    3   -5    1    3   -0.000158   -0.000030
    0    3   -5    2    3   -0.000403   -0.000007
    0    3   -5    3    3    0.000176   -0.000002
    0    3   -5    4    3    0.000285    0.000033
    0    3   -5    1    4    0.000386   -0.000013
    0    3   -5    2    4    0.000207   -0.000056
    0    3   -5    3    4    0.000421    0.000025
    0    3   -5    4    4   -0.000905    0.000040
    0    3   -4    1    1   -0.002916    0.000017
    0    3   -4    2    1    0.000908   -0.000017
    0    3   -4    3    1    0.001529    0.000041
    0    3   -4    4    1    0.000202   -0.000029
    0    3   -4    1    2    0.001328    0.000045
    0    3   -4    2    2   -0.000663    0.000034
    0    3   -4    3    2   -0.000177   -0.000064
    0    3   -4    4    2   -0.000265   -0.000018
    0    3   -4    1    3    0.001002   -0.000048
    0    3   -4    2    3   -0.000191    0.000033
    0    3   -4    3    3   -0.000242    0.000021
    0    3   -4    4    3   -0.000900   -0.000023
    0    3   -4    1    4    0.000225   -0.000015
    0    3   -4    2    4   -0.000389   -0.000063
    0    3   -4    3    4   -0.000359    0.000017
    0    3   -4    4    4    0.000353    0.000057
    0    3   -3    1    1    0.033100    0.000016
    0    3   -3    2    1    0.004861   -0.000047
    0    3   -3    3    1   -0.032558    0.000027
    0    3   -3    4    1    0.004845    0.000014
    0    3   -3    1    2   -0.002375    0.000029
    0    3   -3    2    2   -0.002724    0.000000
    0    3   -3    3    2    0.004789   -0.000037
    0    3   -3    4    2   -0.001701    0.000012
    0    3   -3    1    3   -0.042326   -0.000043
    0    3   -3    2    3   -0.002429    0.000050
    0    3   -3    3    3    0.033180    0.000035
    0    3   -3    4    3   -0.002391   -0.000061
    0    3   -3    1    4   -0.002330   -0.000014
    0    3   -3    2    4   -0.001738   -0.000019
    0    3   -3    3    4    0.004838    0.000004
    0    3   -3    4    4   -0.002784    0.000027
    0    3   -2    1    1    0.003736    0.000005
    0    3   -2    2    1    0.000577   -0.000065
    0    3   -2    3    1    0.000655    0.000016
    0    3   -2    4    1   -0.002025    0.000041
    0    3   -2    1    2    0.000384   -0.000010
    0    3   -2    2    2   -0.003808   -0.000031
    0    3   -2    3    2    0.004056    0.000018
    0    3   -2    4    2   -0.001334    0.000025
    0    3   -2    1    3   -0.000954    0.000002
    0    3   -2    2    3    0.005451    0.000045
    0    3   -2    3    3   -0.008692    0.000031
    0    3   -2    4    3    0.002704   -0.000074
    0    3   -2    1    4   -0.004082   -0.000017
    0    3   -2    2    4   -0.001704    0.000046
    0    3   -2    3    4    0.002912   -0.000031
    0    3   -2    4    4    0.001469    0.000000
    0    3   -1    1    1    0.003724   -0.000002
    0    3   -1    2    1    0.000642   -0.000054
    0    3   -1    3    1    0.000570    0.000014
    0    3   -1    4    1   -0.001993    0.000042
    0    3   -1    1    2   -0.000843   -0.000042
    0    3   -1    2    2   -0.008707   -0.000045
    0    3   -1    3    2    0.005367    0.000054
    0    3   -1    4    2    0.002716    0.000028
    0    3   -1    1    3    0.000308    0.000043
    0    3   -1    2    3    0.004152    0.000015
    0    3   -1    3    3   -0.003791    0.000010
    0    3   -1    4    3   -0.001406   -0.000069
    0    3   -1    1    4   -0.004106   -0.000016
    0    3   -1    2    4    0.002851    0.000084
    0    3   -1    3    4   -0.001638   -0.000051
    0    3   -1    4    4    0.001500   -0.000008
    0    3    0    1    1    0.033169   -0.000006
    0    3    0    2    1   -0.032601   -0.000005
    0    3    0    3    1    0.004803   -0.000002
    0    3    0    4    1    0.004886    0.000017
    0    3    0    1    2   -0.042269   -0.000053
    0    3    0    2    2    0.033099   -0.000035
    0    3    0    3    2   -0.002378    0.000055
    0    3    0    4    2   -0.002397    0.000026
    0    3    0    1    3   -0.002463    0.000052
    0    3    0    2    3    0.004909   -0.000037
    0    3    0    3    3   -0.002718   -0.000013
    0    3    0    4    3   -0.001779   -0.000013
    0    3    0    1    4   -0.002393   -0.000003
    0    3    0    2    4    0.004838    0.000073
    0    3    0    3    4   -0.001728   -0.000022
    0    3    0    4    4   -0.002725   -0.000025
    0    3    1    1    1   -0.002941   -0.000007
    0    3    1    2    1    0.001510    0.000035
    0    3    1    3    1    0.000884   -0.000021
    0    3    1    4    1    0.000258    0.000000
    0    3    1    1    2    0.000998   -0.000034
    0    3    1    2    2   -0.000204   -0.000012
    0    3    1    3    2   -0.000135    0.000029
    0    3    1    4    2   -0.000977    0.000002
    0    3    1    1    3    0.001358    0.000035
    0    3    1    2    3   -0.000187   -0.000068
    0    3    1    3    3   -0.000675   -0.000020
    0    3    1    4    3   -0.000284    0.000047
    0    3    1    1    4    0.000221   -0.000002
    0    3    1    2    4   -0.000374    0.000048
    0    3    1    3    4   -0.000418    0.000015
    0    3    1    4    4    0.000401   -0.000039
    0    3    2    1    1    0.000243   -0.000001
    0    3    2    2    1   -0.000168    0.000039
    0    3    2    3    1   -0.000373   -0.000001
    0    3    2    4    1    0.000217   -0.000031
    0    3    2    1    2   -0.000214    0.000003
    0    3    2    2    2    0.000212    0.000021
    0    3    2    3    2   -0.000303   -0.000021
    0    3    2    4    2    0.000217   -0.000016
    0    3    2    1    3   -0.000399   -0.000000
    0    3    2    2    3   -0.000458   -0.000051
    0    3    2    3    3    0.000375   -0.000015
    0    3    2    4    3    0.000404    0.000065
    0    3    2    1    4    0.000389   -0.000004
    0    3    2    2    4    0.000430   -0.000005
    0    3    2    3    4    0.000174    0.000030
    0    3    2    4    4   -0.000886   -0.000012
    0    4   -4    1    1    0.021580    0.000000
    0    4   -4    2    1    0.000320   -0.000042
    0    4   -4    3    1   -0.023110    0.000047
    0    4   -4    4    1    0.000316    0.000003
    0    4   -4    1    2    0.000320    0.000042
    0    4   -4    2    2   -0.001016    0.000000
    0    4   -4    3    2    0.000276   -0.000048
    0    4   -4    4    2   -0.000616    0.000016
    0    4   -4    1    3   -0.023110   -0.000047
    0    4   -4    2    3    0.000276    0.000048
    0    4   -4    3    3    0.021579   -0.000000
    0    4   -4    4    3    0.000350   -0.000024
    0    4   -4    1    4    0.000316   -0.000003
    0    4   -4    2    4   -0.000616   -0.000016
    0    4   -4    3    4    0.000350    0.000024
    0    4   -4    4    4   -0.001082    0.000000
    0    4   -3    1    1   -0.000149   -0.000005
    0    4   -3    2    1   -0.000205   -0.000056
    0    4   -3    3    1    0.001529    0.000034
    0    4   -3    4    1   -0.000426    0.000025
    0    4   -3    1    2   -0.000138    0.000005
    0    4   -3    2    2   -0.000667   -0.000033
    0    4   -3    3    2    0.000847   -0.000011
    0    4   -3    4    2   -0.000377    0.000047
    0    4   -3    1    3    0.000973   -0.000036
    0    4   -3    2    3    0.001379    0.000059
    0    4   -3    3    3   -0.002982    0.000013
    0    4   -3    4    3    0.000267   -0.000041
    0    4   -3    1    4   -0.000996    0.000022
    0    4   -3    2    4   -0.000286    0.000027
    0    4   -3    3    4    0.000307   -0.000015
    0    4   -3    4    4    0.000362   -0.000028
    0    4   -2    1    1    0.000796   -0.000007
    0    4   -2    2    1   -0.000311   -0.000041
    0    4   -2    3    1   -0.000269    0.000018
    0    4   -2    4    1    0.000182    0.000028
    0    4   -2    1    2   -0.000394   -0.000027
    0    4   -2    2    2   -0.001169   -0.000040
    0    4   -2    3    2    0.001734    0.000036
    0    4   -2    4    2   -0.000511    0.000034
    0    4   -2    1    3   -0.000466   -0.000001
    0    4   -2    2    3    0.001842    0.000041
    0    4   -2    3    3   -0.001174    0.000017
    0    4   -2    4    3   -0.000545   -0.000054
    0    4   -2    1    4   -0.000212    0.000021
    0    4   -2    2    4   -0.000183    0.000046
    0    4   -2    3    4   -0.000118   -0.000057
    0    4   -2    4    4    0.000486   -0.000010
    0    4   -1    1    1   -0.000176    0.000000
    0    4   -1    2    1    0.001502   -0.000004
    0    4   -1    3    1   -0.000183   -0.000006
    0    4   -1    4    1   -0.000394    0.000018
    0    4   -1    1    2    0.001026   -0.000044
    0    4   -1    2    2   -0.002959   -0.000025
    0    4   -1    3    2    0.001318    0.000066
    0    4   -1    4    2    0.000249   -0.000000
    0    4   -1    1    3   -0.000187    0.000034
    0    4   -1    2    3    0.000932   -0.000007
    0    4   -1    3    3   -0.000662    0.000009
    0    4   -1    4    3   -0.000429   -0.000042
    0    4   -1    1    4   -0.000984   -0.000001
    0    4   -1    2    4    0.000236    0.000044
    0    4   -1    3    4   -0.000259   -0.000056
    0    4   -1    4    4    0.000404    0.000013
    0    4    0    1    1    0.021609   -0.000000
    0    4    0    2    1   -0.023105    0.000032
    0    4    0    3    1    0.000270   -0.000032
    0    4    0    4    1    0.000325    0.000009
    0    4    0    1    2   -0.023105   -0.000032
    0    4    0    2    2    0.021549   -0.000000
    0    4    0    3    2    0.000338    0.000052
    0    4    0    4    2    0.000318   -0.000023
    0    4    0    1    3    0.000270    0.000032
    0    4    0    2    3    0.000338   -0.000052
    0    4    0    3    3   -0.001010   -0.000000
    0    4    0    4    3   -0.000643    0.000006
    0    4    0    1    4    0.000325   -0.000009
    0    4    0    2    4    0.000318    0.000023
    0    4    0    3    4   -0.000643   -0.000006
    0    4    0    4    4   -0.001024   -0.000000
    0    5   -3    1    1    0.000253   -0.000011
    0    5   -3    2    1   -0.000464   -0.000036
    0    5   -3    3    1   -0.000158    0.000030
    0    5   -3    4    1    0.000386    0.000013
    0    5   -3    1    2   -0.000333   -0.000016
    0    5   -3    2    2    0.000401   -0.000044
    0    5   -3    3    2   -0.000403    0.000007
    0    5   -3    4    2    0.000207    0.000056
    0    5   -3    1    3   -0.000192   -0.000032
    0    5   -3    2    3   -0.000376    0.000060
    0    5   -3    3    3    0.000176    0.000002
    0    5   -3    4    3    0.000421   -0.000025
    0    5   -3    1    4    0.000197    0.000050
    0    5   -3    2    4    0.000371    0.000029
    0    5   -3    3    4    0.000285   -0.000033
    0    5   -3    4    4   -0.000905   -0.000040
    0    5   -2    1    1    0.000243    0.000001
    0    5   -2    2    1   -0.000214   -0.000003
    0    5   -2    3    1   -0.000399    0.000000
    0    5   -2    4    1    0.000389    0.000004
    0    5   -2    1    2   -0.000168   -0.000039
    0    5   -2    2    2    0.000212   -0.000021
    0    5   -2    3    2   -0.000458    0.000051
    0    5   -2    4    2    0.000430    0.000005
    0    5   -2    1    3   -0.000373    0.000001
    0    5   -2    2    3   -0.000303    0.000021
    0    5   -2    3    3    0.000375    0.000015
    0    5   -2    4    3    0.000174   -0.000030
    0    5   -2    1    4    0.000217    0.000031
    0    5   -2    2    4    0.000217    0.000016
    0    5   -2    3    4    0.000404   -0.000065
    0    5   -2    4    4   -0.000886    0.000012
    1   -5    1    1    1    0.001670   -0.000017
    1   -5    1    2    1   -0.000615    0.000044
    1   -5    1    3    1   -0.000501    0.000000
    1   -5    1    4    1   -0.000438   -0.000021
    1   -5    1    1    2   -0.000611   -0.000019
    1   -5    1    2    2    0.001647   -0.000026
    1   -5    1    3    2   -0.000448    0.000014
    1   -5    1    4    2   -0.000465    0.000019
    1   -5    1    1    3   -0.000478    0.000001
    1   -5    1    2    3   -0.000519   -0.000038
    1   -5    1    3    3    0.000361   -0.000033
    1   -5    1    4    3    0.000266    0.000070
    1   -5    1    1    4   -0.000510    0.000028
    1   -5    1    2    4   -0.000451    0.000021
    1   -5    1    3    4    0.000270    0.000018
    1   -5    1    4    4    0.000338   -0.000054
    1   -5    2    1    1   -0.000346    0.000004
    1   -5    2    2    1   -0.000292    0.000039
    1   -5    2    3    1   -0.000320    0.000027
    1   -5    2    4    1    0.000559   -0.000063
    1   -5    2    1    2   -0.000217    0.000012
    1   -5    2    2    2    0.000299    0.000016
    1   -5    2    3    2   -0.000440   -0.000029
    1   -5    2    4    2    0.000440   -0.000011
    1   -5    2    1    3   -0.000153   -0.000039
    1   -5    2    2    3   -0.000517   -0.000016
    1   -5    2    3    3    0.000260   -0.000008
    1   -5    2    4    3    0.000496    0.000067
    1   -5    2    1    4    0.000748    0.000024
    1   -5    2    2    4    0.000392   -0.000041
    1   -5    2    3    4    0.000392    0.000005
    1   -5    2    4    4   -0.001377    0.000011
    1   -5    3    1    1    0.001692    0.000025
    1   -5    3    2    1   -0.000458    0.000009
    1   -5    3    3    1   -0.000610    0.000036
    1   -5    3    4    1   -0.000497   -0.000061
    1   -5    3    1    2   -0.000538    0.000037
    1   -5    3    2    2    0.000392    0.000046
    1   -5    3    3    2   -0.000481   -0.000052
    1   -5    3    4    2    0.000251   -0.000038
    1   -5    3    1    3   -0.000610   -0.000064
    1   -5    3    2    3   -0.000519    0.000011
    1   -5    3    3    3    0.001619    0.000023
    1   -5    3    4    3   -0.000372    0.000024
    1   -5    3    1    4   -0.000479    0.000006
    1   -5    3    2    4    0.000271   -0.000079
    1   -5    3    3    4   -0.000453    0.000000
    1   -5    3    4    4    0.000310    0.000065
    1   -4   -1    1    1   -0.002611   -0.000017
    1   -4   -1    2    1    0.002432    0.000014
    1   -4   -1    3    1    0.000159   -0.000024
    1   -4   -1    4    1    0.000084    0.000035
    1   -4   -1    1    2    0.002482   -0.000029
    1   -4   -1    2    2   -0.002628   -0.000040
    1   -4   -1    3    2    0.000153    0.000075
    1   -4   -1    4    2    0.000067   -0.000009
    1   -4   -1    1    3    0.000047    0.000041
    1   -4   -1    2    3    0.000075   -0.000022
    1   -4   -1    3    3    0.000188   -0.000018
    1   -4   -1    4    3   -0.000038   -0.000014
    1   -4   -1    1    4    0.000158   -0.000003
    1   -4   -1    2    4    0.000192    0.000051
    1   -4   -1    3    4   -0.000371   -0.000020
    1   -4   -1    4    4    0.000170   -0.000022
    1   -4    0    1    1   -0.000179   -0.000022
    1   -4    0    2    1    0.000994    0.000053
    1   -4    0    3    1   -0.001019   -0.000028
    1   -4    0    4    1   -0.000126    0.000009
    1   -4    0    1    2    0.001527   -0.000018
    1   -4    0    2    2   -0.002972   -0.000020
    1   -4    0    3    2    0.000253    0.000046
    1   -4    0    4    2    0.000909   -0.000013
    1   -4    0    1    3   -0.000396    0.000015
    1   -4    0    2    3    0.000211   -0.000048
    1   -4    0    3    3    0.000424   -0.000026
    1   -4    0    4    3   -0.000425    0.000047
    1   -4    0    1    4   -0.000190    0.000011
    1   -4    0    2    4    0.001396    0.000021
    1   -4    0    3    4   -0.000284    0.000018
    1   -4    0    4    4   -0.000688   -0.000042
    1   -4    1    1    1    0.002920   -0.000010
    1   -4    1    2    1   -0.002188    0.000058
    1   -4    1    3    1   -0.001362   -0.000005
    1   -4    1    4    1   -0.001312   -0.000033
    1   -4    1    1    2   -0.001029    0.000017
    1   -4    1    2    2    0.002027    0.000011
    1   -4    1    3    2    0.000155   -0.000008
    1   -4    1    4    2    0.000121   -0.000028
    1   -4    1    1    3   -0.000292   -0.000026
    1   -4    1    2    3   -0.000337   -0.000040
    1   -4    1    3    3    0.001353   -0.000026
    1   -4    1    4    3   -0.000716    0.000085
    1   -4    1    1    4   -0.000309    0.000012
    1   -4    1    2    4   -0.000251   -0.000027
    1   -4    1    3    4   -0.000741    0.000036
    1   -4    1    4    4    0.001322   -0.000017
    1   -4    2    1    1    0.002935    0.000012
    1   -4    2    2    1   -0.001308    0.000026
    1   -4    2    3    1   -0.002223    0.000026
    1   -4    2    4    1   -0.001336   -0.000056
    1   -4    2    1    2   -0.000352    0.000050
    1   -4    2    2    2    0.001369    0.000036
    1   -4    2    3    2   -0.000265   -0.000046
    1   -4    2    4    2   -0.000760   -0.000045
    1   -4    2    1    3   -0.000987   -0.000054
    1   -4    2    2    3    0.000061   -0.000006
    1   -4    2    3    3    0.002006   -0.000012
    1   -4    2    4    3    0.000200    0.000065
    1   -4    2    1    4   -0.000308    0.000001
    1   -4    2    2    4   -0.000716   -0.000066
    1   -4    2    3    4   -0.000254    0.000030
    1   -4    2    4    4    0.001299    0.000032
    1   -4    3    1    1   -0.000144    0.000018
    1   -4    3    2    1   -0.000982   -0.000015
    1   -4    3    3    1    0.001003    0.000030
    1   -4    3    4    1   -0.000195   -0.000030
    1   -4    3    1    2   -0.000427    0.000051
    1   -4    3    2    2    0.000427    0.000036
    1   -4    3    3    2    0.000221   -0.000054
    1   -4    3    4    2   -0.000416   -0.000030
    1   -4    3    1    3    0.001512   -0.000061
    1   -4    3    2    3    0.000200    0.000026
    1   -4    3    3    3   -0.002998    0.000009
    1   -4    3    4    3    0.001002    0.000013
    1   -4    3    1    4   -0.000179   -0.000003
    1   -4    3    2    4   -0.000259   -0.000060
    1   -4    3    3    4    0.001411    0.000027
    1   -4    3    4    4   -0.000738    0.000037
    1   -4    4    1    1   -0.002580    0.000008
    1   -4    4    2    1    0.000170   -0.000041
    1   -4    4    3    1    0.002466    0.000010
    1   -4    4    4    1    0.000013    0.000023
    1   -4    4    1    2    0.000064    0.000027
    1   -4    4    2    2    0.000178    0.000007
    1   -4    4    3    2    0.000018   -0.000034
    1   -4    4    4    2    0.000012    0.000005
    1   -4    4    1    3    0.002432   -0.000042
    1   -4    4    2    3    0.000170    0.000043
    1   -4    4    3    3   -0.002650    0.000023
    1   -4    4    4    3    0.000123   -0.000033
    1   -4    4    1    4    0.000172    0.000004
    1   -4    4    2    4   -0.000377   -0.000017
    1   -4    4    3    4    0.000226    0.000016
    1   -4    4    4    4    0.000125    0.000002
    1   -3   -3    1    1    0.000923   -0.000003
    1   -3   -3    2    1   -0.000591   -0.000023
    1   -3   -3    3    1   -0.000534   -0.000003
    1   -3   -3    4    1    0.000241    0.000029
    1   -3   -3    1    2   -0.000535   -0.000025
    1   -3   -3    2    2    0.000915   -0.000039
    1   -3   -3    3    2   -0.000606    0.000036
    1   -3   -3    4    2    0.000267    0.000023
    1   -3   -3    1    3   -0.000569   -0.000001
    1   -3   -3    2    3   -0.000511    0.000039
    1   -3   -3    3    3    0.000904    0.000009
    1   -3   -3    4    3    0.000228   -0.000041
    1   -3   -3    1    4    0.000061    0.000027
    1   -3   -3    2    4    0.000055    0.000030
    1   -3   -3    3    4    0.000093   -0.000041
    1   -3   -3    4    4   -0.000319   -0.000015
    1   -3   -2    1    1    0.000061   -0.000004
    1   -3   -2    2    1   -0.000351    0.000012
    1   -3   -2    3    1    0.000089   -0.000027
    1   -3   -2    4    1    0.000342    0.000024
    1   -3   -2    1    2   -0.000488   -0.000039
    1   -3   -2    2    2    0.000611   -0.000027
    1   -3   -2    3    2   -0.000311    0.000078
    1   -3   -2    4    2   -0.000084   -0.000019
    1   -3   -2    1    3    0.000077    0.000027
    1   -3   -2    2    3   -0.000056   -0.000003
    1   -3   -2    3    3    0.000290    0.000002
    1   -3   -2    4    3   -0.000146   -0.000025
    1   -3   -2    1    4    0.000307    0.000011
    1   -3   -2    2    4   -0.000016    0.000027
    1   -3   -2    3    4   -0.000186   -0.000051
    1   -3   -2    4    4   -0.000025    0.000007
    1   -3   -1    1    1   -0.003222   -0.000010
    1   -3   -1    2    1    0.003263    0.000054
    1   -3   -1    3    1    0.000058   -0.000047
    1   -3   -1    4    1    0.001252    0.000015
    1   -3   -1    1    2    0.002284   -0.000028
    1   -3   -1    2    2   -0.003262   -0.000005
    1   -3   -1    3    2    0.000635    0.000077
    1   -3   -1    4    2   -0.000834   -0.000050
    1   -3   -1    1    3   -0.000858    0.000027
    1   -3   -1    2    3    0.001236   -0.000046
    1   -3   -1    3    3    0.000531   -0.000006
    1   -3   -1    4    3   -0.000375    0.000014
    1   -3   -1    1    4    0.000627    0.000004
    1   -3   -1    2    4    0.000106    0.000009
    1   -3   -1    3    4   -0.001119   -0.000019
    1   -3   -1    4    4    0.000508    0.000001
    1   -3    0    1    1    0.003717   -0.000016
    1   -3    0    2    1   -0.000877    0.000080
    1   -3    0    3    1   -0.004134   -0.000040
    1   -3    0    4    1    0.000371   -0.000003
    1   -3    0    1    2    0.000633    0.000015
    1   -3    0    2    2   -0.008756    0.000023
    1   -3    0    3    2    0.002940    0.000027
    1   -3    0    4    2    0.004130   -0.000066
    1   -3    0    1    3   -0.001997   -0.000007
    1   -3    0    2    3    0.002682   -0.000056
    1   -3    0    3    3    0.001498   -0.000020
    1   -3    0    4    3   -0.001386    0.000065
    1   -3    0    1    4    0.000603   -0.000008
    1   -3    0    2    4    0.005460   -0.000029
    1   -3    0    3    4   -0.001711    0.000037
    1   -3    0    4    4   -0.003829   -0.000003
    1   -3    1    1    1    0.014619    0.000001
    1   -3    1    2    1   -0.008167    0.000044
    1   -3    1    3    1   -0.008244   -0.000014
    1   -3    1    4    1   -0.008196   -0.000025
    1   -3    1    1    2   -0.002665    0.000063
    1   -3    1    2    2    0.000180    0.000038
    1   -3    1    3    2    0.002233   -0.000034
    1   -3    1    4    2    0.002141   -0.000074
    1   -3    1    1    3   -0.002643   -0.000038
    1   -3    1    2    3    0.002141   -0.000031
    1   -3    1    3    3    0.000192   -0.000035
    1   -3    1    4    3    0.002221    0.000089
    1   -3    1    1    4   -0.002620   -0.000021
    1   -3    1    2    4    0.002192   -0.000050
    1   -3    1    3    4    0.002156    0.000078
    1   -3    1    4    4    0.000163    0.000008
    1   -3    2    1    1    0.003751    0.000010
    1   -3    2    2    1   -0.004095   -0.000003
    1   -3    2    3    1   -0.000912    0.000024
    1   -3    2    4    1    0.000338   -0.000030
    1   -3    2    1    2   -0.002024    0.000063
    1   -3    2    2    2    0.001489    0.000034
    1   -3    2    3    2    0.002729   -0.000061
    1   -3    2    4    2   -0.001407   -0.000033
    1   -3    2    1    3    0.000652   -0.000047
    1   -3    2    2    3    0.002852    0.000014
    1   -3    2    3    3   -0.008765   -0.000030
    1   -3    2    4    3    0.004206    0.000049
    1   -3    2    1    4    0.000580   -0.000012
    1   -3    2    2    4   -0.001634   -0.000054
    1   -3    2    3    4    0.005473    0.000071
    1   -3    2    4    4   -0.003887    0.000005
    1   -3    3    1    1   -0.003187   -0.000002
    1   -3    3    2    1    0.000059   -0.000031
    1   -3    3    3    1    0.003284    0.000026
    1   -3    3    4    1    0.001200    0.000007
    1   -3    3    1    2   -0.000864    0.000040
    1   -3    3    2    2    0.000527    0.000008
    1   -3    3    3    2    0.001210   -0.000060
    1   -3    3    4    2   -0.000338    0.000019
    1   -3    3    1    3    0.002302   -0.000047
    1   -3    3    2    3    0.000605    0.000048
    1   -3    3    3    3   -0.003303   -0.000006
    1   -3    3    4    3   -0.000782   -0.000006
    1   -3    3    1    4    0.000595    0.000009
    1   -3    3    2    4   -0.001071   -0.000027
    1   -3    3    3    4    0.000150    0.000050
    1   -3    3    4    4    0.000450   -0.000023
    1   -3    4    1    1    0.000072   -0.000007
    1   -3    4    2    1    0.000056   -0.000041
    1   -3    4    3    1   -0.000299    0.000012
    1   -3    4    4    1    0.000310    0.000032
    1   -3    4    1    2    0.000105    0.000006
    1   -3    4    2    2    0.000292   -0.000025
    1   -3    4    3    2   -0.000145   -0.000022
    1   -3    4    4    2   -0.000090    0.000040
    1   -3    4    1    3   -0.000502   -0.000034
    1   -3    4    2    3   -0.000264    0.000059
    1   -3    4    3    3    0.000584    0.000011
    1   -3    4    4    3   -0.000076   -0.000035
    1   -3    4    1    4    0.000291    0.000033
    1   -3    4    2    4   -0.000187    0.000011
    1   -3    4    3    4    0.000036    0.000004
    1   -3    4    4    4   -0.000061   -0.000038
    1   -3    5    1    1    0.000923   -0.000003
    1   -3    5    2    1   -0.000591   -0.000023
    1   -3    5    3    1   -0.000534   -0.000003
    1   -3    5    4    1    0.000241    0.000029
    1   -3    5    1    2   -0.000535   -0.000025
    1   -3    5    2    2    0.000915   -0.000039
    1   -3    5    3    2   -0.000606    0.000036
    1   -3    5    4    2    0.000267    0.000023
    1   -3    5    1    3   -0.000569   -0.000001
    1   -3    5    2    3   -0.000511    0.000039
    1   -3    5    3    3    0.000904    0.000009
    1   -3    5    4    3    0.000228   -0.000041
    1   -3    5    1    4    0.000061    0.000027
    1   -3    5    2    4    0.000055    0.000030
    1   -3    5    3    4    0.000093   -0.000041
    1   -3    5    4    4   -0.000319   -0.000015
    1   -2   -3    1    1    0.000260    0.000004
    1   -2   -3    2    1   -0.000140    0.000005
    1   -2   -3    3    1    0.000118   -0.000013
    1   -2   -3    4    1   -0.000074    0.000006
    1   -2   -3    1    2   -0.000287   -0.000048
    1   -2   -3    2    2    0.000603   -0.000021
    1   -2   -3    3    2   -0.000526    0.000051
    1   -2   -3    4    2   -0.000069    0.000002
    1   -2   -3    1    3    0.000083    0.000005
    1   -2   -3    2    3   -0.000264    0.000018
    1   -2   -3    3    3    0.000034    0.000011
    1   -2   -3    4    3    0.000294   -0.000015
    1   -2   -3    1    4   -0.000149    0.000038
    1   -2   -3    2    4   -0.000008    0.000013
    1   -2   -3    3    4    0.000309   -0.000059
    1   -2   -3    4    4   -0.000066    0.000003
    1   -2   -2    1    1   -0.000059    0.000005
    1   -2   -2    2    1    0.001108    0.000042
    1   -2   -2    3    1   -0.000925   -0.000047
    1   -2   -2    4    1    0.000482    0.000006
    1   -2   -2    1    2    0.000474   -0.000048
    1   -2   -2    2    2    0.000416    0.000019
    1   -2   -2    3    2    0.000511    0.000077
    1   -2   -2    4    2   -0.002395   -0.000062
    1   -2   -2    1    3   -0.000927    0.000022
    1   -2   -2    2    3    0.001160   -0.000039
    1   -2   -2    3    3   -0.000024    0.000019
    1   -2   -2    4    3    0.000383    0.000009
    1   -2   -2    1    4    0.000234    0.000021
    1   -2   -2    2    4   -0.001871   -0.000006
    1   -2   -2    3    4    0.000135   -0.000060
    1   -2   -2    4    4    0.001593    0.000029
    1   -2   -1    1    1   -0.004781    0.000005
    1   -2   -1    2    1    0.008563    0.000086
    1   -2   -1    3    1   -0.004065   -0.000059
    1   -2   -1    4    1    0.005755   -0.000003
    1   -2   -1    1    2    0.004141   -0.000008
    1   -2   -1    2    2   -0.004827    0.000047
    1   -2   -1    3    2    0.002314    0.000061
    1   -2   -1    4    2   -0.005746   -0.000103
    1   -2   -1    1    3   -0.005760    0.000020
    1   -2   -1    2    3    0.005712   -0.000074
    1   -2   -1    3    3    0.000881    0.000005
    1   -2   -1    4    3    0.002917    0.000034
    1   -2   -1    1    4    0.002298   -0.000018
    1   -2   -1    2    4   -0.004010   -0.000035
    1   -2   -1    3    4    0.000063   -0.000014
    1   -2   -1    4    4    0.000848    0.000041
    1   -2    0    1    1    0.024076   -0.000004
    1   -2    0    2    1    0.000008    0.000089
    1   -2    0    3    1   -0.030619   -0.000053
    1   -2    0    4    1   -0.000021    0.000003
    1   -2    0    1    2    0.002240    0.000073
    1   -2    0    2    2   -0.021520    0.000065
    1   -2    0    3    2    0.009310   -0.000005
    1   -2    0    4    2    0.003162   -0.000134
    1   -2    0    1    3   -0.013925   -0.000023
    1   -2    0    2    3    0.017453   -0.000046
    1   -2    0    3    3   -0.005987   -0.000036
    1   -2    0    4    3    0.017416    0.000088
    1   -2    0    1    4    0.002344   -0.000063
    1   -2    0    2    4    0.003149   -0.000059
    1   -2    0    3    4    0.009057    0.000085
    1   -2    0    4    4   -0.021453    0.000035
    1   -2    1    1    1    0.024148    0.000031
    1   -2    1    2    1   -0.030553   -0.000008
    1   -2    1    3    1   -0.000100   -0.000023
    1   -2    1    4    1   -0.000096   -0.000037
    1   -2    1    1    2   -0.013854    0.000082
    1   -2    1    2    2   -0.006084    0.000038
    1   -2    1    3    2    0.017562   -0.000077
    1   -2    1    4    2    0.017325   -0.000073
    1   -2    1    1    3    0.002191   -0.000029
    1   -2    1    2    3    0.009233   -0.000001
    1   -2    1    3    3   -0.021488   -0.000068
    1   -2    1    4    3    0.003262    0.000087
    1   -2    1    1    4    0.002287   -0.000048
    1   -2    1    2    4    0.009193   -0.000028
    1   -2    1    3    4    0.003136    0.000147
    1   -2    1    4    4   -0.021487   -0.000027
    1   -2    2    1    1   -0.004726   -0.000008
    1   -2    2    2    1   -0.004066   -0.000017
    1   -2    2    3    1    0.008543    0.000024
    1   -2    2    4    1    0.005717    0.000003
    1   -2    2    1    2   -0.005774    0.000041
    1   -2    2    2    2    0.000858    0.000006
    1   -2    2    3    2    0.005737   -0.000090
    1   -2    2    4    2    0.002948    0.000038
    1   -2    2    1    3    0.004218   -0.000028
    1   -2    2    2    3    0.002224    0.000049
    1   -2    2    3    3   -0.004859   -0.000046
    1   -2    2    4    3   -0.005719    0.000019
    1   -2    2    1    4    0.002209   -0.000004
    1   -2    2    2    4    0.000196   -0.000034
    1   -2    2    3    4   -0.003980    0.000108
    1   -2    2    4    4    0.000780   -0.000053
    1   -2    3    1    1   -0.000042   -0.000018
    1   -2    3    2    1   -0.000960   -0.000028
    1   -2    3    3    1    0.001146    0.000027
    1   -2    3    4    1    0.000458    0.000014
    1   -2    3    1    2   -0.000926    0.000016
    1   -2    3    2    2   -0.000020   -0.000028
    1   -2    3    3    2    0.001099   -0.000059
    1   -2    3    4    2    0.000444    0.000065
    1   -2    3    1    3    0.000520   -0.000042
    1   -2    3    2    3    0.000504    0.000078
    1   -2    3    3    3    0.000383   -0.000015
    1   -2    3    4    3   -0.002389   -0.000016
    1   -2    3    1    4    0.000179    0.000041
    1   -2    3    2    4    0.000196   -0.000012
    1   -2    3    3    4   -0.001823    0.000047
    1   -2    3    4    4    0.001537   -0.000062
    1   -2    4    1    1    0.000261   -0.000005
    1   -2    4    2    1    0.000046   -0.000021
    1   -2    4    3    1   -0.000063    0.000016
    1   -2    4    4    1   -0.000083    0.000008
    1   -2    4    1    2    0.000092   -0.000021
    1   -2    4    2    2    0.000059   -0.000042
    1   -2    4    3    2   -0.000364   -0.000002
    1   -2    4    4    2    0.000352    0.000050
    1   -2    4    1    3   -0.000278   -0.000025
    1   -2    4    2    3   -0.000454    0.000065
    1   -2    4    3    3    0.000570   -0.000001
    1   -2    4    4    3   -0.000099   -0.000025
    1   -2    4    1    4   -0.000166    0.000050
    1   -2    4    2    4    0.000304    0.000012
    1   -2    4    3    4    0.000033   -0.000019
    1   -2    4    4    4   -0.000086   -0.000035
    1   -1   -4    1    1    0.000133    0.000001
    1   -1   -4    2    1    0.000015    0.000005
    1   -1   -4    3    1    0.000090    0.000012
    1   -1   -4    4    1    0.000039   -0.000018
    1   -1   -4    1    2    0.000166   -0.000041
    1   -1   -4    2    2   -0.002648   -0.000031
    1   -1   -4    3    2    0.002431    0.000010
    1   -1   -4    4    2    0.000111    0.000037
    1   -1   -4    1    3    0.000185   -0.000013
    1   -1   -4    2    3    0.002510    0.000046
    1   -1   -4    3    3   -0.002683    0.000006
    1   -1   -4    4    3    0.000060   -0.000011
    1   -1   -4    1    4   -0.000327    0.000054
    1   -1   -4    2    4    0.000201    0.000001
    1   -1   -4    3    4    0.000222   -0.000047
    1   -1   -4    4    4    0.000069   -0.000008
    1   -1   -3    1    1    0.000481    0.000012
    1   -1   -3    2    1    0.001198    0.000028
    1   -1   -3    3    1   -0.000846   -0.000027
    1   -1   -3    4    1   -0.000285   -0.000011
    1   -1   -3    1    2    0.000591   -0.000055
    1   -1   -3    2    2   -0.003286    0.000022
    1   -1   -3    3    2    0.002298    0.000038
    1   -1   -3    4    2   -0.000800   -0.000031
    1   -1   -3    1    3    0.000073    0.000004
    1   -1   -3    2    3    0.003317   -0.000016
    1   -1   -3    3    3   -0.003230    0.000037
    1   -1   -3    4    3    0.001189    0.000008
    1   -1   -3    1    4   -0.001012    0.000042
    1   -1   -3    2    4    0.000118   -0.000017
    1   -1   -3    3    4    0.000585   -0.000071
    1   -1   -3    4    4    0.000443    0.000030
    1   -1   -2    1    1    0.000807    0.000023
    1   -1   -2    2    1    0.005733    0.000056
    1   -1   -2    3    1   -0.005779   -0.000055
    1   -1   -2    4    1    0.003039   -0.000004
    1   -1   -2    1    2    0.002203   -0.000036
    1   -1   -2    2    2   -0.004844    0.000074
    1   -1   -2    3    2    0.004236    0.000044
    1   -1   -2    4    2   -0.005738   -0.000106
    1   -1   -2    1    3   -0.004050    0.000021
    1   -1   -2    2    3    0.008538   -0.000068
    1   -1   -2    3    3   -0.004702    0.000042
    1   -1   -2    4    3    0.005643    0.000029
    1   -1   -2    1    4    0.000257    0.000001
    1   -1   -2    2    4   -0.004001   -0.000048
    1   -1   -2    3    4    0.002128   -0.000055
    1   -1   -2    4    4    0.000821    0.000067
    1   -1   -1    1    1   -0.015434    0.000017
    1   -1   -1    2    1    0.041803    0.000109
    1   -1   -1    3    1   -0.022361   -0.000054
    1   -1   -1    4    1    0.041725   -0.000016
    1   -1   -1    1    2    0.009449    0.000032
    1   -1   -1    2    2   -0.015442    0.000085
    1   -1   -1    3    2    0.009610    0.000025
    1   -1   -1    4    2   -0.022364   -0.000164
    1   -1   -1    1    3   -0.022358    0.000039
    1   -1   -1    2    3    0.041617   -0.000078
    1   -1   -1    3    3   -0.015226   -0.000019
    1   -1   -1    4    3    0.041494    0.000065
    1   -1   -1    1    4    0.009593   -0.000086
    1   -1   -1    2    4   -0.022390   -0.000070
    1   -1   -1    3    4    0.009340    0.000013
    1   -1   -1    4    4   -0.015349    0.000107
    1   -1    0    1    1    0.673912    0.000032
    1   -1    0    2    1   -0.310212   -0.000185
    1   -1    0    3    1   -0.312534    0.000199
    1   -1    0    4    1   -1.223341   -0.000028
    1   -1    0    1    2    0.123599    0.000207
    1   -1    0    2    2   -0.148084   -0.000016
    1   -1    0    3    2    0.026384   -0.000049
    1   -1    0    4    2   -0.311491   -0.000357
    1   -1    0    1    3    0.122335   -0.000082
    1   -1    0    2    3    0.027037    0.000009
    1   -1    0    3    3   -0.147996    0.000018
    1   -1    0    4    3   -0.309394    0.000306
    1   -1    0    1    4   -0.372224   -0.000133
    1   -1    0    2    4    0.122483    0.000120
    1   -1    0    3    4    0.123589   -0.000026
    1   -1    0    4    4    0.672795   -0.000003
    1   -1    1    1    1   -0.015300    0.000007
    1   -1    1    2    1   -0.022338    0.000004
    1   -1    1    3    1    0.041679   -0.000016
    1   -1    1    4    1    0.041590    0.000001
    1   -1    1    1    2   -0.022333    0.000031
    1   -1    1    2    2   -0.015343    0.000004
    1   -1    1    3    2    0.041785   -0.000142
    1   -1    1    4    2    0.041541    0.000037
    1   -1    1    1    3    0.009562    0.000002
    1   -1    1    2    3    0.009469    0.000039
    1   -1    1    3    3   -0.015481   -0.000090
    1   -1    1    4    3   -0.022359    0.000063
    1   -1    1    1    4    0.009449   -0.000050
    1   -1    1    2    4    0.009521   -0.000008
    1   -1    1    3    4   -0.022372    0.000153
    1   -1    1    4    4   -0.015377   -0.000065
    1   -1    2    1    1    0.000833   -0.000030
    1   -1    2    2    1   -0.005789   -0.000010
    1   -1    2    3    1    0.005710    0.000023
    1   -1    2    4    1    0.003026    0.000008
    1   -1    2    1    2   -0.004060    0.000019
    1   -1    2    2    2   -0.004728   -0.000041
    1   -1    2    3    2    0.008545   -0.000085
    1   -1    2    4    2    0.005696    0.000074
    1   -1    2    1    3    0.002288   -0.000030
    1   -1    2    2    3    0.004169    0.000082
    1   -1    2    3    3   -0.004852   -0.000051
    1   -1    2    4    3   -0.005733    0.000013
    1   -1    2    1    4    0.000160    0.000034
    1   -1    2    2    4    0.002253   -0.000014
    1   -1    2    3    4   -0.003967    0.000085
    1   -1    2    4    4    0.000757   -0.000082
    1   -1    3    1    1    0.000483   -0.000016
    1   -1    3    2    1   -0.000902   -0.000009
    1   -1    3    3    1    0.001246    0.000037
    1   -1    3    4    1   -0.000287   -0.000015
    1   -1    3    1    2    0.000068   -0.000012
    1   -1    3    2    2   -0.003213   -0.000054
    1   -1    3    3    2    0.003246   -0.000032
    1   -1    3    4    2    0.001247    0.000074
    1   -1    3    1    3    0.000638   -0.000031
    1   -1    3    2    3    0.002322    0.000086
    1   -1    3    3    3   -0.003315   -0.000025
    1   -1    3    4    3   -0.000826   -0.000011
    1   -1    3    1    4   -0.001056    0.000059
    1   -1    3    2    4    0.000625   -0.000003
    1   -1    3    3    4    0.000164    0.000007
    1   -1    3    4    4    0.000405   -0.000049
    1   -1    4    1    1    0.000133    0.000001
    1   -1    4    2    1    0.000015    0.000005
    1   -1    4    3    1    0.000090    0.000012
    1   -1    4    4    1    0.000039   -0.000018
    1   -1    4    1    2    0.000166   -0.000041
    1   -1    4    2    2   -0.002648   -0.000031
    1   -1    4    3    2    0.002431    0.000010
    1   -1    4    4    2    0.000111    0.000037
    1   -1    4    1    3    0.000185   -0.000013
    1   -1    4    2    3    0.002510    0.000046
    1   -1    4    3    3   -0.002683    0.000006
    1   -1    4    4    3    0.000060   -0.000011
    1   -1    4    1    4   -0.000327    0.000054
    1   -1    4    2    4    0.000201    0.000001
    1   -1    4    3    4    0.000222   -0.000047
    1   -1    4    4    4    0.000069   -0.000008
    1    0   -4    1    1    0.000398    0.000009
    1    0   -4    2    1    0.000187    0.000022
    1    0   -4    3    1   -0.000380    0.000005
    1    0   -4    4    1   -0.000388   -0.000036
    1    0   -4    1    2    0.000203   -0.000040
    1    0   -4    2    2   -0.002992    0.000003
    1    0   -4    3    2    0.001524   -0.000003
    1    0   -4    4    2    0.000965    0.000012
    1    0   -4    1    3   -0.000986   -0.000011
    1    0   -4    2    3    0.001040    0.000014
    1    0   -4    3    3   -0.000232    0.000038
    1    0   -4    4    3   -0.000144   -0.000007
    1    0   -4    1    4   -0.000216    0.000045
    1    0   -4    2    4    0.001401   -0.000023
    1    0   -4    3    4   -0.000164   -0.000056
    1    0   -4    4    4   -0.000768    0.000026
    1    0   -3    1    1    0.001461    0.000027
    1    0   -3    2    1    0.002686    0.000035
    1    0   -3    3    1   -0.001990   -0.000030
    1    0   -3    4    1   -0.001349   -0.000022
    1    0   -3    1    2    0.002844   -0.000036
    1    0   -3    2    2   -0.008770    0.000064
    1    0   -3    3    2    0.000672   -0.000004
    1    0   -3    4    2    0.004174   -0.000057
    1    0   -3    1    3   -0.004117   -0.000001
    1    0   -3    2    3   -0.000891   -0.000026
    1    0   -3    3    3    0.003750    0.000069
    1    0   -3    4    3    0.000334    0.000003
    1    0   -3    1    4   -0.001560    0.000014
    1    0   -3    2    4    0.005477   -0.000065
    1    0   -3    3    4    0.000504   -0.000048
    1    0   -3    4    4   -0.003882    0.000072
    1    0   -2    1    1   -0.006136    0.000043
    1    0   -2    2    1    0.017496    0.000054
    1    0   -2    3    1   -0.013822   -0.000066
    1    0   -2    4    1    0.017461    0.000025
    1    0   -2    1    2    0.009195   -0.000004
    1    0   -2    2    2   -0.021519    0.000099
    1    0   -2    3    2    0.002278   -0.000009
    1    0   -2    4    2    0.003201   -0.000138
    1    0   -2    1    3   -0.030560    0.000036
    1    0   -2    2    3   -0.000131   -0.000014
    1    0   -2    3    3    0.024256    0.000042
    1    0   -2    4    3   -0.000161    0.000036
    1    0   -2    1    4    0.009302   -0.000067
    1    0   -2    2    4    0.003193   -0.000121
    1    0   -2    3    4    0.002076    0.000013
    1    0   -2    4    4   -0.021451    0.000108
    1    0   -1    1    1   -0.148152    0.000064
    1    0   -1    2    1    0.026469   -0.000044
    1    0   -1    3    1    0.123745   -0.000132
    1    0   -1    4    1   -0.312337    0.000138
    1    0   -1    1    2    0.026901    0.000063
    1    0   -1    2    2   -0.148016    0.000011
    1    0   -1    3    2    0.122924    0.000033
    1    0   -1    4    2   -0.311138   -0.000338
    1    0   -1    1    3   -0.309327    0.000293
    1    0   -1    2    3   -0.310884   -0.000072
    1    0   -1    3    3    0.672569    0.000089
    1    0   -1    4    3   -1.223376    0.000046
    1    0   -1    1    4    0.122468   -0.000210
    1    0   -1    2    4    0.123084    0.000012
    1    0   -1    3    4   -0.372327    0.000086
    1    0   -1    4    4    0.674302   -0.000005
    1    0    0    1    1   -0.147835   -0.000022
    1    0    0    2    1    0.123136   -0.000061
    1    0    0    3    1    0.026553   -0.000018
    1    0    0    4    1   -0.311106    0.000103
    1    0    0    1    2   -0.310872   -0.000071
    1    0    0    2    2    0.673551   -0.000085
    1    0    0    3    2   -0.311156    0.000001
    1    0    0    4    2   -1.223483    0.000016
    1    0    0    1    3    0.026844    0.000063
    1    0    0    2    3    0.122930   -0.000082
    1    0    0    3    3   -0.148208    0.000006
    1    0    0    4    3   -0.310333    0.000303
    1    0    0    1    4    0.122789   -0.000044
    1    0    0    2    4   -0.372247    0.000044
    1    0    0    3    4    0.123146    0.000002
    1    0    0    4    4    0.673175    0.000011
    1    0    1    1    1   -0.006047   -0.000033
    1    0    1    2    1   -0.013916   -0.000013
    1    0    1    3    1    0.017472    0.000013
    1    0    1    4    1    0.017473    0.000008
    1    0    1    1    2   -0.030601    0.000032
    1    0    1    2    2    0.024150   -0.000057
    1    0    1    3    2   -0.000010   -0.000070
    1    0    1    4    2   -0.000147    0.000036
    1    0    1    1    3    0.009263   -0.000011
    1    0    1    2    3    0.002241    0.000042
    1    0    1    3    3   -0.021524   -0.000075
    1    0    1    4    3    0.003201    0.000075
    1    0    1    1    4    0.009166    0.000009
    1    0    1    2    4    0.002263    0.000022
    1    0    1    3    4    0.003171    0.000082
    1    0    1    4    4   -0.021481   -0.000083
    1    0    2    1    1    0.001470   -0.000028
    1    0    2    2    1   -0.002052   -0.000003
    1    0    2    3    1    0.002699    0.000050
    1    0    2    4    1   -0.001315   -0.000028
    1    0    2    1    2   -0.004119   -0.000005
    1    0    2    2    2    0.003741   -0.000076
    1    0    2    3    2   -0.000900   -0.000028
    1    0    2    4    2    0.000346    0.000076
    1    0    2    1    3    0.002904   -0.000015
    1    0    2    2    3    0.000668    0.000072
    1    0    2    3    3   -0.008793   -0.000054
    1    0    2    4    3    0.004152    0.000019
    1    0    2    1    4   -0.001641    0.000051
    1    0    2    2    4    0.000586    0.000019
    1    0    2    3    4    0.005514    0.000015
    1    0    2    4    4   -0.003915   -0.000062
    1    0    3    1    1    0.000397   -0.000008
    1    0    3    2    1   -0.000449    0.000011
    1    0    3    3    1    0.000245    0.000038
    1    0    3    4    1   -0.000378   -0.000043
    1    0    3    1    2   -0.001011   -0.000028
    1    0    3    2    2   -0.000199   -0.000051
    1    0    3    3    2    0.000995   -0.000008
    1    0    3    4    2   -0.000111    0.000061
    1    0    3    1    3    0.000250   -0.000013
    1    0    3    2    3    0.001560    0.000057
    1    0    3    3    3   -0.003036   -0.000012
    1    0    3    4    3    0.000931   -0.000005
    1    0    3    1    4   -0.000240    0.000052
    1    0    3    2    4   -0.000157    0.000002
    1    0    3    3    4    0.001434   -0.000034
    1    0    3    4    4   -0.000781   -0.000016
    1    1   -5    1    1    0.000392    0.000001
    1    1   -5    2    1   -0.000525    0.000024
    1    1   -5    3    1   -0.000478    0.000031
    1    1   -5    4    1    0.000243   -0.000056
    1    1   -5    1    2   -0.000509   -0.000024
    1    1   -5    2    2    0.001637   -0.000015
    1    1   -5    3    2   -0.000592   -0.000017
    1    1   -5    4    2   -0.000414    0.000035
    1    1   -5    1    3   -0.000460   -0.000013
    1    1   -5    2    3   -0.000592    0.000019
    1    1   -5    3    3    0.001584    0.000015
    1    1   -5    4    3   -0.000423    0.000003
    1    1   -5    1    4    0.000264    0.000039
    1    1   -5    2    4   -0.000452   -0.000017
    1    1   -5    3    4   -0.000438   -0.000038
    1    1   -5    4    4    0.000289    0.000012
    1    1   -4    1    1    0.001378    0.000023
    1    1   -4    2    1   -0.000313    0.000022
    1    1   -4    3    1   -0.000295    0.000010
    1    1   -4    4    1   -0.000766   -0.000051
    1    1   -4    1    2    0.000071   -0.000015
    1    1   -4    2    2    0.002024    0.000042
    1    1   -4    3    2   -0.000994   -0.000036
    1    1   -4    4    2    0.000176   -0.000012
    1    1   -4    1    3   -0.001346   -0.000027
    1    1   -4    2    3   -0.002205    0.000002
    1    1   -4    3    3    0.002888    0.000061
    1    1   -4    4    3   -0.001289   -0.000013
    1    1   -4    1    4   -0.000691    0.000021
    1    1   -4    2    4   -0.000251   -0.000066
    1    1   -4    3    4   -0.000316   -0.000035
    1    1   -4    4    4    0.001292    0.000064
    1    1   -3    1    1    0.000184    0.000043
    1    1   -3    2    1    0.002175    0.000024
    1    1   -3    3    1   -0.002602   -0.000026
    1    1   -3    4    1    0.002140   -0.000017
    1    1   -3    1    2    0.002143   -0.000002
    1    1   -3    2    2    0.000188    0.000077
    1    1   -3    3    2   -0.002651   -0.000040
    1    1   -3    4    2    0.002228   -0.000057
    1    1   -3    1    3   -0.008243   -0.000018
    1    1   -3    2    3   -0.008229   -0.000008
    1    1   -3    3    3    0.014672    0.000077
    1    1   -3    4    3   -0.008213   -0.000029
    1    1   -3    1    4    0.002266   -0.000031
    1    1   -3    2    4    0.002194   -0.000103
    1    1   -3    3    4   -0.002743   -0.000001
    1    1   -3    4    4    0.000178    0.000100
    1    1   -2    1    1   -0.021516    0.000040
    1    1   -2    2    1    0.009245   -0.000001
    1    1   -2    3    1    0.002354   -0.000058
    1    1   -2    4    1    0.003093    0.000030
    1    1   -2    1    2    0.017456    0.000018
    1    1   -2    2    2   -0.006035    0.000068
    1    1   -2    3    2   -0.013907   -0.000020
    1    1   -2    4    2    0.017486   -0.000105
    1    1   -2    1    3   -0.000121    0.000011
    1    1   -2    2    3   -0.030599   -0.000020
    1    1   -2    3    3    0.024204    0.000053
    1    1   -2    4    3   -0.000076   -0.000017
    1    1   -2    1    4    0.003265   -0.000072
    1    1   -2    2    4    0.009147   -0.000062
    1    1   -2    3    4    0.002091    0.000046
    1    1   -2    4    4   -0.021388    0.000080
    1    1   -1    1    1   -0.015362    0.000019
    1    1   -1    2    1    0.009531   -0.000085
    1    1   -1    3    1    0.009514   -0.000024
    1    1   -1    4    1   -0.022373    0.000078
    1    1   -1    1    2    0.041735   -0.000010
    1    1   -1    2    2   -0.015296    0.000022
    1    1   -1    3    2   -0.022380    0.000010
    1    1   -1    4    2    0.041578   -0.000089
    1    1   -1    1    3    0.041661    0.000054
    1    1   -1    2    3   -0.022380   -0.000000
    1    1   -1    3    3   -0.015317   -0.000002
    1    1   -1    4    3    0.041651   -0.000033
    1    1   -1    1    4   -0.022399   -0.000047
    1    1   -1    2    4    0.009452    0.000050
    1    1   -1    3    4    0.009442    0.000034
    1    1   -1    4    4   -0.015304   -0.000013
    1    1    0    1    1   -0.021468   -0.000036
    1    1    0    2    1    0.002191   -0.000064
    1    1    0    3    1    0.009237    0.000015
    1    1    0    4    1    0.003248    0.000073
    1    1    0    1    2   -0.000054   -0.000034
    1    1    0    2    2    0.024181   -0.000034
    1    1    0    3    2   -0.030583    0.000003
    1    1    0    4    2   -0.000131    0.000026
    1    1    0    1    3    0.017504    0.000033
    1    1    0    2    3   -0.013887    0.000000
    1    1    0    3    3   -0.006063   -0.000063
    1    1    0    4    3    0.017401    0.000017
    1    1    0    1    4    0.003106    0.000009
    1    1    0    2    4    0.002272    0.000060
    1    1    0    3    4    0.009150    0.000046
    1    1    0    4    4   -0.021405   -0.000064
    1    1    1    1    1    0.000193   -0.000033
    1    1    1    2    1   -0.002696   -0.000016
    1    1    1    3    1    0.002172    0.000039
    1    1    1    4    1    0.002233    0.000000
    1    1    1    1    2   -0.008191   -0.000017
    1    1    1    2    2    0.014646   -0.000083
    1    1    1    3    2   -0.008210    0.000008
    1    1    1    4    2   -0.008242    0.000069
    1    1    1    1    3    0.002196    0.000020
    1    1    1    2    3   -0.002637    0.000016
    1    1    1    3    3    0.000159   -0.000069
    1    1    1    4    3    0.002164    0.000040
    1    1    1    1    4    0.002144    0.000035
    1    1    1    2    4   -0.002633    0.000068
    1    1    1    3    4    0.002211    0.000015
    1    1    1    4    4    0.000185   -0.000077
    1    1    2    1    1    0.001371   -0.000017
    1    1    2    2    1   -0.000356    0.000015
    1    1    2    3    1   -0.000288    0.000042
    1    1    2    4    1   -0.000722   -0.000043
    1    1    2    1    2   -0.001344   -0.000027
    1    1    2    2    2    0.002909   -0.000069
    1    1    2    3    2   -0.002199    0.000003
    1    1    2    4    2   -0.001308    0.000070
    1    1    2    1    3    0.000133    0.000007
    1    1    2    2    3   -0.000989    0.000028
    1    1    2    3    3    0.001972   -0.000037
    1    1    2    4    3    0.000147    0.000023
    1    1    2    1    4   -0.000751    0.000042
    1    1    2    2    4   -0.000284    0.000033
    1    1    2    3    4   -0.000221   -0.000021
    1    1    2    4    4    0.001294   -0.000041
    1    1    3    1    1    0.000392    0.000001
    1    1    3    2    1   -0.000525    0.000024
    1    1    3    3    1   -0.000478    0.000031
    1    1    3    4    1    0.000243   -0.000056
    1    1    3    1    2   -0.000509   -0.000024
    1    1    3    2    2    0.001637   -0.000015
    1    1    3    3    2   -0.000592   -0.000017
    1    1    3    4    2   -0.000414    0.000035
    1    1    3    1    3   -0.000460   -0.000013
    1    1    3    2    3   -0.000592    0.000019
    1    1    3    3    3    0.001584    0.000015
    1    1    3    4    3   -0.000423    0.000003
    1    1    3    1    4    0.000264    0.000039
    1    1    3    2    4   -0.000452   -0.000017
    1    1    3    3    4   -0.000438   -0.000038
    1    1    3    4    4    0.000289    0.000012
    1    2   -5    1    1    0.000333    0.000015
    1    2   -5    2    1   -0.000477    0.000023
    1    2   -5    3    1   -0.000175    0.000034
    1    2   -5    4    1    0.000408   -0.000068
    1    2   -5    1    2   -0.000521    0.000004
    1    2   -5    2    2    0.000300    0.000028
    1    2   -5    3    2   -0.000152   -0.000041
    1    2   -5    4    2    0.000460   -0.000007
    1    2   -5    1    3   -0.000297   -0.000041
    1    2   -5    2    3   -0.000326    0.000004
    1    2   -5    3    3   -0.000421    0.000027
    1    2   -5    4    3    0.000634    0.000021
    1    2   -5    1    4    0.000365    0.000025
    1    2   -5    2    4    0.000388   -0.000057
    1    2   -5    3    4    0.000791   -0.000021
    1    2   -5    4    4   -0.001383    0.000045
    1    2   -4    1    1    0.002068    0.000035
    1    2   -4    2    1    0.000121    0.000006
    1    2   -4    3    1   -0.000990    0.000016
    1    2   -4    4    1    0.000079   -0.000045
    1    2   -4    1    2   -0.000332    0.000018
    1    2   -4    2    2    0.001376    0.000058
    1    2   -4    3    2   -0.000317   -0.000052
    1    2   -4    4    2   -0.000721   -0.000036
    1    2   -4    1    3   -0.002238   -0.000055
    1    2   -4    2    3   -0.001364    0.000009
    1    2   -4    3    3    0.002911    0.000059
    1    2   -4    4    3   -0.001261   -0.000016
    1    2   -4    1    4   -0.000243   -0.000001
    1    2   -4    2    4   -0.000726   -0.000088
    1    2   -4    3    4   -0.000323   -0.000009
    1    2   -4    4    4    0.001317    0.000087
    1    2   -3    1    1   -0.008711    0.000039
    1    2   -3    2    1    0.002903   -0.000010
    1    2   -3    3    1    0.000693   -0.000018
    1    2   -3    4    1    0.004058    0.000001
    1    2   -3    1    2    0.002690    0.000019
    1    2   -3    2    2    0.001502    0.000052
    1    2   -3    3    2   -0.002043   -0.000032
    1    2   -3    4    2   -0.001337   -0.000046
    1    2   -3    1    3   -0.000955   -0.000030
    1    2   -3    2    3   -0.004135   -0.000000
    1    2   -3    3    3    0.003781    0.000059
    1    2   -3    4    3    0.000377   -0.000035
    1    2   -3    1    4    0.005492   -0.000041
    1    2   -3    2    4   -0.001669   -0.000063
    1    2   -3    3    4    0.000507    0.000014
    1    2   -3    4    4   -0.003816    0.000081
    1    2   -2    1    1   -0.004756    0.000017
    1    2   -2    2    1    0.002280   -0.000049
    1    2   -2    3    1    0.004185   -0.000022
    1    2   -2    4    1   -0.005813    0.000053
    1    2   -2    1    2    0.005752    0.000015
    1    2   -2    2    2    0.000875    0.000016
    1    2   -2    3    2   -0.005825    0.000010
    1    2   -2    4    2    0.002997   -0.000049
    1    2   -2    1    3    0.008480    0.000029
    1    2   -2    2    3   -0.004063    0.000001
    1    2   -2    3    3   -0.004689    0.000024
    1    2   -2    4    3    0.005701   -0.000053
    1    2   -2    1    4   -0.004030   -0.000063
    1    2   -2    2    4    0.000106    0.000017
    1    2   -2    3    4    0.002204    0.000014
    1    2   -2    4    4    0.000897    0.000036
    1    2   -1    1    1   -0.004768   -0.000017
    1    2   -1    2    1    0.004180   -0.000072
    1    2   -1    3    1    0.002230    0.000004
    1    2   -1    4    1   -0.005754    0.000079
    1    2   -1    1    2    0.008601   -0.000012
    1    2   -1    2    2   -0.004705   -0.000032
    1    2   -1    3    2   -0.004106    0.000042
    1    2   -1    4    2    0.005683   -0.000008
    1    2   -1    1    3    0.005707    0.000062
    1    2   -1    2    3   -0.005776    0.000001
    1    2   -1    3    3    0.000891   -0.000022
    1    2   -1    4    3    0.002942   -0.000054
    1    2   -1    1    4   -0.004089   -0.000036
    1    2   -1    2    4    0.002200    0.000080
    1    2   -1    3    4    0.000165    0.000005
    1    2   -1    4    4    0.000911   -0.000024
    1    2    0    1    1   -0.008719   -0.000032
    1    2    0    2    1    0.000610   -0.000033
    1    2    0    3    1    0.002871    0.000015
    1    2    0    4    1    0.004176    0.000047
    1    2    0    1    2   -0.000852   -0.000031
    1    2    0    2    2    0.003761   -0.000062
    1    2    0    3    2   -0.004128    0.000044
    1    2    0    4    2    0.000307    0.000037
    1    2    0    1    3    0.002714    0.000050
    1    2    0    2    3   -0.002002   -0.000015
    1    2    0    3    3    0.001491   -0.000054
    1    2    0    4    3   -0.001412    0.000007
    1    2    0    1    4    0.005371    0.000010
    1    2    0    2    4    0.000580    0.000089
    1    2    0    3    4   -0.001642    0.000012
    1    2    0    4    4   -0.003783   -0.000073
    1    2    1    1    1    0.002052   -0.000024
    1    2    1    2    1   -0.001037    0.000015
    1    2    1    3    1    0.000096    0.000018
    1    2    1    4    1    0.000161   -0.000009
    1    2    1    1    2   -0.002188   -0.000033
    1    2    1    2    2    0.002919   -0.000065
    1    2    1    3    2   -0.001324    0.000026
    1    2    1    4    2   -0.001344    0.000054
    1    2    1    1    3   -0.000284    0.000025
    1    2    1    2    3   -0.000314   -0.000017
    1    2    1    3    3    0.001339   -0.000049
    1    2    1    4    3   -0.000745    0.000047
    1    2    1    1    4   -0.000324    0.000032
    1    2    1    2    4   -0.000286    0.000063
    1    2    1    3    4   -0.000706    0.000005
    1    2    1    4    4    0.001342   -0.000072
    1    2    2    1    1    0.000324   -0.000007
    1    2    2    2    1   -0.000192    0.000034
    1    2    2    3    1   -0.000482    0.000027
    1    2    2    4    1    0.000437   -0.000051
    1    2    2    1    2   -0.000327   -0.000020
    1    2    2    2    2   -0.000379   -0.000025
    1    2    2    3    2   -0.000275   -0.000007
    1    2    2    4    2    0.000581    0.000034
    1    2    2    1    3   -0.000453   -0.000008
    1    2    2    2    3   -0.000189   -0.000007
    1    2    2    3    3    0.000245   -0.000017
    1    2    2    4    3    0.000476    0.000047
    1    2    2    1    4    0.000339    0.000036
    1    2    2    2    4    0.000791    0.000004
    1    2    2    3    4    0.000403   -0.000011
    1    2    2    4    4   -0.001375   -0.000023
    1    3   -5    1    1    0.001692    0.000025
    1    3   -5    2    1   -0.000458    0.000009
    1    3   -5    3    1   -0.000610    0.000036
    1    3   -5    4    1   -0.000497   -0.000061
    1    3   -5    1    2   -0.000538    0.000037
    1    3   -5    2    2    0.000392    0.000046
    1    3   -5    3    2   -0.000481   -0.000052
    1    3   -5    4    2    0.000251   -0.000038
    1    3   -5    1    3   -0.000610   -0.000064
    1    3   -5    2    3   -0.000519    0.000011
    1    3   -5    3    3    0.001619    0.000023
    1    3   -5    4    3   -0.000372    0.000024
    1    3   -5    1    4   -0.000479    0.000006
    1    3   -5    2    4    0.000271   -0.000079
    1    3   -5    3    4   -0.000453    0.000000
    1    3   -5    4    4    0.000310    0.000065
    1    3   -4    1    1   -0.002916    0.000030
    1    3   -4    2    1    0.000245   -0.000020
    1    3   -4    3    1    0.001537    0.000012
    1    3   -4    4    1    0.000845   -0.000016
    1    3   -4    1    2    0.000205    0.000034
    1    3   -4    2    2    0.000431    0.000041
    1    3   -4    3    2   -0.000428   -0.000045
    1    3   -4    4    2   -0.000396   -0.000031
    1    3   -4    1    3    0.000966   -0.000057
    1    3   -4    2    3   -0.001022    0.000024
    1    3   -4    3    3   -0.000188    0.000042
    1    3   -4    4    3   -0.000077   -0.000021
    1    3   -4    1    4    0.001385   -0.000010
    1    3   -4    2    4   -0.000268   -0.000063
    1    3   -4    3    4   -0.000171    0.000011
    1    3   -4    4    4   -0.000713    0.000061
    1    3   -3    1    1   -0.003193    0.000014
    1    3   -3    2    1    0.000628   -0.000040
    1    3   -3    3    1    0.002297   -0.000010
    1    3   -3    4    1   -0.000909    0.000038
    1    3   -3    1    2    0.001239    0.000016
    1    3   -3    2    2    0.000528    0.000009
    1    3   -3    3    2   -0.000920   -0.000011
    1    3   -3    4    2   -0.000304   -0.000013
    1    3   -3    1    3    0.003222   -0.000014
    1    3   -3    2    3    0.000064    0.000027
    1    3   -3    3    3   -0.003186    0.000034
    1    3   -3    4    3    0.001248   -0.000053
    1    3   -3    1    4    0.000089   -0.000024
    1    3   -3    2    4   -0.001106   -0.000010
    1    3   -3    3    4    0.000619    0.000007
    1    3   -3    4    4    0.000510    0.000027
    1    3   -2    1    1    0.000490   -0.000011
    1    3   -2    2    1    0.000497   -0.000051
    1    3   -2    3    1    0.000481   -0.000007
    1    3   -2    4    1   -0.002454    0.000066
    1    3   -2    1    2    0.001167   -0.000001
    1    3   -2    2    2   -0.000017   -0.000026
    1    3   -2    3    2   -0.000998    0.000035
    1    3   -2    4    2    0.000457   -0.000007
    1    3   -2    1    3    0.001085    0.000031
    1    3   -2    2    3   -0.000919    0.000021
    1    3   -2    3    3    0.000013    0.000007
    1    3   -2    4    3    0.000415   -0.000068
    1    3   -2    1    4   -0.001920   -0.000027
    1    3   -2    2    4    0.000148    0.000049
    1    3   -2    3    4    0.000201   -0.000014
    1    3   -2    4    4    0.001647    0.000000
    1    3   -1    1    1   -0.003218   -0.000022
    1    3   -1    2    1    0.002271   -0.000032
    1    3   -1    3    1    0.000595   -0.000002
    1    3   -1    4    1   -0.000832    0.000058
    1    3   -1    1    2    0.003323   -0.000020
    1    3   -1    2    2   -0.003197   -0.000050
    1    3   -1    3    2    0.000021    0.000064
    1    3   -1    4    2    0.001211    0.000005
    1    3   -1    1    3    0.001208    0.000051
    1    3   -1    2    3   -0.000849   -0.000007
    1    3   -1    3    3    0.000548   -0.000025
    1    3   -1    4    3   -0.000372   -0.000036
    1    3   -1    1    4    0.000036   -0.000015
    1    3   -1    2    4    0.000601    0.000080
    1    3   -1    3    4   -0.001063   -0.000015
    1    3   -1    4    4    0.000544   -0.000033
    1    3    0    1    1   -0.002945   -0.000026
    1    3    0    2    1    0.001493    0.000013
    1    3    0    3    1    0.000210   -0.000008
    1    3    0    4    1    0.000945    0.000027
    1    3    0    1    2    0.001035   -0.000031
    1    3    0    2    2   -0.000177   -0.000050
    1    3    0    3    2   -0.000999    0.000054
    1    3    0    4    2   -0.000173    0.000021
    1    3    0    1    3    0.000224    0.000039
    1    3    0    2    3   -0.000404   -0.000034
    1    3    0    3    3    0.000424   -0.000040
    1    3    0    4    3   -0.000433    0.000025
    1    3    0    1    4    0.001323    0.000011
    1    3    0    2    4   -0.000158    0.000067
    1    3    0    3    4   -0.000260    0.000008
    1    3    0    4    4   -0.000670   -0.000065
    1    3    1    1    1    0.001670   -0.000017
    1    3    1    2    1   -0.000615    0.000044
    1    3    1    3    1   -0.000501    0.000000
    1    3    1    4    1   -0.000438   -0.000021
    1    3    1    1    2   -0.000611   -0.000019
    1    3    1    2    2    0.001647   -0.000026
    1    3    1    3    2   -0.000448    0.000014
    1    3    1    4    2   -0.000465    0.000019
    1    3    1    1    3   -0.000478    0.000001
    1    3    1    2    3   -0.000519   -0.000038
    1    3    1    3    3    0.000361   -0.000033
    1    3    1    4    3    0.000266    0.000070
    1    3    1    1    4   -0.000510    0.000028
    1    3    1    2    4   -0.000451    0.000021
    1    3    1    3    4    0.000270    0.000018
    1    3    1    4    4    0.000338   -0.000054
    1    4   -4    1    1   -0.002580    0.000008
    1    4   -4    2    1    0.000170   -0.000041
    1    4   -4    3    1    0.002466    0.000010
    1    4   -4    4    1    0.000013    0.000023
    1    4   -4    1    2    0.000064    0.000027
    1    4   -4    2    2    0.000178    0.000007
    1    4   -4    3    2    0.000018   -0.000034
    1    4   -4    4    2    0.000012    0.000005
    1    4   -4    1    3    0.002432   -0.000042
    1    4   -4    2    3    0.000170    0.000043
    1    4   -4    3    3   -0.002650    0.000023
    1    4   -4    4    3    0.000123   -0.000033
    1    4   -4    1    4    0.000172    0.000004
    1    4   -4    2    4   -0.000377   -0.000017
    1    4   -4    3    4    0.000226    0.000016
    1    4   -4    4    4    0.000125    0.000002
    1    4   -3    1    1    0.000660   -0.000006
    1    4   -3    2    1   -0.000300   -0.000043
    1    4   -3    3    1   -0.000494   -0.000003
    1    4   -3    4    1   -0.000140    0.000050
    1    4   -3    1    2   -0.000072   -0.000001
    1    4   -3    2    2    0.000289   -0.000026
    1    4   -3    3    2    0.000027    0.000011
    1    4   -3    4    2   -0.000080    0.000018
    1    4   -3    1    3   -0.000352   -0.000007
    1    4   -3    2    3    0.000104    0.000042
    1    4   -3    3    3    0.000068    0.000019
    1    4   -3    4    3    0.000330   -0.000057
    1    4   -3    1    4   -0.000034    0.000008
    1    4   -3    2    4   -0.000200    0.000026
    1    4   -3    3    4    0.000334   -0.000016
    1    4   -3    4    4   -0.000026   -0.000013
    1    4   -2    1    1    0.000651   -0.000012
    1    4   -2    2    1   -0.000521   -0.000023
    1    4   -2    3    1   -0.000292   -0.000010
    1    4   -2    4    1   -0.000112    0.000047
    1    4   -2    1    2   -0.000287   -0.000020
    1    4   -2    2    2    0.000062   -0.000042
    1    4   -2    3    2    0.000029    0.000059
    1    4   -2    4    2    0.000342    0.000003
    1    4   -2    1    3   -0.000126    0.000029
    1    4   -2    2    3    0.000120    0.000017
    1    4   -2    3    3    0.000307    0.000000
    1    4   -2    4    3   -0.000136   -0.000052
    1    4   -2    1    4   -0.000042   -0.000003
    1    4   -2    2    4    0.000287    0.000050
    1    4   -2    3    4   -0.000162   -0.000037
    1    4   -2    4    4   -0.000007   -0.000007
    1    4   -1    1    1   -0.002611   -0.000017
    1    4   -1    2    1    0.002432    0.000014
    1    4   -1    3    1    0.000159   -0.000024
    1    4   -1    4    1    0.000084    0.000035
    1    4   -1    1    2    0.002482   -0.000029
    1    4   -1    2    2   -0.002628   -0.000040
    1    4   -1    3    2    0.000153    0.000075
    1    4   -1    4    2    0.000067   -0.000009
    1    4   -1    1    3    0.000047    0.000041
    1    4   -1    2    3    0.000075   -0.000022
    1    4   -1    3    3    0.000188   -0.000018
    1    4   -1    4    3   -0.000038   -0.000014
    1    4   -1    1    4    0.000158   -0.000003
    1    4   -1    2    4    0.000192    0.000051
    1    4   -1    3    4   -0.000371   -0.000020
    1    4   -1    4    4    0.000170   -0.000022
    1    5   -3    1    1    0.000923   -0.000003
    1    5   -3    2    1   -0.000591   -0.000023
    1    5   -3    3    1   -0.000534   -0.000003
    1    5   -3    4    1    0.000241    0.000029
    1    5   -3    1    2   -0.000535   -0.000025
    1    5   -3    2    2    0.000915   -0.000039
    1    5   -3    3    2   -0.000606    0.000036
    1    5   -3    4    2    0.000267    0.000023
    1    5   -3    1    3   -0.000569   -0.000001
    1    5   -3    2    3   -0.000511    0.000039
    1    5   -3    3    3    0.000904    0.000009
    1    5   -3    4    3    0.000228   -0.000041
    1    5   -3    1    4    0.000061    0.000027
    1    5   -3    2    4    0.000055    0.000030
    1    5   -3    3    4    0.000093   -0.000041
    1    5   -3    4    4   -0.000319   -0.000015
    2   -6    2    1    1   -0.002450    0.000001
    2   -6    2    2    1    0.000826    0.000029
    2   -6    2    3    1    0.000825    0.000032
    2   -6    2    4    1    0.000838   -0.000064
    2   -6    2    1    2    0.000814   -0.000022
    2   -6    2    2    2   -0.002473   -0.000019
    2   -6    2    3    2    0.000829    0.000001
    2   -6    2    4    2    0.000874    0.000031
    2   -6    2    1    3    0.000841   -0.000034
    2   -6    2    2    3    0.000822    0.000013
    2   -6    2    3    3   -0.002508    0.000008
    2   -6    2    4    3    0.000895    0.000027
    2   -6    2    1    4    0.000835    0.000056
    2   -6    2    2    4    0.000871   -0.000024
    2   -6    2    3    4    0.000904   -0.000037
    2   -6    2    4    4   -0.002547    0.000004
    2   -5    0    1    1    0.000233   -0.000033
    2   -5    0    2    1   -0.000201    0.000026
    2   -5    0    3    1    0.000175    0.000008
    2   -5    0    4    1   -0.000302    0.000002
    2   -5    0    1    2   -0.000141   -0.000021
    2   -5    0    2    2    0.000229   -0.000060
    2   -5    0    3    2    0.000198    0.000035
    2   -5    0    4    2   -0.000366    0.000044
    2   -5    0    1    3    0.000401    0.000008
    2   -5    0    2    3    0.000372   -0.000012
    2   -5    0    3    3   -0.000844   -0.000046
    2   -5    0    4    3    0.000163    0.000048
    2   -5    0    1    4   -0.000458    0.000042
    2   -5    0    2    4   -0.000377    0.000044
    2   -5    0    3    4    0.000404    0.000011
    2   -5    0    4    4    0.000376   -0.000085
    2   -5    1    1    1   -0.000358   -0.000017
    2   -5    1    2    1   -0.000306    0.000051
    2   -5    1    3    1    0.000531    0.000022
    2   -5    1    4    1   -0.000276   -0.000058
    2   -5    1    1    2   -0.000180   -0.000015
    2   -5    1    2    2    0.000292   -0.000031
    2   -5    1    3    2    0.000428    0.000009
    2   -5    1    4    2   -0.000450    0.000033
    2   -5    1    1    3    0.000769   -0.000032
    2   -5    1    2    3    0.000321   -0.000006
    2   -5    1    3    3   -0.001335   -0.000022
    2   -5    1    4    3    0.000388    0.000067
    2   -5    1    1    4   -0.000183    0.000061
    2   -5    1    2    4   -0.000425   -0.000012
    2   -5    1    3    4    0.000482   -0.000007
    2   -5    1    4    4    0.000227   -0.000035
    2   -5    2    1    1   -0.000345    0.000015
    2   -5    2    2    1    0.000557    0.000036
    2   -5    2    3    1   -0.000300    0.000026
    2   -5    2    4    1   -0.000317   -0.000082
    2   -5    2    1    2    0.000708    0.000011
    2   -5    2    2    2   -0.001299    0.000014
    2   -5    2    3    2    0.000345   -0.000015
    2   -5    2    4    2    0.000372   -0.000014
    2   -5    2    1    3   -0.000168   -0.000065
    2   -5    2    2    3    0.000388    0.000005
    2   -5    2    3    3    0.000269    0.000017
    2   -5    2    4    3   -0.000386    0.000049
    2   -5    2    1    4   -0.000148    0.000042
    2   -5    2    2    4    0.000449   -0.000062
    2   -5    2    3    4   -0.000421   -0.000023
    2   -5    2    4    4    0.000220    0.000042
    2   -5    3    1    1    0.000259    0.000033
    2   -5    3    2    1    0.000217    0.000008
    2   -5    3    3    1   -0.000164    0.000001
    2   -5    3    4    1   -0.000401   -0.000044
    2   -5    3    1    2    0.000353    0.000025
    2   -5    3    2    2   -0.000818    0.000043
    2   -5    3    3    2    0.000367   -0.000026
    2   -5    3    4    2    0.000175   -0.000046
    2   -5    3    1    3   -0.000205   -0.000062
    2   -5    3    2    3    0.000168    0.000006
    2   -5    3    3    3    0.000228    0.000043
    2   -5    3    4    3   -0.000263    0.000010
    2   -5    3    1    4   -0.000372    0.000006
    2   -5    3    2    4    0.000365   -0.000072
    2   -5    3    3    4   -0.000408   -0.000010
    2   -5    3    4    4    0.000357    0.000075
    2   -4   -2    1    1    0.000059   -0.000018
    2   -4   -2    2    1   -0.000690   -0.000013
    2   -4   -2    3    1    0.000274   -0.000015
    2   -4   -2    4    1    0.000345    0.000050
    2   -4   -2    1    2   -0.000639   -0.000011
    2   -4   -2    2    2    0.000055   -0.000043
    2   -4   -2    3    2    0.000258    0.000059
    2   -4   -2    4    2    0.000325   -0.000003
    2   -4   -2    1    3    0.000316    0.000037
    2   -4   -2    2    3    0.000339   -0.000002
    2   -4   -2    3    3   -0.000404   -0.000020
    2   -4   -2    4    3   -0.000192   -0.000025
    2   -4   -2    1    4    0.000266   -0.000011
    2   -4   -2    2    4    0.000290    0.000057
    2   -4   -2    3    4   -0.000128   -0.000013
    2   -4   -2    4    4   -0.000414   -0.000031
    2   -4   -1    1    1    0.000642   -0.000029
    2   -4   -1    2    1   -0.000348    0.000023
    2   -4   -1    3    1   -0.000058   -0.000014
    2   -4   -1    4    1   -0.000054    0.000025
    2   -4   -1    1    2   -0.000472   -0.000019
    2   -4   -1    2    2    0.000036   -0.000048
    2   -4   -1    3    2    0.000301    0.000058
    2   -4   -1    4    2    0.000092    0.000011
    2   -4   -1    1    3   -0.000109    0.000028
    2   -4   -1    2    3    0.000331   -0.000024
    2   -4   -1    3    3    0.000007   -0.000036
    2   -4   -1    4    3   -0.000151    0.000022
    2   -4   -1    1    4   -0.000316    0.000016
    2   -4   -1    2    4    0.000120    0.000048
    2   -4   -1    3    4   -0.000182    0.000003
    2   -4   -1    4    4    0.000279   -0.000064
    2   -4    0    1    1    0.000778   -0.000028
    2   -4    0    2    1   -0.000439    0.000060
    2   -4    0    3    1   -0.000241   -0.000001
    2   -4    0    4    1   -0.000390   -0.000029
    2   -4    0    1    2   -0.000282   -0.000012
    2   -4    0    2    2   -0.001213   -0.000030
    2   -4    0    3    2   -0.000133    0.000027
    2   -4    0    4    2    0.001822    0.000017
    2   -4    0    1    3    0.000212   -0.000010
    2   -4    0    2    3   -0.000552   -0.000031
    2   -4    0    3    3    0.000494   -0.000035
    2   -4    0    4    3   -0.000552    0.000072
    2   -4    0    1    4   -0.000286    0.000042
    2   -4    0    2    4    0.001854    0.000001
    2   -4    0    3    4   -0.000151    0.000017
    2   -4    0    4    4   -0.001224   -0.000056
    2   -4    1    1    1    0.002917    0.000002
    2   -4    1    2    1   -0.001321    0.000055
    2   -4    1    3    1   -0.001338    0.000013
    2   -4    1    4    1   -0.002206   -0.000080
    2   -4    1    1    2   -0.000346    0.000018
    2   -4    1    2    2    0.001335    0.000004
    2   -4    1    3    2   -0.000712   -0.000009
    2   -4    1    4    2   -0.000272   -0.000012
    2   -4    1    1    3   -0.000294   -0.000053
    2   -4    1    2    3   -0.000765   -0.000012
    2   -4    1    3    3    0.001310   -0.000016
    2   -4    1    4    3   -0.000223    0.000084
    2   -4    1    1    4   -0.000979    0.000036
    2   -4    1    2    4    0.000155   -0.000052
    2   -4    1    3    4    0.000157    0.000016
    2   -4    1    4    4    0.001952    0.000007
    2   -4    2    1    1    0.000807    0.000026
    2   -4    2    2    1   -0.000208    0.000021
    2   -4    2    3    1   -0.000417    0.000014
    2   -4    2    4    1   -0.000473   -0.000070
    2   -4    2    1    2    0.000143    0.000039
    2   -4    2    2    2    0.000516    0.000033
    2   -4    2    3    2   -0.000532   -0.000031
    2   -4    2    4    2   -0.000546   -0.000037
    2   -4    2    1    3   -0.000286   -0.000066
    2   -4    2    2    3   -0.000187    0.000008
    2   -4    2    3    3   -0.001233    0.000015
    2   -4    2    4    3    0.001913    0.000041
    2   -4    2    1    4   -0.000241    0.000013
    2   -4    2    2    4   -0.000155   -0.000075
    2   -4    2    3    4    0.001845    0.000012
    2   -4    2    4    4   -0.001254    0.000055
    2   -4    3    1    1    0.000669    0.000020
    2   -4    3    2    1   -0.000025   -0.000013
    2   -4    3    3    1   -0.000302   -0.000009
    2   -4    3    4    1   -0.000158   -0.000001
    2   -4    3    1    2   -0.000139    0.000033
    2   -4    3    2    2    0.000010    0.000035
    2   -4    3    3    2    0.000305   -0.000033
    2   -4    3    4    2   -0.000111   -0.000032
    2   -4    3    1    3   -0.000517   -0.000046
    2   -4    3    2    3    0.000282    0.000019
    2   -4    3    3    3    0.000023    0.000035
    2   -4    3    4    3    0.000177   -0.000015
    2   -4    3    1    4   -0.000260   -0.000005
    2   -4    3    2    4   -0.000195   -0.000052
    2   -4    3    3    4    0.000112    0.000018
    2   -4    3    4    4    0.000245    0.000044
    2   -4    4    1    1    0.000069    0.000003
    2   -4    4    2    1    0.000294   -0.000031
    2   -4    4    3    1   -0.000660   -0.000023
    2   -4    4    4    1    0.000286    0.000048
    2   -4    4    1    2    0.000330    0.000013
    2   -4    4    2    2   -0.000421    0.000009
    2   -4    4    3    2    0.000280   -0.000008
    2   -4    4    4    2   -0.000139   -0.000012
    2   -4    4    1    3   -0.000688   -0.000011
    2   -4    4    2    3    0.000285    0.000023
    2   -4    4    3    3    0.000064    0.000030
    2   -4    4    4    3    0.000349   -0.000047
    2   -4    4    1    4    0.000299   -0.000008
    2   -4    4    2    4   -0.000150   -0.000007
    2   -4    4    3    4    0.000302    0.000010
    2   -4    4    4    4   -0.000439    0.000010
    2   -3   -3    1    1   -0.000274   -0.000005
    2   -3   -3    2    1   -0.000017   -0.000015
    2   -3   -3    3    1    0.000151   -0.000016
    2   -3   -3    4    1    0.000208    0.000039
    2   -3   -3    1    2   -0.000003   -0.000028
    2   -3   -3    2    2    0.000237   -0.000034
    2   -3   -3    3    2   -0.000058    0.000053
    2   -3   -3    4    2   -0.000142    0.000003
    2   -3   -3    1    3    0.000135    0.000028
    2   -3   -3    2    3    0.000048    0.000009
    2   -3   -3    3    3   -0.000243    0.000000
    2   -3   -3    4    3    0.000143   -0.000036
    2   -3   -3    1    4    0.000077    0.000003
    2   -3   -3    2    4   -0.000317    0.000042
    2   -3   -3    3    4    0.000070   -0.000036
    2   -3   -3    4    4    0.000016   -0.000011
    2   -3   -2    1    1    0.000715   -0.000015
    2   -3   -2    2    1   -0.000043    0.000016
    2   -3   -2    3    1   -0.000860   -0.000027
    2   -3   -2    4    1    0.000375    0.000030
    2   -3   -2    1    2   -0.000244   -0.000034
    2   -3   -2    2    2    0.000683   -0.000029
    2   -3   -2    3    2    0.000219    0.000076
    2   -3   -2    4    2   -0.000876   -0.000015
    2   -3   -2    1    3   -0.000898    0.000038
    2   -3   -2    2    3    0.000368   -0.000024
    2   -3   -2    3    3    0.000427   -0.000016
    2   -3   -2    4    3    0.000142   -0.000002
    2   -3   -2    1    4    0.000213    0.000007
    2   -3   -2    2    4   -0.000822    0.000039
    2   -3   -2    3    4    0.000166   -0.000029
    2   -3   -2    4    4    0.000405   -0.000024
    2   -3   -1    1    1    0.000469   -0.000020
    2   -3   -1    2    1    0.001108    0.000058
    2   -3   -1    3    1   -0.001930   -0.000022
    2   -3   -1    4    1    0.001170   -0.000008
    2   -3   -1    1    2    0.000482   -0.000021
    2   -3   -1    2    2   -0.000108   -0.000013
    2   -3   -1    3    2    0.000247    0.000058
    2   -3   -1    4    2   -0.000898   -0.000020
    2   -3   -1    1    3   -0.002421    0.000020
    2   -3   -1    2    3    0.000465   -0.000050
    2   -3   -1    3    3    0.001617   -0.000029
    2   -3   -1    4    3    0.000388    0.000049
    2   -3   -1    1    4    0.000498    0.000014
    2   -3   -1    2    4   -0.000878    0.000006
    2   -3   -1    3    4    0.000150    0.000001
    2   -3   -1    4    4   -0.000059   -0.000032
    2   -3    0    1    1    0.003704   -0.000005
    2   -3    0    2    1    0.000365    0.000067
    2   -3    0    3    1   -0.004113   -0.000010
    2   -3    0    4    1   -0.000875   -0.000059
    2   -3    0    1    2    0.000535    0.000021
    2   -3    0    2    2   -0.003890    0.000012
    2   -3    0    3    2   -0.001560    0.000008
    2   -3    0    4    2    0.005451   -0.000035
    2   -3    0    1    3   -0.001991   -0.000020
    2   -3    0    2    3   -0.001346   -0.000041
    2   -3    0    3    3    0.001445   -0.000035
    2   -3    0    4    3    0.002712    0.000094
    2   -3    0    1    4    0.000692    0.000002
    2   -3    0    2    4    0.004148   -0.000041
    2   -3    0    3    4    0.002844    0.000050
    2   -3    0    4    4   -0.008762   -0.000006
    2   -3    1    1    1    0.003734    0.000025
    2   -3    1    2    1   -0.004092    0.000024
    2   -3    1    3    1    0.000351    0.000004
    2   -3    1    4    1   -0.000924   -0.000082
    2   -3    1    1    2   -0.002043    0.000045
    2   -3    1    2    2    0.001448    0.000031
    2   -3    1    3    2   -0.001285   -0.000039
    2   -3    1    4    2    0.002674   -0.000035
    2   -3    1    1    3    0.000567   -0.000048
    2   -3    1    2    3   -0.001642   -0.000008
    2   -3    1    3    3   -0.003906   -0.000020
    2   -3    1    4    3    0.005534    0.000077
    2   -3    1    1    4    0.000692   -0.000001
    2   -3    1    2    4    0.002900   -0.000063
    2   -3    1    3    4    0.004128    0.000069
    2   -3    1    4    4   -0.008793    0.000018
    2   -3    2    1    1    0.000508    0.000014
    2   -3    2    2    1   -0.001908   -0.000003
    2   -3    2    3    1    0.001141    0.000011
    2   -3    2    4    1    0.001069   -0.000029
    2   -3    2    1    2   -0.002471    0.000041
    2   -3    2    2    2    0.001615    0.000035
    2   -3    2    3    2    0.000469   -0.000059
    2   -3    2    4    2    0.000426   -0.000012
    2   -3    2    1    3    0.000496   -0.000049
    2   -3    2    2    3    0.000189    0.000021
    2   -3    2    3    3   -0.000138    0.000013
    2   -3    2    4    3   -0.000817    0.000012
    2   -3    2    1    4    0.000505    0.000002
    2   -3    2    2    4    0.000192   -0.000062
    2   -3    2    3    4   -0.000876    0.000051
    2   -3    2    4    4   -0.000107    0.000021
    2   -3    3    1    1    0.000735    0.000000
    2   -3    3    2    1   -0.000858   -0.000028
    2   -3    3    3    1    0.000009   -0.000003
    2   -3    3    4    1    0.000298    0.000027
    2   -3    3    1    2   -0.000904    0.000022
    2   -3    3    2    2    0.000417    0.000013
    2   -3    3    3    2    0.000311   -0.000041
    2   -3    3    4    2    0.000207    0.000006
    2   -3    3    1    3   -0.000259   -0.000033
    2   -3    3    2    3    0.000224    0.000036
    2   -3    3    3    3    0.000662    0.000028
    2   -3    3    4    3   -0.000836   -0.000033
    2   -3    3    1    4    0.000223    0.000012
    2   -3    3    2    4    0.000178   -0.000023
    2   -3    3    3    4   -0.000801    0.000025
    2   -3    3    4    4    0.000364   -0.000004
    2   -3    4    1    1   -0.000270   -0.000003
    2   -3    4    2    1    0.000125   -0.000032
    2   -3    4    3    1    0.000029   -0.000007
    2   -3    4    4    1    0.000183    0.000040
    2   -3    4    1    2    0.000159   -0.000007
    2   -3    4    2    2   -0.000253   -0.000018
    2   -3    4    3    2   -0.000034    0.000006
    2   -3    4    4    2    0.000200    0.000015
    2   -3    4    1    3   -0.000030   -0.000002
    2   -3    4    2    3    0.000002    0.000031
    2   -3    4    3    3    0.000235    0.000018
    2   -3    4    4    3   -0.000161   -0.000046
    2   -3    4    1    4    0.000079    0.000012
    2   -3    4    2    4    0.000055    0.000020
    2   -3    4    3    4   -0.000288   -0.000013
    2   -3    4    4    4    0.000001   -0.000013
    2   -2   -4    1    1   -0.000451   -0.000001
    2   -2   -4    2    1    0.000283   -0.000019
    2   -2   -4    3    1    0.000341    0.000001
    2   -2   -4    4    1   -0.000129    0.000020
    2   -2   -4    1    2    0.000298   -0.000033
    2   -2   -4    2    2    0.000053   -0.000033
    2   -2   -4    3    2   -0.000716    0.000027
    2   -2   -4    4    2    0.000356    0.000027
    2   -2   -4    1    3    0.000280    0.000010
    2   -2   -4    2    3   -0.000622    0.000030
    2   -2   -4    3    3    0.000048    0.000011
    2   -2   -4    4    3    0.000297   -0.000041
    2   -2   -4    1    4   -0.000109    0.000025
    2   -2   -4    2    4    0.000289    0.000029
    2   -2   -4    3    4    0.000317   -0.000043
    2   -2   -4    4    4   -0.000471   -0.000009
    2   -2   -3    1    1    0.000380   -0.000002
    2   -2   -3    2    1    0.000301    0.000008
    2   -2   -3    3    1   -0.000896   -0.000026
    2   -2   -3    4    1    0.000247    0.000023
    2   -2   -3    1    2    0.000226   -0.000050
    2   -2   -3    2    2    0.000678   -0.000021
    2   -2   -3    3    2   -0.000274    0.000073
    2   -2   -3    4    2   -0.000854   -0.000012
    2   -2   -3    1    3   -0.000858    0.000033
    2   -2   -3    2    3    0.000036   -0.000015
    2   -2   -3    3    3    0.000756    0.000007
    2   -2   -3    4    3    0.000259   -0.000012
    2   -2   -3    1    4    0.000218    0.000017
    2   -2   -3    2    4   -0.000826    0.000033
    2   -2   -3    3    4    0.000189   -0.000062
    2   -2   -3    4    4    0.000387   -0.000000
    2   -2   -2    1    1    0.001628   -0.000002
    2   -2   -2    2    1    0.000853    0.000044
    2   -2   -2    3    1   -0.002856   -0.000037
    2   -2   -2    4    1    0.000909    0.000001
    2   -2   -2    1    2    0.000337   -0.000041
    2   -2   -2    2    2    0.001571    0.000007
    2   -2   -2    3    2    0.000385    0.000081
    2   -2   -2    4    2   -0.002805   -0.000053
    2   -2   -2    1    3   -0.002837    0.000037
    2   -2   -2    2    3    0.000899   -0.000061
    2   -2   -2    3    3    0.001690   -0.000003
    2   -2   -2    4    3    0.000773    0.000035
    2   -2   -2    1    4    0.000365    0.000005
    2   -2   -2    2    4   -0.002803    0.000010
    2   -2   -2    3    4    0.000268   -0.000047
    2   -2   -2    4    4    0.001655    0.000008
    2   -2   -1    1    1   -0.004785    0.000000
    2   -2   -1    2    1    0.005748    0.000076
    2   -2   -1    3    1   -0.004060   -0.000024
    2   -2   -1    4    1    0.008566   -0.000049
    2   -2   -1    1    2    0.002193    0.000003
    2   -2   -1    2    2    0.000753    0.000029
    2   -2   -1    3    2    0.000288    0.000046
    2   -2   -1    4    2   -0.004017   -0.000076
    2   -2   -1    1    3   -0.005749    0.000026
    2   -2   -1    2    3    0.003023   -0.000075
    2   -2   -1    3    3    0.000853   -0.000027
    2   -2   -1    4    3    0.005643    0.000080
    2   -2   -1    1    4    0.004221   -0.000033
    2   -2   -1    2    4   -0.005753   -0.000034
    2   -2   -1    3    4    0.002133    0.000012
    2   -2   -1    4    4   -0.004748    0.000029
    2   -2    0    1    1    0.099052    0.000020
    2   -2    0    2    1   -0.014332   -0.000004
    2   -2    0    3    1   -0.014621    0.000021
    2   -2    0    4    1   -0.139467   -0.000069
    2   -2    0    1    2    0.018779    0.000070
    2   -2    0    2    2   -0.010883    0.000032
    2   -2    0    3    2   -0.004643   -0.000024
    2   -2    0    4    2   -0.014552   -0.000084
    2   -2    0    1    3    0.018632   -0.000016
    2   -2    0    2    3   -0.004685   -0.000040
    2   -2    0    3    3   -0.010891   -0.000029
    2   -2    0    4    3   -0.014224    0.000105
    2   -2    0    1    4   -0.087710   -0.000057
    2   -2    0    2    4    0.018654   -0.000014
    2   -2    0    3    4    0.018790    0.000071
    2   -2    0    4    4    0.098885    0.000014
    2   -2    1    1    1   -0.004738    0.000013
    2   -2    1    2    1   -0.004046    0.000000
    2   -2    1    3    1    0.005731    0.000014
    2   -2    1    4    1    0.008487   -0.000043
    2   -2    1    1    2   -0.005790    0.000033
    2   -2    1    2    2    0.000835    0.000034
    2   -2    1    3    2    0.003075   -0.000090
    2   -2    1    4    2    0.005654    0.000023
    2   -2    1    1    3    0.002268   -0.000029
    2   -2    1    2    3    0.000168    0.000013
    2   -2    1    3    3    0.000734   -0.000012
    2   -2    1    4    3   -0.003945    0.000035
    2   -2    1    1    4    0.004165   -0.000012
    2   -2    1    2    4    0.002251   -0.000050
    2   -2    1    3    4   -0.005759    0.000105
    2   -2    1    4    4   -0.004808   -0.000016
    2   -2    2    1    1    0.001657   -0.000008
    2   -2    2    2    1   -0.002854   -0.000019
    2   -2    2    3    1    0.000882    0.000019
    2   -2    2    4    1    0.000834    0.000004
    2   -2    2    1    2   -0.002858    0.000027
    2   -2    2    2    2    0.001675    0.000013
    2   -2    2    3    2    0.000861   -0.000087
    2   -2    2    4    2    0.000847    0.000039
    2   -2    2    1    3    0.000370   -0.000043
    2   -2    2    2    3    0.000336    0.000053
    2   -2    2    3    3    0.001552    0.000012
    2   -2    2    4    3   -0.002757   -0.000017
    2   -2    2    1    4    0.000333    0.000024
    2   -2    2    2    4    0.000341   -0.000044
    2   -2    2    3    4   -0.002774    0.000063
    2   -2    2    4    4    0.001586   -0.000026
    2   -2    3    1    1    0.000390   -0.000008
    2   -2    3    2    1   -0.000930   -0.000030
    2   -2    3    3    1    0.000360    0.000018
    2   -2    3    4    1    0.000207    0.000016
    2   -2    3    1    2   -0.000848   -0.000001
    2   -2    3    2    2    0.000749   -0.000016
    2   -2    3    3    2   -0.000057   -0.000036
    2   -2    3    4    2    0.000343    0.000043
    2   -2    3    1    3    0.000225   -0.000024
    2   -2    3    2    3   -0.000235    0.000057
    2   -2    3    3    3    0.000662    0.000016
    2   -2    3    4    3   -0.000864   -0.000043
    2   -2    3    1    4    0.000202    0.000034
    2   -2    3    2    4    0.000204   -0.000004
    2   -2    3    3    4   -0.000783    0.000004
    2   -2    3    4    4    0.000348   -0.000022
    2   -2    4    1    1   -0.000451   -0.000001
    2   -2    4    2    1    0.000283   -0.000019
    2   -2    4    3    1    0.000341    0.000001
    2   -2    4    4    1   -0.000129    0.000020
    2   -2    4    1    2    0.000298   -0.000033
    2   -2    4    2    2    0.000053   -0.000033
    2   -2    4    3    2   -0.000716    0.000027
    2   -2    4    4    2    0.000356    0.000027
    2   -2    4    1    3    0.000280    0.000010
    2   -2    4    2    3   -0.000622    0.000030
    2   -2    4    3    3    0.000048    0.000011
    2   -2    4    4    3    0.000297   -0.000041
    2   -2    4    1    4   -0.000109    0.000025
    2   -2    4    2    4    0.000289    0.000029
    2   -2    4    3    4    0.000317   -0.000043
    2   -2    4    4    4   -0.000471   -0.000009
    2   -1   -4    1    1   -0.000009    0.000003
    2   -1   -4    2    1    0.000280    0.000000
    2   -1   -4    3    1   -0.000111   -0.000008
    2   -1   -4    4    1   -0.000097    0.000005
    2   -1   -4    1    2    0.000296   -0.000051
    2   -1   -4    2    2    0.000031   -0.000026
    2   -1   -4    3    2   -0.000533    0.000043
    2   -1   -4    4    2    0.000153    0.000019
    2   -1   -4    1    3   -0.000052    0.000017
    2   -1   -4    2    3   -0.000264    0.000008
    2   -1   -4    3    3    0.000650    0.000025
    2   -1   -4    4    3   -0.000144   -0.000027
    2   -1   -4    1    4   -0.000158    0.000032
    2   -1   -4    2    4    0.000103    0.000024
    2   -1   -4    3    4   -0.000274   -0.000073
    2   -1   -4    4    4    0.000244    0.000006
    2   -1   -3    1    1    0.001593    0.000010
    2   -1   -3    2    1    0.000435    0.000030
    2   -1   -3    3    1   -0.002448   -0.000038
    2   -1   -3    4    1    0.000468   -0.000000
    2   -1   -3    1    2    0.000194   -0.000053
    2   -1   -3    2    2   -0.000114    0.000014
    2   -1   -3    3    2    0.000497    0.000067
    2   -1   -3    4    2   -0.000864   -0.000045
    2   -1   -3    1    3   -0.001928    0.000030
    2   -1   -3    2    3    0.001162   -0.000050
    2   -1   -3    3    3    0.000538    0.000030
    2   -1   -3    4    3    0.001042    0.000021
    2   -1   -3    1    4    0.000233    0.000013
    2   -1   -3    2    4   -0.000894    0.000008
    2   -1   -3    3    4    0.000432   -0.000078
    2   -1   -3    4    4   -0.000056    0.000030
    2   -1   -2    1    1    0.000811    0.000018
    2   -1   -2    2    1    0.003053    0.000053
    2   -1   -2    3    1   -0.005793   -0.000042
    2   -1   -2    4    1    0.005728   -0.000026
    2   -1   -2    1    2    0.000176   -0.000022
    2   -1   -2    2    2    0.000754    0.000047
    2   -1   -2    3    2    0.002293    0.000053
    2   -1   -2    4    2   -0.004016   -0.000100
    2   -1   -2    1    3   -0.004053    0.000045
    2   -1   -2    2    3    0.005730   -0.000085
    2   -1   -2    3    3   -0.004682    0.000009
    2   -1   -2    4    3    0.008445    0.000074
    2   -1   -2    1    4    0.002272   -0.000041
    2   -1   -2    2    4   -0.005768   -0.000026
    2   -1   -2    3    4    0.004082   -0.000038
    2   -1   -2    4    4   -0.004739    0.000064
    2   -1   -1    1    1   -0.021502   -0.000000
    2   -1   -1    2    1    0.017625    0.000021
    2   -1   -1    3    1    0.003108   -0.000024
    2   -1   -1    4    1   -0.000087   -0.000047
    2   -1   -1    1    2    0.009210    0.000038
    2   -1   -1    2    2   -0.006119    0.000041
    2   -1   -1    3    2    0.009306    0.000004
    2   -1   -1    4    2   -0.030633   -0.000112
    2   -1   -1    1    3    0.003229    0.000081
    2   -1   -1    2    3    0.017480   -0.000081
    2   -1   -1    3    3   -0.021466   -0.000014
    2   -1   -1    4    3   -0.000144    0.000052
    2   -1   -1    1    4    0.002224   -0.000098
    2   -1   -1    2    4   -0.013984   -0.000015
    2   -1   -1    3    4    0.002186    0.000034
    2   -1   -1    4    4    0.024255    0.000075
    2   -1    0    1    1   -0.021476    0.000003
    2   -1    0    2    1    0.003219   -0.000016
    2   -1    0    3    1    0.017491   -0.000005
    2   -1    0    4    1   -0.000165   -0.000008
    2   -1    0    1    2    0.003192    0.000031
    2   -1    0    2    2   -0.021476    0.000023
    2   -1    0    3    2    0.017606   -0.000078
    2   -1    0    4    2   -0.000167    0.000023
    2   -1    0    1    3    0.009308    0.000023
    2   -1    0    2    3    0.009187   -0.000011
    2   -1    0    3    3   -0.006147   -0.000015
    2   -1    0    4    3   -0.030532    0.000036
    2   -1    0    1    4    0.002170   -0.000067
    2   -1    0    2    4    0.002224    0.000004
    2   -1    0    3    4   -0.013975    0.000103
    2   -1    0    4    4    0.024237   -0.000015
    2   -1    1    1    1    0.000836   -0.000016
    2   -1    1    2    1   -0.005768   -0.000014
    2   -1    1    3    1    0.003007    0.000023
    2   -1    1    4    1    0.005676   -0.000008
    2   -1    1    1    2   -0.004060    0.000032
    2   -1    1    2    2   -0.004720   -0.000008
    2   -1    1    3    2    0.005746   -0.000111
    2   -1    1    4    2    0.008493    0.000060
    2   -1    1    1    3    0.000242   -0.000036
    2   -1    1    2    3    0.002193    0.000053
    2   -1    1    3    3    0.000755   -0.000010
    2   -1    1    4    3   -0.003958    0.000010
    2   -1    1    1    4    0.002196    0.000014
    2   -1    1    2    4    0.004195   -0.000027
    2   -1    1    3    4   -0.005740    0.000093
    2   -1    1    4    4   -0.004803   -0.000047
    2   -1    2    1    1    0.001605   -0.000017
    2   -1    2    2    1   -0.002471   -0.000025
    2   -1    2    3    1    0.000459    0.000044
    2   -1    2    4    1    0.000440   -0.000006
    2   -1    2    1    2   -0.001918    0.000006
    2   -1    2    2    2    0.000523   -0.000028
    2   -1    2    3    2    0.001089   -0.000069
    2   -1    2    4    2    0.001119    0.000070
    2   -1    2    1    3    0.000222   -0.000035
    2   -1    2    2    3    0.000491    0.000081
    2   -1    2    3    3   -0.000127   -0.000001
    2   -1    2    4    3   -0.000862   -0.000034
    2   -1    2    1    4    0.000181    0.000046
    2   -1    2    2    4    0.000492   -0.000020
    2   -1    2    3    4   -0.000833    0.000028
    2   -1    2    4    4   -0.000116   -0.000034
    2   -1    3    1    1   -0.000007   -0.000005
    2   -1    3    2    1   -0.000165   -0.000020
    2   -1    3    3    1    0.000340    0.000029
    2   -1    3    4    1   -0.000106   -0.000006
    2   -1    3    1    2   -0.000038   -0.000026
    2   -1    3    2    2    0.000658   -0.000040
    2   -1    3    3    2   -0.000372   -0.000009
    2   -1    3    4    2   -0.000064    0.000059
    2   -1    3    1    3    0.000296   -0.000008
    2   -1    3    2    3   -0.000458    0.000061
    2   -1    3    3    3    0.000013    0.000010
    2   -1    3    4    3    0.000102   -0.000050
    2   -1    3    1    4   -0.000174    0.000041
    2   -1    3    2    4   -0.000287    0.000009
    2   -1    3    3    4    0.000160   -0.000034
    2   -1    3    4    4    0.000220   -0.000009
    2    0   -5    1    1   -0.000811    0.000002
    2    0   -5    2    1    0.000342   -0.000003
    2    0   -5    3    1    0.000392    0.000021
    2    0   -5    4    1    0.000152   -0.000021
    2    0   -5    1    2    0.000189   -0.000039
    2    0   -5    2    2    0.000231   -0.000038
    2    0   -5    3    2   -0.000214    0.000014
    2    0   -5    4    2   -0.000293    0.000051
    2    0   -5    1    3    0.000188   -0.000000
    2    0   -5    2    3   -0.000135    0.000037
    2    0   -5    3    3    0.000204    0.000022
    2    0   -5    4    3   -0.000344   -0.000040
    2    0   -5    1    4    0.000366    0.000041
    2    0   -5    2    4   -0.000402    0.000009
    2    0   -5    3    4   -0.000354   -0.000060
    2    0   -5    4    4    0.000351    0.000005
    2    0   -4    1    1    0.000528    0.000015
    2    0   -4    2    1   -0.000571    0.000017
    2    0   -4    3    1    0.000185   -0.000017
    2    0   -4    4    1   -0.000558   -0.000016
    2    0   -4    1    2   -0.000178   -0.000046
    2    0   -4    2    2   -0.001210    0.000005
    2    0   -4    3    2   -0.000297    0.000032
    2    0   -4    4    2    0.001878   -0.000005
    2    0   -4    1    3   -0.000251    0.000006
    2    0   -4    2    3   -0.000393   -0.000017
    2    0   -4    3    3    0.000817    0.000048
    2    0   -4    4    3   -0.000459   -0.000006
    2    0   -4    1    4   -0.000130    0.000025
    2    0   -4    2    4    0.001831   -0.000006
    2    0   -4    3    4   -0.000298   -0.000075
    2    0   -4    4    4   -0.001204    0.000033
    2    0   -3    1    1    0.001462    0.000030
    2    0   -3    2    1   -0.001328    0.000037
    2    0   -3    3    1   -0.002010   -0.000047
    2    0   -3    4    1    0.002687   -0.000014
    2    0   -3    1    2   -0.001645   -0.000028
    2    0   -3    2    2   -0.003882    0.000053
    2    0   -3    3    2    0.000581    0.000024
    2    0   -3    4    2    0.005487   -0.000071
    2    0   -3    1    3   -0.004133    0.000023
    2    0   -3    2    3    0.000354   -0.000048
    2    0   -3    3    3    0.003810    0.000045
    2    0   -3    4    3   -0.000951    0.000040
    2    0   -3    1    4    0.002934   -0.000029
    2    0   -3    2    4    0.004127   -0.000049
    2    0   -3    3    4    0.000560   -0.000046
    2    0   -3    4    4   -0.008709    0.000073
    2    0   -2    1    1   -0.010853    0.000029
    2    0   -2    2    1   -0.004654    0.000023
    2    0   -2    3    1    0.018838   -0.000073
    2    0   -2    4    1   -0.014664    0.000039
    2    0   -2    1    2   -0.004694    0.000014
    2    0   -2    2    2   -0.010875    0.000063
    2    0   -2    3    2    0.018774    0.000004
    2    0   -2    4    2   -0.014477   -0.000123
    2    0   -2    1    3   -0.014268    0.000063
    2    0   -2    2    3   -0.014447   -0.000071
    2    0   -2    3    3    0.098904    0.000048
    2    0   -2    4    3   -0.139497    0.000053
    2    0   -2    1    4    0.018621   -0.000102
    2    0   -2    2    4    0.018679   -0.000043
    2    0   -2    3    4   -0.087813    0.000016
    2    0   -2    4    4    0.099206    0.000057
    2    0   -1    1    1   -0.006073    0.000005
    2    0   -1    2    1    0.009300   -0.000054
    2    0   -1    3    1    0.009164   -0.000020
    2    0   -1    4    1   -0.030649    0.000064
    2    0   -1    1    2    0.017533    0.000040
    2    0   -1    2    2   -0.021469    0.000033
    2    0   -1    3    2    0.003210   -0.000042
    2    0   -1    4    2   -0.000192   -0.000066
    2    0   -1    1    3    0.017541    0.000047
    2    0   -1    2    3    0.003139   -0.000037
    2    0   -1    3    3   -0.021446    0.000015
    2    0   -1    4    3   -0.000054    0.000043
    2    0   -1    1    4   -0.013977   -0.000084
    2    0   -1    2    4    0.002187    0.000028
    2    0   -1    3    4    0.002201    0.000039
    2    0   -1    4    4    0.024278   -0.000001
    2    0    0    1    1   -0.010875   -0.000021
    2    0    0    2    1    0.018775   -0.000047
    2    0    0    3    1   -0.004740    0.000029
    2    0    0    4    1   -0.014473    0.000025
    2    0    0    1    2   -0.014428    0.000030
    2    0    0    2    2    0.099040   -0.000035
    2    0    0    3    2   -0.014429   -0.000034
    2    0    0    4    2   -0.139538    0.000029
    2    0    0    1    3   -0.004646   -0.000007
    2    0    0    2    3    0.018649   -0.000002
    2    0    0    3    3   -0.010842   -0.000024
    2    0    0    4    3   -0.014365    0.000059
    2    0    0    1    4    0.018666   -0.000013
    2    0    0    2    4   -0.087722    0.000028
    2    0    0    3    4    0.018709    0.000051
    2    0    0    4    4    0.099005   -0.000038
    2    0    1    1    1    0.001464   -0.000026
    2    0    1    2    1   -0.002029   -0.000030
    2    0    1    3    1   -0.001360    0.000058
    2    0    1    4    1    0.002712   -0.000012
    2    0    1    1    2   -0.004100    0.000017
    2    0    1    2    2    0.003769   -0.000051
    2    0    1    3    2    0.000348   -0.000055
    2    0    1    4    2   -0.000941    0.000071
    2    0    1    1    3   -0.001603   -0.000024
    2    0    1    2    3    0.000541    0.000063
    2    0    1    3    3   -0.003886   -0.000034
    2    0    1    4    3    0.005492    0.000006
    2    0    1    1    4    0.002844    0.000035
    2    0    1    2    4    0.000666    0.000009
    2    0    1    3    4    0.004180    0.000037
    2    0    1    4    4   -0.008751   -0.000055
    2    0    2    1    1    0.000525   -0.000012
    2    0    2    2    1    0.000146   -0.000018
    2    0    2    3    1   -0.000544    0.000054
    2    0    2    4    1   -0.000548   -0.000027
    2    0    2    1    2   -0.000223   -0.000018
    2    0    2    2    2    0.000817   -0.000057
    2    0    2    3    2   -0.000465   -0.000021
    2    0    2    4    2   -0.000419    0.000080
    2    0    2    1    3   -0.000158   -0.000012
    2    0    2    2    3   -0.000265    0.000074
    2    0    2    3    3   -0.001237   -0.000012
    2    0    2    4    3    0.001851   -0.000038
    2    0    2    1    4   -0.000181    0.000046
    2    0    2    2    4   -0.000274    0.000005
    2    0    2    3    4    0.001907   -0.000018
    2    0    2    4    4   -0.001238   -0.000023
    2    0    3    1    1   -0.000811    0.000002
    2    0    3    2    1    0.000342   -0.000003
    2    0    3    3    1    0.000392    0.000021
    2    0    3    4    1    0.000152   -0.000021
    2    0    3    1    2    0.000189   -0.000039
    2    0    3    2    2    0.000231   -0.000038
    2    0    3    3    2   -0.000214    0.000014
    2    0    3    4    2   -0.000293    0.000051
    2    0    3    1    3    0.000188   -0.000000
    2    0    3    2    3   -0.000135    0.000037
    2    0    3    3    3    0.000204    0.000022
    2    0    3    4    3   -0.000344   -0.000040
    2    0    3    1    4    0.000366    0.000041
    2    0    3    2    4   -0.000402    0.000009
    2    0    3    3    4   -0.000354   -0.000060
    2    0    3    4    4    0.000351    0.000005
    2    1   -5    1    1   -0.001267    0.000012
    2    1   -5    2    1    0.000320    0.000013
    2    1   -5    3    1    0.000745    0.000016
    2    1   -5    4    1    0.000326   -0.000042
    2    1   -5    1    2    0.000396   -0.000032
    2    1   -5    2    2    0.000299   -0.000005
    2    1   -5    3    2   -0.000192    0.000007
    2    1   -5    4    2   -0.000409    0.000021
    2    1   -5    1    3    0.000530   -0.000019
    2    1   -5    2    3   -0.000288    0.000010
    2    1   -5    3    3   -0.000370    0.000038
    2    1   -5    4    3   -0.000274   -0.000010
    2    1   -5    1    4    0.000435    0.000039
    2    1   -5    2    4   -0.000442   -0.000020
    2    1   -5    3    4   -0.000142   -0.000059
    2    1   -5    4    4    0.000257    0.000027
    2    1   -4    1    1    0.001376    0.000031
    2    1   -4    2    1   -0.000743    0.000020
    2    1   -4    3    1   -0.000312   -0.000018
    2    1   -4    4    1   -0.000318   -0.000032
    2    1   -4    1    2   -0.000765   -0.000020
    2    1   -4    2    2    0.001347    0.000044
    2    1   -4    3    2   -0.000328   -0.000001
    2    1   -4    4    2   -0.000238   -0.000035
    2    1   -4    1    3   -0.001376   -0.000019
    2    1   -4    2    3   -0.001338   -0.000024
    2    1   -4    3    3    0.002973    0.000059
    2    1   -4    4    3   -0.002197    0.000010
    2    1   -4    1    4    0.000171    0.000002
    2    1   -4    2    4    0.000136   -0.000051
    2    1   -4    3    4   -0.001055   -0.000047
    2    1   -4    4    4    0.002026    0.000070
    2    1   -3    1    1   -0.003840    0.000033
    2    1   -3    2    1   -0.001589    0.000020
    2    1   -3    3    1    0.000578   -0.000048
    2    1   -3    4    1    0.005386   -0.000001
    2    1   -3    1    2   -0.001356    0.000003
    2    1   -3    2    2    0.001469    0.000069
    2    1   -3    3    2   -0.002011   -0.000004
    2    1   -3    4    2    0.002714   -0.000085
    2    1   -3    1    3    0.000306   -0.000002
    2    1   -3    2    3   -0.004131   -0.000049
    2    1   -3    3    3    0.003814    0.000054
    2    1   -3    4    3   -0.000902    0.000024
    2    1   -3    1    4    0.004174   -0.000050
    2    1   -3    2    4    0.002851   -0.000058
    2    1   -3    3    4    0.000551   -0.000008
    2    1   -3    4    4   -0.008665    0.000086
    2    1   -2    1    1    0.000818    0.000008
    2    1   -2    2    1    0.000272   -0.000023
    2    1   -2    3    1    0.002207   -0.000033
    2    1   -2    4    1   -0.004092    0.000045
    2    1   -2    1    2    0.003028    0.000028
    2    1   -2    2    2    0.000864    0.000053
    2    1   -2    3    2   -0.005767   -0.000003
    2    1   -2    4    2    0.005657   -0.000103
    2    1   -2    1    3    0.005699    0.000023
    2    1   -2    2    3   -0.004099   -0.000044
    2    1   -2    3    3   -0.004670    0.000024
    2    1   -2    4    3    0.008538    0.000015
    2    1   -2    1    4   -0.005767   -0.000071
    2    1   -2    2    4    0.002160   -0.000005
    2    1   -2    3    4    0.004117    0.000019
    2    1   -2    4    4   -0.004656    0.000045
    2    1   -1    1    1    0.000813   -0.000019
    2    1   -1    2    1    0.002262   -0.000066
    2    1   -1    3    1    0.000167    0.000013
    2    1   -1    4    1   -0.004045    0.000068
    2    1   -1    1    2    0.005755    0.000020
    2    1   -1    2    2   -0.004697    0.000005
    2    1   -1    3    2   -0.004051   -0.000005
    2    1   -1    4    2    0.008444   -0.000037
    2    1   -1    1    3    0.003048    0.000028
    2    1   -1    2    3   -0.005825   -0.000004
    2    1   -1    3    3    0.000873   -0.000032
    2    1   -1    4    3    0.005702    0.000000
    2    1   -1    1    4   -0.005832   -0.000040
    2    1   -1    2    4    0.004150    0.000045
    2    1   -1    3    4    0.002203    0.000038
    2    1   -1    4    4   -0.004656   -0.000027
    2    1    0    1    1   -0.003851   -0.000032
    2    1    0    2    1    0.000547   -0.000049
    2    1    0    3    1   -0.001649    0.000042
    2    1    0    4    1    0.005474    0.000031
    2    1    0    1    2    0.000385    0.000005
    2    1    0    2    2    0.003780   -0.000047
    2    1    0    3    2   -0.004111   -0.000010
    2    1    0    4    2   -0.000977    0.000046
    2    1    0    1    3   -0.001303    0.000008
    2    1    0    2    3   -0.002047    0.000024
    2    1    0    3    3    0.001461   -0.000058
    2    1    0    4    3    0.002706    0.000024
    2    1    0    1    4    0.004045    0.000017
    2    1    0    2    4    0.000664    0.000048
    2    1    0    3    4    0.002905    0.000040
    2    1    0    4    4   -0.008678   -0.000075
    2    1    1    1    1    0.001366   -0.000024
    2    1    1    2    1   -0.000344   -0.000016
    2    1    1    3    1   -0.000758    0.000053
    2    1    1    4    1   -0.000266   -0.000018
    2    1    1    1    2   -0.001309   -0.000017
    2    1    1    2    2    0.002954   -0.000070
    2    1    1    3    2   -0.001349   -0.000004
    2    1    1    4    2   -0.002241    0.000079
    2    1    1    1    3   -0.000727    0.000002
    2    1    1    2    3   -0.000326    0.000046
    2    1    1    3    3    0.001311   -0.000045
    2    1    1    4    3   -0.000246    0.000008
    2    1    1    1    4    0.000070    0.000043
    2    1    1    2    4   -0.000990    0.000033
    2    1    1    3    4    0.000210    0.000003
    2    1    1    4    4    0.002008   -0.000061
    2    1    2    1    1   -0.001273   -0.000007
    2    1    2    2    1    0.000715    0.000005
    2    1    2    3    1    0.000340    0.000040
    2    1    2    4    1    0.000341   -0.000040
    2    1    2    1    2    0.000542   -0.000033
    2    1    2    2    2   -0.000349   -0.000051
    2    1    2    3    2   -0.000322    0.000006
    2    1    2    4    2   -0.000274    0.000067
    2    1    2    1    3    0.000422   -0.000005
    2    1    2    2    3   -0.000163    0.000041
    2    1    2    3    3    0.000256   -0.000005
    2    1    2    4    3   -0.000425   -0.000014
    2    1    2    1    4    0.000399    0.000048
    2    1    2    2    4   -0.000153    0.000007
    2    1    2    3    4   -0.000379   -0.000037
    2    1    2    4    4    0.000248   -0.000018
    2    2   -6    1    1   -0.002450    0.000001
    2    2   -6    2    1    0.000826    0.000029
    2    2   -6    3    1    0.000825    0.000032
    2    2   -6    4    1    0.000838   -0.000064
    2    2   -6    1    2    0.000814   -0.000022
    2    2   -6    2    2   -0.002473   -0.000019
    2    2   -6    3    2    0.000829    0.000001
    2    2   -6    4    2    0.000874    0.000031
    2    2   -6    1    3    0.000841   -0.000034
    2    2   -6    2    3    0.000822    0.000013
    2    2   -6    3    3   -0.002508    0.000008
    2    2   -6    4    3    0.000895    0.000027
    2    2   -6    1    4    0.000835    0.000056
    2    2   -6    2    4    0.000871   -0.000024
    2    2   -6    3    4    0.000904   -0.000037
    2    2   -6    4    4   -0.002547    0.000004
    2    2   -5    1    1    0.000332    0.000027
    2    2   -5    2    1    0.000423    0.000018
    2    2   -5    3    1   -0.000173    0.000013
    2    2   -5    4    1   -0.000495   -0.000060
    2    2   -5    1    2    0.000312   -0.000003
    2    2   -5    2    2   -0.001293    0.000031
    2    2   -5    3    2    0.000731   -0.000014
    2    2   -5    4    2    0.000381   -0.000022
    2    2   -5    1    3   -0.000326   -0.000053
    2    2   -5    2    3    0.000526   -0.000001
    2    2   -5    3    3   -0.000355    0.000046
    2    2   -5    4    3   -0.000240    0.000016
    2    2   -5    1    4   -0.000433    0.000029
    2    2   -5    2    4    0.000442   -0.000058
    2    2   -5    3    4   -0.000165   -0.000041
    2    2   -5    4    4    0.000255    0.000063
    2    2   -4    1    1   -0.001159    0.000036
    2    2   -4    2    1   -0.000137    0.000008
    2    2   -4    3    1   -0.000273   -0.000023
    2    2   -4    4    1    0.001758   -0.000021
    2    2   -4    1    2   -0.000563    0.000009
    2    2   -4    2    2    0.000526    0.000057
    2    2   -4    3    2    0.000161   -0.000017
    2    2   -4    4    2   -0.000533   -0.000057
    2    2   -4    1    3   -0.000477   -0.000038
    2    2   -4    2    3   -0.000255   -0.000020
    2    2   -4    3    3    0.000845    0.000056
    2    2   -4    4    3   -0.000390    0.000004
    2    2   -4    1    4    0.001858   -0.000016
    2    2   -4    2    4   -0.000171   -0.000064
    2    2   -4    3    4   -0.000332   -0.000013
    2    2   -4    4    4   -0.001172    0.000084
    2    2   -3    1    1   -0.000042    0.000017
    2    2   -3    2    1    0.000254   -0.000011
    2    2   -3    3    1    0.000480   -0.000037
    2    2   -3    4    1   -0.000977    0.000030
    2    2   -3    1    2    0.000455    0.000022
    2    2   -3    2    2    0.001630    0.000049
    2    2   -3    3    2   -0.002475   -0.000004
    2    2   -3    4    2    0.000440   -0.000071
    2    2   -3    1    3    0.001082    0.000004
    2    2   -3    2    3   -0.001953   -0.000026
    2    2   -3    3    3    0.000569    0.000035
    2    2   -3    4    3    0.001129   -0.000014
    2    2   -3    1    4   -0.000898   -0.000054
    2    2   -3    2    4    0.000148   -0.000030
    2    2   -3    3    4    0.000438    0.000014
    2    2   -3    4    4    0.000013    0.000064
    2    2   -2    1    1    0.001642   -0.000013
    2    2   -2    2    1    0.000391   -0.000044
    2    2   -2    3    1    0.000318   -0.000014
    2    2   -2    4    1   -0.002869    0.000069
    2    2   -2    1    2    0.000896    0.000027
    2    2   -2    2    2    0.001693    0.000011
    2    2   -2    3    2   -0.002881    0.000015
    2    2   -2    4    2    0.000830   -0.000056
    2    2   -2    1    3    0.000858    0.000035
    2    2   -2    2    3   -0.002884   -0.000010
    2    2   -2    3    3    0.001720   -0.000009
    2    2   -2    4    3    0.000844   -0.000028
    2    2   -2    1    4   -0.002868   -0.000057
    2    2   -2    2    4    0.000284    0.000028
    2    2   -2    3    4    0.000320    0.000023
    2    2   -2    4    4    0.001740    0.000011
    2    2   -1    1    1   -0.000052   -0.000029
    2    2   -1    2    1    0.000489   -0.000051
    2    2   -1    3    1    0.000171    0.000014
    2    2   -1    4    1   -0.000898    0.000066
    2    2   -1    1    2    0.001173    0.000011
    2    2   -1    2    2    0.000537   -0.000038
    2    2   -1    3    2   -0.001944    0.000028
    2    2   -1    4    2    0.001058   -0.000003
    2    2   -1    1    3    0.000465    0.000032
    2    2   -1    2    3   -0.002473    0.000005
    2    2   -1    3    3    0.001638   -0.000048
    2    2   -1    4    3    0.000424   -0.000005
    2    2   -1    1    4   -0.000992   -0.000018
    2    2   -1    2    4    0.000470    0.000067
    2    2   -1    3    4    0.000209    0.000026
    2    2   -1    4    4    0.000020   -0.000056
    2    2    0    1    1   -0.001177   -0.000032
    2    2    0    2    1   -0.000308   -0.000017
    2    2    0    3    1   -0.000185    0.000027
    2    2    0    4    1    0.001853    0.000022
    2    2    0    1    2   -0.000377   -0.000013
    2    2    0    2    2    0.000820   -0.000068
    2    2    0    3    2   -0.000239    0.000026
    2    2    0    4    2   -0.000487    0.000051
    2    2    0    1    3   -0.000528    0.000018
    2    2    0    2    3    0.000165    0.000011
    2    2    0    3    3    0.000504   -0.000059
    2    2    0    4    3   -0.000544    0.000027
    2    2    0    1    4    0.001739    0.000029
    2    2    0    2    4   -0.000264    0.000061
    2    2    0    3    4   -0.000114    0.000020
    2    2    0    4    4   -0.001166   -0.000088
    2    2    1    1    1    0.000316   -0.000022
    2    2    1    2    1   -0.000195    0.000020
    2    2    1    3    1    0.000399    0.000032
    2    2    1    4    1   -0.000439   -0.000031
    2    2    1    1    2   -0.000281   -0.000029
    2    2    1    2    2   -0.000352   -0.000061
    2    2    1    3    2    0.000541    0.000015
    2    2    1    4    2   -0.000310    0.000065
    2    2    1    1    3    0.000357   -0.000004
    2    2    1    2    3    0.000732    0.000016
    2    2    1    3    3   -0.001336   -0.000036
    2    2    1    4    3    0.000384    0.000035
    2    2    1    1    4   -0.000508    0.000056
    2    2    1    2    4   -0.000142    0.000024
    2    2    1    3    4    0.000502   -0.000007
    2    2    1    4    4    0.000254   -0.000061
    2    2    2    1    1   -0.002450    0.000001
    2    2    2    2    1    0.000826    0.000029
    2    2    2    3    1    0.000825    0.000032
    2    2    2    4    1    0.000838   -0.000064
    2    2    2    1    2    0.000814   -0.000022
    2    2    2    2    2   -0.002473   -0.000019
    2    2    2    3    2    0.000829    0.000001
    2    2    2    4    2    0.000874    0.000031
    2    2    2    1    3    0.000841   -0.000034
    2    2    2    2    3    0.000822    0.000013
    2    2    2    3    3   -0.002508    0.000008
    2    2    2    4    3    0.000895    0.000027
    2    2    2    1    4    0.000835    0.000056
    2    2    2    2    4    0.000871   -0.000024
    2    2    2    3    4    0.000904   -0.000037
    2    2    2    4    4   -0.002547    0.000004
    2    3   -5    1    1    0.000259    0.000033
    2    3   -5    2    1    0.000217    0.000008
    2    3   -5    3    1   -0.000164    0.000001
    2    3   -5    4    1   -0.000401   -0.000044
    2    3   -5    1    2    0.000353    0.000025
    2    3   -5    2    2   -0.000818    0.000043
    2    3   -5    3    2    0.000367   -0.000026
    2    3   -5    4    2    0.000175   -0.000046
    2    3   -5    1    3   -0.000205   -0.000062
    2    3   -5    2    3    0.000168    0.000006
    2    3   -5    3    3    0.000228    0.000043
    2    3   -5    4    3   -0.000263    0.000010
    2    3   -5    1    4   -0.000372    0.000006
    2    3   -5    2    4    0.000365   -0.000072
    2    3   -5    3    4   -0.000408   -0.000010
    2    3   -5    4    4    0.000357    0.000075
    2    3   -4    1    1    0.000079    0.000022
    2    3   -4    2    1    0.000324   -0.000015
    2    3   -4    3    1   -0.000491   -0.000029
    2    3   -4    4    1    0.000034    0.000020
    2    3   -4    1    2    0.000316    0.000021
    2    3   -4    2    2    0.000012    0.000040
    2    3   -4    3    2   -0.000159   -0.000017
    2    3   -4    4    2   -0.000103   -0.000044
    2    3   -4    1    3   -0.000358   -0.000025
    2    3   -4    2    3   -0.000066    0.000004
    2    3   -4    3    3    0.000681    0.000043
    2    3   -4    4    3   -0.000056   -0.000028
    2    3   -4    1    4    0.000117   -0.000024
    2    3   -4    2    4   -0.000202   -0.000044
    2    3   -4    3    4   -0.000305    0.000013
    2    3   -4    4    4    0.000285    0.000055
    2    3   -3    1    1    0.000732   -0.000003
    2    3   -3    2    1    0.000247   -0.000031
    2    3   -3    3    1   -0.000271   -0.000028
    2    3   -3    4    1   -0.000935    0.000060
    2    3   -3    1    2    0.000351    0.000017
    2    3   -3    2    2    0.000420    0.000010
    2    3   -3    3    2   -0.000950    0.000009
    2    3   -3    4    2    0.000216   -0.000033
    2    3   -3    1    3   -0.000039    0.000016
    2    3   -3    2    3   -0.000871    0.000006
    2    3   -3    3    3    0.000786    0.000016
    2    3   -3    4    3    0.000325   -0.000047
    2    3   -3    1    4   -0.000849   -0.000037
    2    3   -3    2    4    0.000159    0.000004
    2    3   -3    3    4    0.000203    0.000015
    2    3   -3    4    4    0.000440    0.000020
    2    3   -2    1    1    0.000726   -0.000021
    2    3   -2    2    1   -0.000252   -0.000037
    2    3   -2    3    1    0.000195   -0.000009
    2    3   -2    4    1   -0.000897    0.000067
    2    3   -2    1    2    0.000021    0.000012
    2    3   -2    2    2    0.000752   -0.000028
    2    3   -2    3    2   -0.000896    0.000038
    2    3   -2    4    2    0.000319   -0.000019
    2    3   -2    1    3    0.000326    0.000036
    2    3   -2    2    3   -0.000911    0.000004
    2    3   -2    3    3    0.000449   -0.000020
    2    3   -2    4    3    0.000178   -0.000034
    2    3   -2    1    4   -0.000882   -0.000031
    2    3   -2    2    4    0.000186    0.000053
    2    3   -2    3    4    0.000200    0.000007
    2    3   -2    4    4    0.000451   -0.000021
    2    3   -1    1    1    0.000061   -0.000030
    2    3   -1    2    1   -0.000520   -0.000017
    2    3   -1    3    1    0.000272    0.000002
    2    3   -1    4    1    0.000129    0.000049
    2    3   -1    1    2   -0.000272   -0.000004
    2    3   -1    2    2    0.000661   -0.000057
    2    3   -1    3    2   -0.000062    0.000050
    2    3   -1    4    2   -0.000131    0.000013
    2    3   -1    1    3    0.000326    0.000033
    2    3   -1    2    3   -0.000127   -0.000005
    2    3   -1    3    3    0.000015   -0.000045
    2    3   -1    4    3   -0.000138    0.000004
    2    3   -1    1    4    0.000034   -0.000000
    2    3   -1    2    4   -0.000280    0.000071
    2    3   -1    3    4   -0.000162    0.000010
    2    3   -1    4    4    0.000308   -0.000069
    2    3    0    1    1    0.000233   -0.000033
    2    3    0    2    1   -0.000201    0.000026
    2    3    0    3    1    0.000175    0.000008
    2    3    0    4    1   -0.000302    0.000002
    2    3    0    1    2   -0.000141   -0.000021
    2    3    0    2    2    0.000229   -0.000060
    2    3    0    3    2    0.000198    0.000035
    2    3    0    4    2   -0.000366    0.000044
    2    3    0    1    3    0.000401    0.000008
    2    3    0    2    3    0.000372   -0.000012
    2    3    0    3    3   -0.000844   -0.000046
    2    3    0    4    3    0.000163    0.000048
    2    3    0    1    4   -0.000458    0.000042
    2    3    0    2    4   -0.000377    0.000044
    2    3    0    3    4    0.000404    0.000011
    2    3    0    4    4    0.000376   -0.000085
    2    4   -4    1    1    0.000069    0.000003
    2    4   -4    2    1    0.000294   -0.000031
    2    4   -4    3    1   -0.000660   -0.000023
    2    4   -4    4    1    0.000286    0.000048
    2    4   -4    1    2    0.000330    0.000013
    2    4   -4    2    2   -0.000421    0.000009
    2    4   -4    3    2    0.000280   -0.000008
    2    4   -4    4    2   -0.000139   -0.000012
    2    4   -4    1    3   -0.000688   -0.000011
    2    4   -4    2    3    0.000285    0.000023
    2    4   -4    3    3    0.000064    0.000030
    2    4   -4    4    3    0.000349   -0.000047
    2    4   -4    1    4    0.000299   -0.000008
    2    4   -4    2    4   -0.000150   -0.000007
    2    4   -4    3    4    0.000302    0.000010
    2    4   -4    4    4   -0.000439    0.000010
    2    4   -3    1    1    0.000251   -0.000008
    2    4   -3    2    1   -0.000027   -0.000030
    2    4   -3    3    1   -0.000027   -0.000017
    2    4   -3    4    1   -0.000171    0.000056
    2    4   -3    1    2    0.000034   -0.000002
    2    4   -3    2    2   -0.000255   -0.000022
    2    4   -3    3    2    0.000097    0.000030
    2    4   -3    4    2    0.000198   -0.000005
    2    4   -3    1    3   -0.000004    0.000021
    2    4   -3    2    3    0.000155    0.000016
    2    4   -3    3    3   -0.000231    0.000006
    2    4   -3    4    3    0.000165   -0.000049
    2    4   -3    1    4   -0.000323   -0.000013
    2    4   -3    2    4    0.000051    0.000034
    2    4   -3    3    4    0.000078   -0.000009
    2    4   -3    4    4    0.000035   -0.000007
    2    4   -2    1    1    0.000059   -0.000018
    2    4   -2    2    1   -0.000690   -0.000013
    2    4   -2    3    1    0.000274   -0.000015
    2    4   -2    4    1    0.000345    0.000050
    2    4   -2    1    2   -0.000639   -0.000011
    2    4   -2    2    2    0.000055   -0.000043
    2    4   -2    3    2    0.000258    0.000059
    2    4   -2    4    2    0.000325   -0.000003
    2    4   -2    1    3    0.000316    0.000037
    2    4   -2    2    3    0.000339   -0.000002
    2    4   -2    3    3   -0.000404   -0.000020
    2    4   -2    4    3   -0.000192   -0.000025
    2    4   -2    1    4    0.000266   -0.000011
    2    4   -2    2    4    0.000290    0.000057
    2    4   -2    3    4   -0.000128   -0.000013
    2    4   -2    4    4   -0.000414   -0.000031
    3   -5   -1    1    1    0.000920   -0.000031
    3   -5   -1    2    1   -0.000580   -0.000006
    3   -5   -1    3    1    0.000034    0.000015
    3   -5   -1    4    1   -0.000511    0.000025
    3   -5   -1    1    2   -0.000511   -0.000002
    3   -5   -1    2    2    0.000924   -0.000059
    3   -5   -1    3    2    0.000043    0.000026
    3   -5   -1    4    2   -0.000582    0.000040
    3   -5   -1    1    3    0.000250    0.000013
    3   -5   -1    2    3    0.000226    0.000009
    3   -5   -1    3    3   -0.000285   -0.000045
    3   -5   -1    4    3    0.000213    0.000017
    3   -5   -1    1    4   -0.000609    0.000024
    3   -5   -1    2    4   -0.000527    0.000052
    3   -5   -1    3    4    0.000092    0.000019
    3   -5   -1    4    4    0.000920   -0.000087
    3   -5    0    1    1    0.000229   -0.000032
    3   -5    0    2    1   -0.000373    0.000033
    3   -5    0    3    1    0.000185    0.000026
    3   -5    0    4    1   -0.000138   -0.000030
    3   -5    0    1    2   -0.000389   -0.000025
    3   -5    0    2    2    0.000377   -0.000055
    3   -5    0    3    2    0.000364    0.000021
    3   -5    0    4    2   -0.000407    0.000063
    3   -5    0    1    3    0.000407   -0.000014
    3   -5    0    2    3    0.000172    0.000010
    3   -5    0    3    3   -0.000874   -0.000031
    3   -5    0    4    3    0.000390    0.000034
    3   -5    0    1    4   -0.000208    0.000075
    3   -5    0    2    4   -0.000302    0.000012
    3   -5    0    3    4    0.000271   -0.000006
    3   -5    0    4    4    0.000163   -0.000071
    3   -5    1    1    1    0.001659   -0.000005
    3   -5    1    2    1   -0.000479    0.000047
    3   -5    1    3    1   -0.000469    0.000020
    3   -5    1    4    1   -0.000607   -0.000075
    3   -5    1    1    2   -0.000503   -0.000020
    3   -5    1    2    2    0.000351   -0.000024
    3   -5    1    3    2    0.000244    0.000015
    3   -5    1    4    2   -0.000452    0.000033
    3   -5    1    1    3   -0.000482   -0.000048
    3   -5    1    2    3    0.000253    0.000008
    3   -5    1    3    3    0.000331    0.000005
    3   -5    1    4    3   -0.000450    0.000035
    3   -5    1    1    4   -0.000586    0.000078
    3   -5    1    2    4   -0.000438   -0.000034
    3   -5    1    3    4   -0.000410   -0.000032
    3   -5    1    4    4    0.001566   -0.000002
    3   -5    2    1    1    0.000244    0.000026
    3   -5    2    2    1    0.000206    0.000034
    3   -5    2    3    1   -0.000325   -0.000004
    3   -5    2    4    1   -0.000223   -0.000065
    3   -5    2    1    2    0.000351    0.000001
    3   -5    2    2    2   -0.000846    0.000015
    3   -5    2    3    2    0.000162    0.000006
    3   -5    2    4    2    0.000419   -0.000020
    3   -5    2    1    3   -0.000434   -0.000058
    3   -5    2    2    3    0.000368   -0.000001
    3   -5    2    3    3    0.000373    0.000037
    3   -5    2    4    3   -0.000350    0.000019
    3   -5    2    1    4   -0.000116    0.000035
    3   -5    2    2    4    0.000207   -0.000058
    3   -5    2    3    4   -0.000337   -0.000034
    3   -5    2    4    4    0.000167    0.000062
    3   -5    3    1    1    0.000931    0.000028
    3   -5    3    2    1    0.000075    0.000012
    3   -5    3    3    1   -0.000529   -0.000037
    3   -5    3    4    1   -0.000613   -0.000007
    3   -5    3    1    2    0.000210    0.000015
    3   -5    3    2    2   -0.000270    0.000038
    3   -5    3    3    2    0.000217    0.000001
    3   -5    3    4    2    0.000238   -0.000052
    3   -5    3    1    3   -0.000584   -0.000030
    3   -5    3    2    3    0.000041   -0.000012
    3   -5    3    3    3    0.000937    0.000043
    3   -5    3    4    3   -0.000507   -0.000006
    3   -5    3    1    4   -0.000497   -0.000016
    3   -5    3    2    4    0.000034   -0.000051
    3   -5    3    3    4   -0.000586   -0.000005
    3   -5    3    4    4    0.000921    0.000072
    3   -4   -3    1    1   -0.000292   -0.000010
    3   -4   -3    2    1    0.000163   -0.000024
    3   -4   -3    3    1    0.000062   -0.000014
    3   -4   -3    4    1    0.000103    0.000050
    3   -4   -3    1    2    0.000188    0.000004
    3   -4   -3    2    2   -0.000282   -0.000023
    3   -4   -3    3    2    0.000052    0.000029
    3   -4   -3    4    2    0.000087   -0.000007
    3   -4   -3    1    3    0.000094    0.000031
    3   -4   -3    2    3    0.000102   -0.000001
    3   -4   -3    3    3   -0.000140   -0.000011
    3   -4   -3    4    3   -0.000021   -0.000028
    3   -4   -3    1    4    0.000055   -0.000027
    3   -4   -3    2    4    0.000057    0.000043
    3   -4   -3    3    4   -0.000033    0.000007
    3   -4   -3    4    4   -0.000130   -0.000021
    3   -4   -2    1    1    0.000246   -0.000023
    3   -4   -2    2    1   -0.000016   -0.000011
    3   -4   -2    3    1   -0.000333   -0.000004
    3   -4   -2    4    1    0.000051    0.000041
    3   -4   -2    1    2    0.000006   -0.000006
    3   -4   -2    2    2   -0.000280   -0.000042
    3   -4   -2    3    2    0.000072    0.000038
    3   -4   -2    4    2    0.000135    0.000015
    3   -4   -2    1    3   -0.000152    0.000033
    3   -4   -2    2    3    0.000203   -0.000008
    3   -4   -2    3    3    0.000031   -0.000032
    3   -4   -2    4    3    0.000136   -0.000001
    3   -4   -2    1    4   -0.000062   -0.000005
    3   -4   -2    2    4    0.000162    0.000058
    3   -4   -2    3    4    0.000071    0.000009
    3   -4   -2    4    4   -0.000240   -0.000062
    3   -4   -1    1    1    0.000639   -0.000032
    3   -4   -1    2    1   -0.000133    0.000024
    3   -4   -1    3    1   -0.000055    0.000011
    3   -4   -1    4    1   -0.000266   -0.000002
    3   -4   -1    1    2   -0.000267   -0.000022
    3   -4   -1    2    2    0.000231   -0.000043
    3   -4   -1    3    2   -0.000150    0.000030
    3   -4   -1    4    2    0.000094    0.000042
    3   -4   -1    1    3   -0.000093    0.000011
    3   -4   -1    2    3   -0.000084   -0.000017
    3   -4   -1    3    3   -0.000039   -0.000038
    3   -4   -1    4    3    0.000292    0.000037
    3   -4   -1    1    4   -0.000538    0.000044
    3   -4   -1    2    4    0.000144    0.000032
    3   -4   -1    3    4    0.000327    0.000008
    3   -4   -1    4    4    0.000020   -0.000082
    3   -4    0    1    1   -0.000198   -0.000016
    3   -4    0    2    1   -0.000171    0.000054
    3   -4    0    3    1   -0.000993    0.000018
    3   -4    0    4    1    0.001032   -0.000068
    3   -4    0    1    2   -0.000197   -0.000017
    3   -4    0    2    2   -0.000746   -0.000021
    3   -4    0    3    2   -0.000218    0.000013
    3   -4    0    4    2    0.001401    0.000033
    3   -4    0    1    3   -0.000377   -0.000028
    3   -4    0    2    3   -0.000376   -0.000014
    3   -4    0    3    3    0.000337   -0.000022
    3   -4    0    4    3    0.000250    0.000061
    3   -4    0    1    4    0.001529    0.000067
    3   -4    0    2    4    0.000958   -0.000024
    3   -4    0    3    4    0.000280    0.000004
    3   -4    0    4    4   -0.003053   -0.000036
    3   -4    1    1    1   -0.000182    0.000022
    3   -4    1    2    1   -0.000991    0.000045
    3   -4    1    3    1   -0.000136    0.000006
    3   -4    1    4    1    0.000974   -0.000096
    3   -4    1    1    2   -0.000442    0.000003
    3   -4    1    2    2    0.000360    0.000010
    3   -4    1    3    2   -0.000360   -0.000002
    3   -4    1    4    2    0.000260   -0.000004
    3   -4    1    1    3   -0.000185   -0.000055
    3   -4    1    2    3   -0.000243   -0.000004
    3   -4    1    3    3   -0.000768    0.000009
    3   -4    1    4    3    0.001451    0.000044
    3   -4    1    1    4    0.001573    0.000045
    3   -4    1    2    4    0.000268   -0.000063
    3   -4    1    3    4    0.000937   -0.000002
    3   -4    1    4    4   -0.003062    0.000038
    3   -4    2    1    1    0.000660    0.000029
    3   -4    2    2    1   -0.000023    0.000020
    3   -4    2    3    1   -0.000070   -0.000015
    3   -4    2    4    1   -0.000389   -0.000042
    3   -4    2    1    2   -0.000162    0.000019
    3   -4    2    2    2   -0.000023    0.000034
    3   -4    2    3    2   -0.000088   -0.000010
    3   -4    2    4    2    0.000339   -0.000037
    3   -4    2    1    3   -0.000306   -0.000045
    3   -4    2    2    3   -0.000168    0.000001
    3   -4    2    3    3    0.000215    0.000035
    3   -4    2    4    3    0.000176    0.000001
    3   -4    2    1    4   -0.000444    0.000002
    3   -4    2    2    4    0.000290   -0.000066
    3   -4    2    3    4    0.000103    0.000000
    3   -4    2    4    4    0.000006    0.000073
    3   -4    3    1    1    0.000259    0.000014
    3   -4    3    2    1   -0.000305   -0.000010
    3   -4    3    3    1    0.000031   -0.000034
    3   -4    3    4    1   -0.000041    0.000026
    3   -4    3    1    2   -0.000183    0.000020
    3   -4    3    2    2    0.000027    0.000031
    3   -4    3    3    2    0.000179   -0.000007
    3   -4    3    4    2    0.000186   -0.000040
    3   -4    3    1    3   -0.000038   -0.000014
    3   -4    3    2    3    0.000074    0.000002
    3   -4    3    3    3   -0.000279    0.000037
    3   -4    3    4    3    0.000185   -0.000032
    3   -4    3    1    4    0.000009   -0.000022
    3   -4    3    2    4    0.000044   -0.000032
    3   -4    3    3    4    0.000135    0.000013
    3   -4    3    4    4   -0.000254    0.000046
    3   -4    4    1    1   -0.000288   -0.000000
    3   -4    4    2    1    0.000076   -0.000023
    3   -4    4    3    1    0.000173   -0.000028
    3   -4    4    4    1    0.000075    0.000050
    3   -4    4    1    2    0.000098    0.000011
    3   -4    4    2    2   -0.000160    0.000006
    3   -4    4    3    2    0.000072    0.000009
    3   -4    4    4    2    0.000015   -0.000023
    3   -4    4    1    3    0.000163    0.000014
    3   -4    4    2    3    0.000073    0.000001
    3   -4    4    3    3   -0.000264    0.000016
    3   -4    4    4    3    0.000083   -0.000038
    3   -4    4    1    4    0.000076   -0.000027
    3   -4    4    2    4   -0.000045    0.000009
    3   -4    4    3    4    0.000055    0.000011
    3   -4    4    4    4   -0.000136    0.000010
    3   -3   -4    1    1   -0.000177   -0.000003
    3   -3   -4    2    1    0.000079   -0.000028
    3   -3   -4    3    1    0.000096   -0.000011
    3   -3   -4    4    1    0.000021    0.000043
    3   -3   -4    1    2    0.000083   -0.000009
    3   -3   -4    2    2   -0.000281   -0.000015
    3   -3   -4    3    2    0.000144    0.000022
    3   -3   -4    4    2    0.000096    0.000002
    3   -3   -4    1    3    0.000060    0.000026
    3   -3   -4    2    3    0.000194    0.000005
    3   -3   -4    3    3   -0.000265    0.000009
    3   -3   -4    4    3    0.000061   -0.000043
    3   -3   -4    1    4   -0.000019   -0.000014
    3   -3   -4    2    4    0.000054    0.000036
    3   -3   -4    3    4    0.000067   -0.000014
    3   -3   -4    4    4   -0.000145   -0.000006
    3   -3   -3    1    1    0.000002   -0.000012
    3   -3   -3    2    1    0.000205   -0.000014
    3   -3   -3    3    1   -0.000454   -0.000014
    3   -3   -3    4    1    0.000259    0.000044
    3   -3   -3    1    2    0.000245   -0.000021
    3   -3   -3    2    2   -0.000008   -0.000031
    3   -3   -3    3    2    0.000215    0.000048
    3   -3   -3    4    2   -0.000441    0.000006
    3   -3   -3    1    3   -0.000445    0.000043
    3   -3   -3    2    3    0.000258   -0.000009
    3   -3   -3    3    3    0.000045   -0.000013
    3   -3   -3    4    3    0.000162   -0.000021
    3   -3   -3    1    4    0.000209   -0.000012
    3   -3   -3    2    4   -0.000442    0.000053
    3   -3   -3    3    4    0.000206   -0.000017
    3   -3   -3    4    4    0.000043   -0.000031
    3   -3   -2    1    1    0.000713   -0.000022
    3   -3   -2    2    1    0.000302    0.000012
    3   -3   -2    3    1   -0.000867   -0.000005
    3   -3   -2    4    1    0.000042    0.000018
    3   -3   -2    1    2    0.000232   -0.000028
    3   -3   -2    2    2    0.000348   -0.000027
    3   -3   -2    3    2    0.000228    0.000051
    3   -3   -2    4    2   -0.000843    0.000010
    3   -3   -2    1    3   -0.000877    0.000036
    3   -3   -2    2    3    0.000242   -0.000029
    3   -3   -2    3    3    0.000404   -0.000030
    3   -3   -2    4    3    0.000267    0.000022
    3   -3   -2    1    4   -0.000290    0.000011
    3   -3   -2    2    4   -0.000864    0.000040
    3   -3   -2    3    4    0.000203   -0.000009
    3   -3   -2    4    4    0.000729   -0.000054
    3   -3   -1    1    1   -0.003234   -0.000017
    3   -3   -1    2    1    0.001205    0.000049
    3   -3   -1    3    1    0.000065    0.000012
    3   -3   -1    4    1    0.003323   -0.000047
    3   -3   -1    1    2    0.000590   -0.000020
    3   -3   -1    2    2    0.000433   -0.000007
    3   -3   -1    3    2   -0.000994    0.000028
    3   -3   -1    4    2    0.000103    0.000011
    3   -3   -1    1    3   -0.000824    0.000007
    3   -3   -1    2    3   -0.000292   -0.000039
    3   -3   -1    3    3    0.000461   -0.000038
    3   -3   -1    4    3    0.001200    0.000066
    3   -3   -1    1    4    0.002281    0.000031
    3   -3   -1    2    4   -0.000807   -0.000011
    3   -3   -1    3    4    0.000605    0.000011
    3   -3   -1    4    4   -0.003272   -0.000038
    3   -3    0    1    1    0.033156    0.000013
    3   -3    0    2    1   -0.002365    0.000037
    3   -3    0    3    1   -0.002441    0.000021
    3   -3    0    4    1   -0.042292   -0.000096
    3   -3    0    1    2    0.004825    0.000012
    3   -3    0    2    2   -0.002813    0.000017
    3   -3    0    3    2   -0.001630   -0.000008
    3   -3    0    4    2   -0.002396   -0.000014
    3   -3    0    1    3    0.004811   -0.000032
    3   -3    0    2    3   -0.001678   -0.000027
    3   -3    0    3    3   -0.002835   -0.000020
    3   -3    0    4    3   -0.002274    0.000075
    3   -3    0    1    4   -0.032554    0.000025
    3   -3    0    2    4    0.004854   -0.000044
    3   -3    0    3    4    0.004888    0.000030
    3   -3    0    4    4    0.033019    0.000011
    3   -3    1    1    1   -0.003208    0.000028
    3   -3    1    2    1    0.000084    0.000026
    3   -3    1    3    1    0.001248    0.000004
    3   -3    1    4    1    0.003221   -0.000077
    3   -3    1    1    2   -0.000903    0.000013
    3   -3    1    2    2    0.000470    0.000039
    3   -3    1    3    2   -0.000264   -0.000036
    3   -3    1    4    2    0.001236   -0.000008
    3   -3    1    1    3    0.000611   -0.000042
    3   -3    1    2    3   -0.001056   -0.000005
    3   -3    1    3    3    0.000407    0.000014
    3   -3    1    4    3    0.000181    0.000024
    3   -3    1    1    4    0.002322    0.000012
    3   -3    1    2    4    0.000630   -0.000072
    3   -3    1    3    4   -0.000844    0.000036
    3   -3    1    4    4   -0.003302    0.000047
    3   -3    2    1    1    0.000738    0.000014
    3   -3    2    2    1   -0.000838   -0.000006
    3   -3    2    3    1    0.000355   -0.000009
    3   -3    2    4    1   -0.000074   -0.000006
    3   -3    2    1    2   -0.000928    0.000022
    3   -3    2    2    2    0.000398    0.000039
    3   -3    2    3    2    0.000221   -0.000037
    3   -3    2    4    2    0.000339   -0.000021
    3   -3    2    1    3    0.000211   -0.000032
    3   -3    2    2    3    0.000206    0.000011
    3   -3    2    3    3    0.000329    0.000036
    3   -3    2    4    3   -0.000773   -0.000023
    3   -3    2    1    4   -0.000235   -0.000003
    3   -3    2    2    4    0.000199   -0.000050
    3   -3    2    3    4   -0.000878    0.000023
    3   -3    2    4    4    0.000694    0.000044
    3   -3    3    1    1    0.000014    0.000002
    3   -3    3    2    1   -0.000449   -0.000029
    3   -3    3    3    1    0.000244   -0.000012
    3   -3    3    4    1    0.000199    0.000034
    3   -3    3    1    2   -0.000450    0.000010
    3   -3    3    2    2    0.000029    0.000015
    3   -3    3    3    2    0.000208   -0.000013
    3   -3    3    4    2    0.000226   -0.000011
    3   -3    3    1    3    0.000218   -0.000004
    3   -3    3    2    3    0.000239    0.000013
    3   -3    3    3    3   -0.000007    0.000030
    3   -3    3    4    3   -0.000429   -0.000044
    3   -3    3    1    4    0.000235   -0.000009
    3   -3    3    2    4    0.000198   -0.000002
    3   -3    3    3    4   -0.000435    0.000004
    3   -3    3    4    4    0.000022    0.000016
    3   -3    4    1    1   -0.000177   -0.000003
    3   -3    4    2    1    0.000079   -0.000028
    3   -3    4    3    1    0.000096   -0.000011
    3   -3    4    4    1    0.000021    0.000043
    3   -3    4    1    2    0.000083   -0.000009
    3   -3    4    2    2   -0.000281   -0.000015
    3   -3    4    3    2    0.000144    0.000022
    3   -3    4    4    2    0.000096    0.000002
    3   -3    4    1    3    0.000060    0.000026
    3   -3    4    2    3    0.000194    0.000005
    3   -3    4    3    3   -0.000265    0.000009
    3   -3    4    4    3    0.000061   -0.000043
    3   -3    4    1    4   -0.000019   -0.000014
    3   -3    4    2    4    0.000054    0.000036
    3   -3    4    3    4    0.000067   -0.000014
    3   -3    4    4    4   -0.000145   -0.000006
    3   -2   -4    1    1    0.000017   -0.000004
    3   -2   -4    2    1    0.000163   -0.000021
    3   -2   -4    3    1   -0.000169   -0.000010
    3   -2   -4    4    1    0.000193    0.000038
    3   -2   -4    1    2    0.000090   -0.000033
    3   -2   -4    2    2   -0.000279   -0.000029
    3   -2   -4    3    2   -0.000054    0.000045
    3   -2   -4    4    2    0.000168    0.000015
    3   -2   -4    1    3   -0.000333    0.000038
    3   -2   -4    2    3    0.000051   -0.000001
    3   -2   -4    3    3    0.000285    0.000008
    3   -2   -4    4    3   -0.000050   -0.000039
    3   -2   -4    1    4    0.000065   -0.000003
    3   -2   -4    2    4    0.000141    0.000052
    3   -2   -4    3    4   -0.000024   -0.000045
    3   -2   -4    4    4   -0.000240   -0.000012
    3   -2   -3    1    1    0.000379   -0.000010
    3   -2   -3    2    1    0.000196    0.000005
    3   -2   -3    3    1   -0.000915   -0.000018
    3   -2   -3    4    1    0.000373    0.000026
    3   -2   -3    1    2    0.000219   -0.000040
    3   -2   -3    2    2    0.000347   -0.000022
    3   -2   -3    3    2    0.000221    0.000069
    3   -2   -3    4    2   -0.000826   -0.000007
    3   -2   -3    1    3   -0.000847    0.000047
    3   -2   -3    2    3    0.000368   -0.000033
    3   -2   -3    3    3    0.000772   -0.000009
    3   -2   -3    4    3   -0.000104    0.000008
    3   -2   -3    1    4    0.000208    0.000000
    3   -2   -3    2    4   -0.000881    0.000048
    3   -2   -3    3    4   -0.000292   -0.000049
    3   -2   -3    4    4    0.000747   -0.000022
    3   -2   -2    1    1   -0.000061   -0.000008
    3   -2   -2    2    1    0.000445    0.000036
    3   -2   -2    3    1   -0.000949   -0.000004
    3   -2   -2    4    1    0.001174   -0.000024
    3   -2   -2    1    2    0.000194   -0.000028
    3   -2   -2    2    2    0.001544    0.000001
    3   -2   -2    3    2    0.000250    0.000057
    3   -2   -2    4    2   -0.001898   -0.000026
    3   -2   -2    1    3   -0.000904    0.000036
    3   -2   -2    2    3    0.000467   -0.000056
    3   -2   -2    3    3   -0.000019   -0.000027
    3   -2   -2    4    3    0.001051    0.000062
    3   -2   -2    1    4    0.000481   -0.000002
    3   -2   -2    2    4   -0.002409    0.000010
    3   -2   -2    3    4    0.000442   -0.000027
    3   -2   -2    4    4    0.000489   -0.000010
    3   -2   -1    1    1   -0.008731   -0.000000
    3   -2   -1    2    1    0.002738    0.000046
    3   -2   -1    3    1    0.005422    0.000008
    3   -2   -1    4    1   -0.000886   -0.000075
    3   -2   -1    1    2    0.002846    0.000005
    3   -2   -1    2    2    0.001422    0.000025
    3   -2   -1    3    2   -0.001542    0.000011
    3   -2   -1    4    2   -0.004109   -0.000031
    3   -2   -1    1    3    0.004155    0.000022
    3   -2   -1    2    3   -0.001339   -0.000054
    3   -2   -1    3    3   -0.003859   -0.000032
    3   -2   -1    4    3    0.000341    0.000066
    3   -2   -1    1    4    0.000641   -0.000016
    3   -2   -1    2    4   -0.002000   -0.000034
    3   -2   -1    3    4    0.000516    0.000030
    3   -2   -1    4    4    0.003741    0.000020
    3   -2    0    1    1   -0.008726    0.000020
    3   -2    0    2    1    0.005456    0.000022
    3   -2    0    3    1    0.002728    0.000005
    3   -2    0    4    1   -0.000936   -0.000075
    3   -2    0    1    2    0.004087    0.000012
    3   -2    0    2    2   -0.003848    0.000042
    3   -2    0    3    2   -0.001267   -0.000054
    3   -2    0    4    2    0.000331    0.000010
    3   -2    0    1    3    0.002913   -0.000015
    3   -2    0    2    3   -0.001656   -0.000024
    3   -2    0    3    3    0.001409   -0.000004
    3   -2    0    4    3   -0.004032    0.000036
    3   -2    0    1    4    0.000640   -0.000008
    3   -2    0    2    4    0.000578   -0.000051
    3   -2    0    3    4   -0.002047    0.000076
    3   -2    0    4    4    0.003714    0.000013
    3   -2    1    1    1   -0.000036    0.000012
    3   -2    1    2    1   -0.000911   -0.000001
    3   -2    1    3    1    0.000462    0.000010
    3   -2    1    4    1    0.001072   -0.000035
    3   -2    1    1    2   -0.000950    0.000018
    3   -2    1    2    2   -0.000033    0.000041
    3   -2    1    3    2    0.000467   -0.000082
    3   -2    1    4    2    0.001119    0.000021
    3   -2    1    1    3    0.000211   -0.000039
    3   -2    1    2    3    0.000173    0.000017
    3   -2    1    3    3    0.001533    0.000026
    3   -2    1    4    3   -0.001814   -0.000009
    3   -2    1    1    4    0.000489    0.000011
    3   -2    1    2    4    0.000487   -0.000059
    3   -2    1    3    4   -0.002414    0.000060
    3   -2    1    4    4    0.000431    0.000016
    3   -2    2    1    1    0.000398    0.000001
    3   -2    2    2    1   -0.000902   -0.000030
    3   -2    2    3    1    0.000232    0.000015
    3   -2    2    4    1    0.000296    0.000007
    3   -2    2    1    2   -0.000858    0.000013
    3   -2    2    2    2    0.000755    0.000022
    3   -2    2    3    2    0.000306   -0.000056
    3   -2    2    4    2   -0.000014    0.000017
    3   -2    2    1    3    0.000205   -0.000025
    3   -2    2    2    3    0.000218    0.000035
    3   -2    2    3    3    0.000341    0.000034
    3   -2    2    4    3   -0.000795   -0.000048
    3   -2    2    1    4    0.000217    0.000011
    3   -2    2    2    4   -0.000283   -0.000027
    3   -2    2    3    4   -0.000849    0.000017
    3   -2    2    4    4    0.000699    0.000016
    3   -2    3    1    1    0.000023   -0.000001
    3   -2    3    2    1   -0.000187   -0.000036
    3   -2    3    3    1    0.000199    0.000008
    3   -2    3    4    1    0.000168    0.000027
    3   -2    3    1    2   -0.000311   -0.000011
    3   -2    3    2    2    0.000272   -0.000010
    3   -2    3    3    2   -0.000032   -0.000005
    3   -2    3    4    2    0.000020    0.000022
    3   -2    3    1    3    0.000061    0.000009
    3   -2    3    2    3    0.000004    0.000025
    3   -2    3    3    3   -0.000273    0.000024
    3   -2    3    4    3    0.000140   -0.000058
    3   -2    3    1    4    0.000066    0.000002
    3   -2    3    2    4   -0.000045    0.000023
    3   -2    3    3    4    0.000180   -0.000023
    3   -2    3    4    4   -0.000258    0.000005
    3   -1   -5    1    1   -0.000256    0.000000
    3   -1   -5    2    1    0.000202   -0.000031
    3   -1   -5    3    1    0.000235    0.000010
    3   -1   -5    4    1    0.000207    0.000022
    3   -1   -5    1    2    0.000066   -0.000033
    3   -1   -5    2    2    0.000935   -0.000031
    3   -1   -5    3    2   -0.000608    0.000023
    3   -1   -5    4    2   -0.000525    0.000038
    3   -1   -5    1    3    0.000034    0.000020
    3   -1   -5    2    3   -0.000513    0.000023
    3   -1   -5    3    3    0.000934    0.000022
    3   -1   -5    4    3   -0.000584   -0.000059
    3   -1   -5    1    4    0.000033    0.000013
    3   -1   -5    2    4   -0.000568    0.000038
    3   -1   -5    3    4   -0.000511   -0.000056
    3   -1   -5    4    4    0.000935    0.000000
    3   -1   -4    1    1   -0.000012   -0.000001
    3   -1   -4    2    1   -0.000119   -0.000004
    3   -1   -4    3    1   -0.000132   -0.000017
    3   -1   -4    4    1    0.000326    0.000025
    3   -1   -4    1    2   -0.000155   -0.000047
    3   -1   -4    2    2    0.000237   -0.000025
    3   -1   -4    3    2   -0.000314    0.000065
    3   -1   -4    4    2    0.000134    0.000005
    3   -1   -4    1    3   -0.000055    0.000037
    3   -1   -4    2    3   -0.000057   -0.000024
    3   -1   -4    3    3    0.000701    0.000016
    3   -1   -4    4    3   -0.000401   -0.000008
    3   -1   -4    1    4    0.000296    0.000009
    3   -1   -4    2    4    0.000101    0.000051
    3   -1   -4    3    4   -0.000516   -0.000078
    3   -1   -4    4    4    0.000078   -0.000007
    3   -1   -3    1    1    0.000479    0.000003
    3   -1   -3    2    1   -0.000299    0.000027
    3   -1   -3    3    1   -0.000887   -0.000023
    3   -1   -3    4    1    0.001253   -0.000005
    3   -1   -3    1    2   -0.001045   -0.000035
    3   -1   -3    2    2    0.000438    0.000005
    3   -1   -3    3    2    0.000628    0.000067
    3   -1   -3    4    2    0.000110   -0.000040
    3   -1   -3    1    3    0.000065    0.000043
    3   -1   -3    2    3    0.001243   -0.000060
    3   -1   -3    3    3   -0.003143    0.000000
    3   -1   -3    4    3    0.003184    0.000056
    3   -1   -3    1    4    0.000625   -0.000014
    3   -1   -3    2    4   -0.000844    0.000022
    3   -1   -3    3    4    0.002231   -0.000068
    3   -1   -3    4    4   -0.003206    0.000015
    3   -1   -2    1    1   -0.003839    0.000005
    3   -1   -2    2    1   -0.001287    0.000040
    3   -1   -2    3    1    0.004074   -0.000018
    3   -1   -2    4    1    0.000357   -0.000029
    3   -1   -2    1    2   -0.001634    0.000002
    3   -1   -2    2    2    0.001427    0.000029
    3   -1   -2    3    2    0.002945    0.000029
    3   -1   -2    4    2   -0.004122   -0.000063
    3   -1   -2    1    3    0.005445    0.000043
    3   -1   -2    2    3    0.002705   -0.000069
    3   -1   -2    3    3   -0.008673   -0.000009
    3   -1   -2    4    3   -0.000952    0.000076
    3   -1   -2    1    4    0.000555   -0.000049
    3   -1   -2    2    4   -0.002024   -0.000017
    3   -1   -2    3    4    0.000585   -0.000013
    3   -1   -2    4    4    0.003790    0.000036
    3   -1   -1    1    1    0.000173    0.000008
    3   -1   -1    2    1    0.002249    0.000013
    3   -1   -1    3    1    0.002170   -0.000010
    3   -1   -1    4    1   -0.008263   -0.000028
    3   -1   -1    1    2    0.002186    0.000031
    3   -1   -1    2    2    0.000177    0.000035
    3   -1   -1    3    2    0.002265   -0.000038
    3   -1   -1    4    2   -0.008283   -0.000024
    3   -1   -1    1    3    0.002224    0.000018
    3   -1   -1    2    3    0.002151   -0.000047
    3   -1   -1    3    3    0.000191   -0.000003
    3   -1   -1    4    3   -0.008210    0.000045
    3   -1   -1    1    4   -0.002686   -0.000052
    3   -1   -1    2    4   -0.002678   -0.000023
    3   -1   -1    3    4   -0.002730    0.000063
    3   -1   -1    4    4    0.014737    0.000013
    3   -1    0    1    1   -0.003846    0.000005
    3   -1    0    2    1    0.004144   -0.000007
    3   -1    0    3    1   -0.001335    0.000010
    3   -1    0    4    1    0.000311   -0.000028
    3   -1    0    1    2    0.005430    0.000029
    3   -1    0    2    2   -0.008689    0.000023
    3   -1    0    3    2    0.002749   -0.000090
    3   -1    0    4    2   -0.000937    0.000034
    3   -1    0    1    3   -0.001592   -0.000031
    3   -1    0    2    3    0.002823    0.000010
    3   -1    0    3    3    0.001437    0.000010
    3   -1    0    4    3   -0.004033    0.000012
    3   -1    0    1    4    0.000532   -0.000006
    3   -1    0    2    4    0.000642   -0.000030
    3   -1    0    3    4   -0.002033    0.000084
    3   -1    0    4    4    0.003744   -0.000014
    3   -1    1    1    1    0.000491   -0.000004
    3   -1    1    2    1   -0.000855   -0.000027
    3   -1    1    3    1   -0.000305    0.000036
    3   -1    1    4    1    0.001192   -0.000017
    3   -1    1    1    2    0.000071    0.000020
    3   -1    1    2    2   -0.003172    0.000008
    3   -1    1    3    2    0.001203   -0.000087
    3   -1    1    4    2    0.003257    0.000048
    3   -1    1    1    3   -0.001037   -0.000038
    3   -1    1    2    3    0.000576    0.000054
    3   -1    1    3    3    0.000436    0.000020
    3   -1    1    4    3    0.000160   -0.000037
    3   -1    1    1    4    0.000594    0.000023
    3   -1    1    2    4    0.002276   -0.000036
    3   -1    1    3    4   -0.000794    0.000044
    3   -1    1    4    4   -0.003265   -0.000004
    3   -1    2    1    1   -0.000004   -0.000002
    3   -1    2    2    1   -0.000141   -0.000039
    3   -1    2    3    1   -0.000090    0.000036
    3   -1    2    4    1    0.000292    0.000002
    3   -1    2    1    2   -0.000030   -0.000005
    3   -1    2    2    2    0.000690   -0.000012
    3   -1    2    3    2   -0.000154   -0.000038
    3   -1    2    4    2   -0.000319    0.000049
    3   -1    2    1    3   -0.000175   -0.000011
    3   -1    2    2    3   -0.000276    0.000057
    3   -1    2    3    3    0.000232    0.000023
    3   -1    2    4    3    0.000123   -0.000070
    3   -1    2    1    4    0.000279    0.000020
    3   -1    2    2    4   -0.000524   -0.000004
    3   -1    2    3    4    0.000176   -0.000013
    3   -1    2    4    4    0.000036    0.000009
    3   -1    3    1    1   -0.000256    0.000000
    3   -1    3    2    1    0.000202   -0.000031
    3   -1    3    3    1    0.000235    0.000010
    3   -1    3    4    1    0.000207    0.000022
    3   -1    3    1    2    0.000066   -0.000033
    3   -1    3    2    2    0.000935   -0.000031
    3   -1    3    3    2   -0.000608    0.000023
    3   -1    3    4    2   -0.000525    0.000038
    3   -1    3    1    3    0.000034    0.000020
    3   -1    3    2    3   -0.000513    0.000023
    3   -1    3    3    3    0.000934    0.000022
    3   -1    3    4    3   -0.000584   -0.000059
    3   -1    3    1    4    0.000033    0.000013
    3   -1    3    2    4   -0.000568    0.000038
    3   -1    3    3    4   -0.000511   -0.000056
    3   -1    3    4    4    0.000935    0.000000
    3    0   -5    1    1   -0.000816    0.000003
    3    0   -5    2    1    0.000147   -0.000014
    3    0   -5    3    1    0.000378    0.000002
    3    0   -5    4    1    0.000367    0.000011
    3    0   -5    1    2    0.000380   -0.000043
    3    0   -5    2    2    0.000394   -0.000027
    3    0   -5    3    2   -0.000462    0.000042
    3    0   -5    4    2   -0.000368    0.000030
    3    0   -5    1    3    0.000175    0.000013
    3    0   -5    2    3   -0.000311    0.000004
    3    0   -5    3    3    0.000272    0.000026
    3    0   -5    4    3   -0.000221   -0.000029
    3    0   -5    1    4    0.000192    0.000027
    3    0   -5    2    4   -0.000348    0.000032
    3    0   -5    3    4   -0.000160   -0.000077
    3    0   -5    4    4    0.000243   -0.000000
    3    0   -4    1    1    0.000391    0.000011
    3    0   -4    2    1   -0.000386    0.000014
    3    0   -4    3    1   -0.000418   -0.000027
    3    0   -4    4    1    0.000227    0.000004
    3    0   -4    1    2   -0.000242   -0.000037
    3    0   -4    2    2   -0.000732    0.000005
    3    0   -4    3    2   -0.000200    0.000052
    3    0   -4    4    2    0.001416   -0.000020
    3    0   -4    1    3   -0.001020    0.000022
    3    0   -4    2    3   -0.000137   -0.000040
    3    0   -4    3    3   -0.000096    0.000025
    3    0   -4    4    3    0.000938    0.000034
    3    0   -4    1    4    0.000263   -0.000001
    3    0   -4    2    4    0.000917    0.000013
    3    0   -4    3    4    0.001467   -0.000081
    3    0   -4    4    4   -0.002945    0.000022
    3    0   -3    1    1   -0.002775    0.000016
    3    0   -3    2    1   -0.001649    0.000033
    3    0   -3    3    1    0.004860   -0.000047
    3    0   -3    4    1   -0.002458    0.000004
    3    0   -3    1    2   -0.001683   -0.000004
    3    0   -3    2    2   -0.002796    0.000038
    3    0   -3    3    2    0.004860    0.000033
    3    0   -3    4    2   -0.002385   -0.000071
    3    0   -3    1    3   -0.002359    0.000035
    3    0   -3    2    3   -0.002406   -0.000068
    3    0   -3    3    3    0.033178    0.000023
    3    0   -3    4    3   -0.042343    0.000069
    3    0   -3    1    4    0.004820   -0.000054
    3    0   -3    2    4    0.004835   -0.000019
    3    0   -3    3    4   -0.032660   -0.000041
    3    0   -3    4    4    0.033227    0.000045
    3    0   -2    1    1    0.001461    0.000006
    3    0   -2    2    1   -0.001550    0.000011
    3    0   -2    3    1    0.002842   -0.000027
    3    0   -2    4    1   -0.004148    0.000010
    3    0   -2    1    2   -0.001331    0.000036
    3    0   -2    2    2   -0.003834    0.000045
    3    0   -2    3    2    0.004159   -0.000014
    3    0   -2    4    2    0.000297   -0.000069
    3    0   -2    1    3    0.002709    0.000023
    3    0   -2    2    3    0.005386   -0.000059
    3    0   -2    3    3   -0.008649    0.000011
    3    0   -2    4    3   -0.000903    0.000061
    3    0   -2    1    4   -0.002025   -0.000071
    3    0   -2    2    4    0.000523   -0.000018
    3    0   -2    3    4    0.000578    0.000019
    3    0   -2    4    4    0.003833    0.000033
    3    0   -1    1    1    0.001453   -0.000004
    3    0   -1    2    1    0.002929   -0.000029
    3    0   -1    3    1   -0.001653    0.000010
    3    0   -1    4    1   -0.004136    0.000016
    3    0   -1    1    2    0.002727    0.000045
    3    0   -1    2    2   -0.008681    0.000019
    3    0   -1    3    2    0.005471   -0.000050
    3    0   -1    4    2   -0.000986   -0.000016
    3    0   -1    1    3   -0.001309   -0.000008
    3    0   -1    2    3    0.004052   -0.000013
    3    0   -1    3    3   -0.003816   -0.000010
    3    0   -1    4    3    0.000379    0.000032
    3    0   -1    1    4   -0.002060   -0.000041
    3    0   -1    2    4    0.000622    0.000003
    3    0   -1    3    4    0.000526    0.000064
    3    0   -1    4    4    0.003826   -0.000016
    3    0    0    1    1   -0.002778   -0.000012
    3    0    0    2    1    0.004857   -0.000036
    3    0    0    3    1   -0.001702    0.000040
    3    0    0    4    1   -0.002406   -0.000005
    3    0    0    1    2   -0.002376    0.000032
    3    0    0    2    2    0.033200   -0.000016
    3    0    0    3    2   -0.002404   -0.000060
    3    0    0    4    2   -0.042355    0.000045
    3    0    0    1    3   -0.001661   -0.000031
    3    0    0    2    3    0.004772    0.000035
    3    0    0    3    3   -0.002797   -0.000014
    3    0    0    4    3   -0.002311    0.000008
    3    0    0    1    4    0.004791    0.000012
    3    0    0    2    4   -0.032586   -0.000006
    3    0    0    3    4    0.004890    0.000053
    3    0    0    4    4    0.033131   -0.000034
    3    0    1    1    1    0.000396   -0.000010
    3    0    1    2    1   -0.000413   -0.000036
    3    0    1    3    1   -0.000393    0.000054
    3    0    1    4    1    0.000213   -0.000015
    3    0    1    1    2   -0.000974    0.000006
    3    0    1    2    2   -0.000129   -0.000030
    3    0    1    3    2   -0.000195   -0.000046
    3    0    1    4    2    0.000973    0.000065
    3    0    1    1    3   -0.000245   -0.000020
    3    0    1    2    3   -0.000200    0.000071
    3    0    1    3    3   -0.000746   -0.000005
    3    0    1    4    3    0.001429   -0.000046
    3    0    1    1    4    0.000202    0.000029
    3    0    1    2    4    0.001507   -0.000010
    3    0    1    3    4    0.001005    0.000011
    3    0    1    4    4   -0.002985   -0.000014
    3    0    2    1    1   -0.000815   -0.000002
    3    0    2    2    1    0.000359   -0.000030
    3    0    2    3    1    0.000171    0.000036
    3    0    2    4    1    0.000359   -0.000003
    3    0    2    1    2    0.000214   -0.000026
    3    0    2    2    2    0.000271   -0.000037
    3    0    2    3    2   -0.000407    0.000002
    3    0    2    4    2   -0.000168    0.000059
    3    0    2    1    3    0.000357    0.000001
    3    0    2    2    3   -0.000391    0.000054
    3    0    2    3    3    0.000377    0.000012
    3    0    2    4    3   -0.000402   -0.000066
    3    0    2    1    4    0.000169    0.000030
    3    0    2    2    4   -0.000194    0.000011
    3    0    2    3    4   -0.000263   -0.000042
    3    0    2    4    4    0.000225    0.000000
    3    1   -5    1    1    0.000384    0.000014
    3    1   -5    2    1    0.000244    0.000007
    3    1   -5    3    1   -0.000494   -0.000009
    3    1   -5    4    1   -0.000503   -0.000014
    3    1   -5    1    2    0.000249   -0.000034
    3    1   -5    2    2    0.000365    0.000002
    3    1   -5    3    2   -0.000526    0.000032
    3    1   -5    4    2   -0.000446   -0.000000
    3    1   -5    1    3   -0.000500   -0.000013
    3    1   -5    2    3   -0.000457   -0.000015
    3    1   -5    3    3    0.001719    0.000036
    3    1   -5    4    3   -0.000630    0.000011
    3    1   -5    1    4   -0.000445    0.000028
    3    1   -5    2    4   -0.000463   -0.000002
    3    1   -5    3    4   -0.000632   -0.000073
    3    1   -5    4    4    0.001659    0.000025
    3    1   -4    1    1   -0.000704    0.000022
    3    1   -4    2    1   -0.000224    0.000022
    3    1   -4    3    1   -0.000186   -0.000040
    3    1   -4    4    1    0.001347   -0.000006
    3    1   -4    1    2   -0.000391   -0.000012
    3    1   -4    2    2    0.000376    0.000039
    3    1   -4    3    2   -0.000414    0.000027
    3    1   -4    4    2    0.000249   -0.000055
    3    1   -4    1    3   -0.000196   -0.000004
    3    1   -4    2    3   -0.001002   -0.000053
    3    1   -4    3    3   -0.000092    0.000038
    3    1   -4    4    3    0.000982    0.000048
    3    1   -4    1    4    0.000958   -0.000018
    3    1   -4    2    4    0.000238   -0.000022
    3    1   -4    3    4    0.001436   -0.000050
    3    1   -4    4    4   -0.002933    0.000056
    3    1   -3    1    1    0.000483    0.000012
    3    1   -3    2    1   -0.000989    0.000017
    3    1   -3    3    1    0.000588   -0.000042
    3    1   -3    4    1    0.000043    0.000012
    3    1   -3    1    2   -0.000309    0.000022
    3    1   -3    2    2    0.000493    0.000053
    3    1   -3    3    2   -0.000848    0.000012
    3    1   -3    4    2    0.001205   -0.000089
    3    1   -3    1    3    0.001199    0.000011
    3    1   -3    2    3    0.000031   -0.000061
    3    1   -3    3    3   -0.003127    0.000021
    3    1   -3    4    3    0.003263    0.000048
    3    1   -3    1    4   -0.000836   -0.000059
    3    1   -3    2    4    0.000585   -0.000026
    3    1   -3    3    4    0.002206   -0.000002
    3    1   -3    4    4   -0.003154    0.000058
    3    1   -2    1    1    0.001596   -0.000007
    3    1   -2    2    1    0.000259   -0.000017
    3    1   -2    3    1    0.000171   -0.000014
    3    1   -2    4    1   -0.001948    0.000035
    3    1   -2    1    2    0.000458    0.000046
    3    1   -2    2    2   -0.000005    0.000030
    3    1   -2    3    2   -0.000912   -0.000011
    3    1   -2    4    2    0.001061   -0.000066
    3    1   -2    1    3    0.000462    0.000013
    3    1   -2    2    3   -0.000990   -0.000028
    3    1   -2    3    3    0.000004   -0.000013
    3    1   -2    4    3    0.001133    0.000027
    3    1   -2    1    4   -0.002472   -0.000062
    3    1   -2    2    4    0.000447    0.000000
    3    1   -2    3    4    0.000447    0.000044
    3    1   -2    4    4    0.000583    0.000013
    3    1   -1    1    1    0.000481   -0.000018
    3    1   -1    2    1    0.000629   -0.000041
    3    1   -1    3    1   -0.001073    0.000022
    3    1   -1    4    1    0.000079    0.000035
    3    1   -1    1    2    0.001251    0.000038
    3    1   -1    2    2   -0.003157   -0.000012
    3    1   -1    3    2    0.000073   -0.000027
    3    1   -1    4    2    0.003188    0.000003
    3    1   -1    1    3   -0.000280   -0.000006
    3    1   -1    2    3   -0.000921    0.000021
    3    1   -1    3    3    0.000489   -0.000039
    3    1   -1    4    3    0.001258    0.000015
    3    1   -1    1    4   -0.000921   -0.000017
    3    1   -1    2    4    0.002269    0.000020
    3    1   -1    3    4    0.000634    0.000061
    3    1   -1    4    4   -0.003168   -0.000049
    3    1    0    1    1   -0.000706   -0.000020
    3    1    0    2    1   -0.000192   -0.000033
    3    1    0    3    1   -0.000261    0.000046
    3    1    0    4    1    0.001384    0.000003
    3    1    0    1    2   -0.000117    0.000011
    3    1    0    2    2   -0.000128   -0.000045
    3    1    0    3    2   -0.001016   -0.000026
    3    1    0    4    2    0.000936    0.000059
    3    1    0    1    3   -0.000368   -0.000011
    3    1    0    2    3   -0.000440    0.000055
    3    1    0    3    3    0.000357   -0.000042
    3    1    0    4    3    0.000275   -0.000004
    3    1    0    1    4    0.000846    0.000029
    3    1    0    2    4    0.001521    0.000012
    3    1    0    3    4    0.000320    0.000037
    3    1    0    4    4   -0.002964   -0.000059
    3    1    1    1    1    0.000382   -0.000015
    3    1    1    2    1   -0.000508   -0.000015
    3    1    1    3    1    0.000241    0.000047
    3    1    1    4    1   -0.000489   -0.000019
    3    1    1    1    2   -0.000443   -0.000020
    3    1    1    2    2    0.001701   -0.000052
    3    1    1    3    2   -0.000514   -0.000002
    3    1    1    4    2   -0.000630    0.000072
    3    1    1    1    3    0.000253   -0.000006
    3    1    1    2    3   -0.000494    0.000062
    3    1    1    3    3    0.000339   -0.000019
    3    1    1    4    3   -0.000456   -0.000033
    3    1    1    1    4   -0.000514    0.000048
    3    1    1    2    4   -0.000608    0.000003
    3    1    1    3    4   -0.000368   -0.000014
    3    1    1    4    4    0.001633   -0.000030
    3    2   -5    1    1    0.000402    0.000028
    3    2   -5    2    1    0.000383    0.000020
    3    2   -5    3    1   -0.000402   -0.000023
    3    2   -5    4    1   -0.000448   -0.000028
    3    2   -5    1    2    0.000155   -0.000008
    3    2   -5    2    2   -0.000840    0.000030
    3    2   -5    3    2    0.000360    0.000014
    3    2   -5    4    2    0.000410   -0.000038
    3    2   -5    1    3   -0.000386   -0.000038
    3    2   -5    2    3    0.000192   -0.000025
    3    2   -5    3    3    0.000281    0.000046
    3    2   -5    4    3   -0.000157    0.000022
    3    2   -5    1    4   -0.000288    0.000012
    3    2   -5    2    4    0.000200   -0.000037
    3    2   -5    3    4   -0.000220   -0.000044
    3    2   -5    4    4    0.000220    0.000061
    3    2   -4    1    1    0.000267    0.000022
    3    2   -4    2    1   -0.000131    0.000014
    3    2   -4    3    1   -0.000283   -0.000048
    3    2   -4    4    1    0.000044    0.000009
    3    2   -4    1    2   -0.000106    0.000012
    3    2   -4    2    2   -0.000014    0.000048
    3    2   -4    3    2   -0.000136    0.000009
    3    2   -4    4    2    0.000322   -0.000070
    3    2   -4    1    3   -0.000132   -0.000007
    3    2   -4    2    3   -0.000065   -0.000040
    3    2   -4    3    3    0.000717    0.000035
    3    2   -4    4    3   -0.000315    0.000016
    3    2   -4    1    4    0.000137   -0.000038
    3    2   -4    2    4    0.000281   -0.000037
    3    2   -4    3    4   -0.000571   -0.000003
    3    2   -4    4    4    0.000096    0.000065
    3    2   -3    1    1    0.000391    0.000001
    3    2   -3    2    1    0.000254   -0.000005
    3    2   -3    3    1    0.000202   -0.000038
    3    2   -3    4    1   -0.000891    0.000041
    3    2   -3    1    2    0.000219    0.000033
    3    2   -3    2    2    0.000412    0.000034
    3    2   -3    3    2   -0.000910    0.000006
    3    2   -3    4    2    0.000313   -0.000070
    3    2   -3    1    3    0.000326    0.000017
    3    2   -3    2    3   -0.000893   -0.000029
    3    2   -3    3    3    0.000790    0.000003
    3    2   -3    4    3   -0.000021    0.000004
    3    2   -3    1    4   -0.000904   -0.000060
    3    2   -3    2    4    0.000183   -0.000013
    3    2   -3    3    4   -0.000310    0.000033
    3    2   -3    4    4    0.000801    0.000035
    3    2   -2    1    1    0.000390   -0.000017
    3    2   -2    2    1    0.000247   -0.000030
    3    2   -2    3    1    0.000180   -0.000008
    3    2   -2    4    1   -0.000864    0.000054
    3    2   -2    1    2    0.000353    0.000040
    3    2   -2    2    2    0.000767   -0.000006
    3    2   -2    3    2   -0.000862    0.000006
    3    2   -2    4    2   -0.000063   -0.000036
    3    2   -2    1    3    0.000231    0.000015
    3    2   -2    2    3   -0.000945   -0.000000
    3    2   -2    3    3    0.000423   -0.000031
    3    2   -2    4    3    0.000334    0.000004
    3    2   -2    1    4   -0.000946   -0.000043
    3    2   -2    2    4   -0.000293    0.000025
    3    2   -2    3    4    0.000214    0.000047
    3    2   -2    4    4    0.000799   -0.000023
    3    2   -1    1    1    0.000262   -0.000025
    3    2   -1    2    1   -0.000292   -0.000031
    3    2   -1    3    1   -0.000189    0.000021
    3    2   -1    4    1    0.000112    0.000036
    3    2   -1    1    2   -0.000054    0.000022
    3    2   -1    2    2    0.000688   -0.000048
    3    2   -1    3    2   -0.000057    0.000006
    3    2   -1    4    2   -0.000384    0.000023
    3    2   -1    1    3   -0.000081    0.000005
    3    2   -1    2    3   -0.000157    0.000028
    3    2   -1    3    3   -0.000022   -0.000051
    3    2   -1    4    3    0.000334    0.000010
    3    2   -1    1    4    0.000031    0.000003
    3    2   -1    2    4   -0.000503    0.000042
    3    2   -1    3    4    0.000343    0.000041
    3    2   -1    4    4    0.000082   -0.000073
    3    2    0    1    1    0.000393   -0.000028
    3    2    0    2    1   -0.000434   -0.000002
    3    2    0    3    1    0.000353    0.000036
    3    2    0    4    1   -0.000381   -0.000005
    3    2    0    1    2   -0.000301   -0.000011
    3    2    0    2    2    0.000258   -0.000065
    3    2    0    3    2    0.000173    0.000009
    3    2    0    4    2   -0.000217    0.000066
    3    2    0    1    3    0.000185   -0.000003
    3    2    0    2    3    0.000367    0.000041
    3    2    0    3    3   -0.000866   -0.000044
    3    2    0    4    3    0.000405    0.000008
    3    2    0    1    4   -0.000402    0.000052
    3    2    0    2    4   -0.000156    0.000024
    3    2    0    3    4    0.000285    0.000012
    3    2    0    4    4    0.000200   -0.000074
    3    3   -5    1    1    0.000931    0.000028
    3    3   -5    2    1    0.000075    0.000012
    3    3   -5    3    1   -0.000529   -0.000037
    3    3   -5    4    1   -0.000613   -0.000007
    3    3   -5    1    2    0.000210    0.000015
    3    3   -5    2    2   -0.000270    0.000038
    3    3   -5    3    2    0.000217    0.000001
    3    3   -5    4    2    0.000238   -0.000052
    3    3   -5    1    3   -0.000584   -0.000030
    3    3   -5    2    3    0.000041   -0.000012
    3    3   -5    3    3    0.000937    0.000043
    3    3   -5    4    3   -0.000507   -0.000006
    3    3   -5    1    4   -0.000497   -0.000016
    3    3   -5    2    4    0.000034   -0.000051
    3    3   -5    3    4   -0.000586   -0.000005
    3    3   -5    4    4    0.000921    0.000072
    3    3   -4    1    1   -0.000265    0.000010
    3    3   -4    2    1    0.000101   -0.000006
    3    3   -4    3    1   -0.000017   -0.000046
    3    3   -4    4    1    0.000102    0.000040
    3    3   -4    1    2    0.000185    0.000020
    3    3   -4    2    2    0.000029    0.000031
    3    3   -4    3    2   -0.000187    0.000004
    3    3   -4    4    2    0.000182   -0.000051
    3    3   -4    1    3   -0.000005    0.000005
    3    3   -4    2    3   -0.000338   -0.000013
    3    3   -4    3    3    0.000294    0.000024
    3    3   -4    4    3    0.000016   -0.000024
    3    3   -4    1    4    0.000165   -0.000042
    3    3   -4    2    4    0.000044   -0.000023
    3    3   -4    3    4   -0.000063    0.000022
    3    3   -4    4    4   -0.000221    0.000041
    3    3   -3    1    1    0.000011   -0.000008
    3    3   -3    2    1    0.000246   -0.000021
    3    3   -3    3    1    0.000212   -0.000026
    3    3   -3    4    1   -0.000465    0.000055
    3    3   -3    1    2    0.000239    0.000025
    3    3   -3    2    2    0.000030    0.000001
    3    3   -3    3    2   -0.000467    0.000015
    3    3   -3    4    2    0.000215   -0.000035
    3    3   -3    1    3    0.000229    0.000022
    3    3   -3    2    3   -0.000466   -0.000005
    3    3   -3    3    3    0.000056   -0.000007
    3    3   -3    4    3    0.000208   -0.000021
    3    3   -3    1    4   -0.000463   -0.000043
    3    3   -3    2    4    0.000196    0.000016
    3    3   -3    3    4    0.000203    0.000029
    3    3   -3    4    4    0.000073    0.000001
    3    3   -2    1    1   -0.000269   -0.000020
    3    3   -2    2    1   -0.000026   -0.000026
    3    3   -2    3    1    0.000057   -0.000003
    3    3   -2    4    1    0.000160    0.000051
    3    3   -2    1    2    0.000039    0.000021
    3    3   -2    2    2    0.000270   -0.000036
    3    3   -2    3    2   -0.000336    0.000025
    3    3   -2    4    2   -0.000017   -0.000005
    3    3   -2    1    3    0.000201    0.000023
    3    3   -2    2    3   -0.000180    0.000004
    3    3   -2    3    3    0.000039   -0.000035
    3    3   -2    4    3    0.000160   -0.000005
    3    3   -2    1    4    0.000102   -0.000024
    3    3   -2    2    4   -0.000032    0.000051
    3    3   -2    3    4    0.000076    0.000027
    3    3   -2    4    4   -0.000217   -0.000048
    3    3   -1    1    1    0.000920   -0.000031
    3    3   -1    2    1   -0.000580   -0.000006
    3    3   -1    3    1    0.000034    0.000015
    3    3   -1    4    1   -0.000511    0.000025
    3    3   -1    1    2   -0.000511   -0.000002
    3    3   -1    2    2    0.000924   -0.000059
    3    3   -1    3    2    0.000043    0.000026
    3    3   -1    4    2   -0.000582    0.000040
    3    3   -1    1    3    0.000250    0.000013
    3    3   -1    2    3    0.000226    0.000009
    3    3   -1    3    3   -0.000285   -0.000045
    3    3   -1    4    3    0.000213    0.000017
    3    3   -1    1    4   -0.000609    0.000024
    3    3   -1    2    4   -0.000527    0.000052
    3    3   -1    3    4    0.000092    0.000019
    3    3   -1    4    4    0.000920   -0.000087
    3    4   -4    1    1   -0.000288   -0.000000
    3    4   -4    2    1    0.000076   -0.000023
    3    4   -4    3    1    0.000173   -0.000028
    3    4   -4    4    1    0.000075    0.000050
    3    4   -4    1    2    0.000098    0.000011
    3    4   -4    2    2   -0.000160    0.000006
    3    4   -4    3    2    0.000072    0.000009
    3    4   -4    4    2    0.000015   -0.000023
    3    4   -4    1    3    0.000163    0.000014
    3    4   -4    2    3    0.000073    0.000001
    3    4   -4    3    3   -0.000264    0.000016
    3    4   -4    4    3    0.000083   -0.000038
    3    4   -4    1    4    0.000076   -0.000027
    3    4   -4    2    4   -0.000045    0.000009
    3    4   -4    3    4    0.000055    0.000011
    3    4   -4    4    4   -0.000136    0.000010
    3    4   -3    1    1   -0.000292   -0.000010
    3    4   -3    2    1    0.000163   -0.000024
    3    4   -3    3    1    0.000062   -0.000014
    3    4   -3    4    1    0.000103    0.000050
    3    4   -3    1    2    0.000188    0.000004
    3    4   -3    2    2   -0.000282   -0.000023
    3    4   -3    3    2    0.000052    0.000029
    3    4   -3    4    2    0.000087   -0.000007
    3    4   -3    1    3    0.000094    0.000031
    3    4   -3    2    3    0.000102   -0.000001
    3    4   -3    3    3   -0.000140   -0.000011
    3    4   -3    4    3   -0.000021   -0.000028
    3    4   -3    1    4    0.000055   -0.000027
    3    4   -3    2    4    0.000057    0.000043
    3    4   -3    3    4   -0.000033    0.000007
    3    4   -3    4    4   -0.000130   -0.000021
    4   -4   -4    1    1   -0.000008    0.000000
    4   -4   -4    2    1    0.000003   -0.000017
    4   -4   -4    3    1   -0.000003   -0.000022
    4   -4   -4    4    1   -0.000004    0.000040
    4   -4   -4    1    2    0.000003    0.000017
    4   -4   -4    2    2    0.000004    0.000000
    4   -4   -4    3    2   -0.000001    0.000011
    4   -4   -4    4    2   -0.000016   -0.000022
    4   -4   -4    1    3   -0.000003    0.000022
    4   -4   -4    2    3   -0.000001   -0.000011
    4   -4   -4    3    3    0.000025    0.000000
    4   -4   -4    4    3   -0.000027   -0.000023
    4   -4   -4    1    4   -0.000004   -0.000040
    4   -4   -4    2    4   -0.000016    0.000022
    4   -4   -4    3    4   -0.000027    0.000023
    4   -4   -4    4    4    0.000047    0.000000
    4   -4   -3    1    1   -0.000289   -0.000010
    4   -4   -3    2    1    0.000080   -0.000020
    4   -4   -3    3    1    0.000060   -0.000006
    4   -4   -3    4    1    0.000192    0.000039
    4   -4   -3    1    2    0.000085    0.000009
    4   -4   -3    2    2   -0.000170   -0.000026
    4   -4   -3    3    2   -0.000016    0.000016
    4   -4   -3    4    2    0.000049    0.000008
    4   -4   -3    1    3    0.000104    0.000034
    4   -4   -3    2    3    0.000025   -0.000005
    4   -4   -3    3    3   -0.000160   -0.000024
    4   -4   -3    4    3    0.000056   -0.000014
    4   -4   -3    1    4    0.000138   -0.000032
    4   -4   -3    2    4    0.000089    0.000046
    4   -4   -3    3    4    0.000067    0.000025
    4   -4   -3    4    4   -0.000245   -0.000039
    4   -4   -2    1    1    0.000063   -0.000025
    4   -4   -2    2    1    0.000286   -0.000011
    4   -4   -2    3    1    0.000270    0.000016
    4   -4   -2    4    1   -0.000619    0.000021
    4   -4   -2    1    2    0.000310   -0.000012
    4   -4   -2    2    2   -0.000462   -0.000038
    4   -4   -2    3    2   -0.000105    0.000015
    4   -4   -2    4    2    0.000273    0.000044
    4   -4   -2    1    3    0.000349    0.000029
    4   -4   -2    2    3   -0.000125   -0.000004
    4   -4   -2    3    3   -0.000470   -0.000037
    4   -4   -2    4    3    0.000294    0.000006
    4   -4   -2    1    4   -0.000730    0.000013
    4   -4   -2    2    4    0.000347    0.000049
    4   -4   -2    3    4    0.000330    0.000016
    4   -4   -2    4    4    0.000051   -0.000078
    4   -4   -1    1    1   -0.002618   -0.000029
    4   -4   -1    2    1    0.000018    0.000019
    4   -4   -1    3    1    0.000163    0.000035
    4   -4   -1    4    1    0.002511   -0.000032
    4   -4   -1    1    2    0.000178   -0.000035
    4   -4   -1    2    2    0.000101   -0.000027
    4   -4   -1    3    2   -0.000322    0.000012
    4   -4   -1    4    2    0.000200    0.000061
    4   -4   -1    1    3    0.000092    0.000001
    4   -4   -1    2    3    0.000044   -0.000008
    4   -4   -1    3    3    0.000079   -0.000029
    4   -4   -1    4    3    0.000064    0.000028
    4   -4   -1    1    4    0.002413    0.000074
    4   -4   -1    2    4    0.000112    0.000010
    4   -4   -1    3    4    0.000247   -0.000006
    4   -4   -1    4    4   -0.002707   -0.000069
    4   -4    0    1    1    0.021589   -0.000000
    4   -4    0    2    1    0.000305    0.000029
    4   -4    0    3    1    0.000290    0.000032
    4   -4    0    4    1   -0.023087   -0.000082
    4   -4    0    1    2    0.000305   -0.000029
    4   -4    0    2    2   -0.001110    0.000000
    4   -4    0    3    2   -0.000564    0.000010
    4   -4    0    4    2    0.000347    0.000028
    4   -4    0    1    3    0.000290   -0.000032
    4   -4    0    2    3   -0.000564   -0.000010
    4   -4    0    3    3   -0.001134    0.000000
    4   -4    0    4    3    0.000398    0.000031
    4   -4    0    1    4   -0.023087    0.000082
    4   -4    0    2    4    0.000347   -0.000028
    4   -4    0    3    4    0.000398   -0.000031
    4   -4    0    4    4    0.021432    0.000000
    4   -4    1    1    1   -0.002618    0.000029
    4   -4    1    2    1    0.000178    0.000035
    4   -4    1    3    1    0.000092   -0.000001
    4   -4    1    4    1    0.002413   -0.000074
    4   -4    1    1    2    0.000018   -0.000019
    4   -4    1    2    2    0.000101    0.000027
    4   -4    1    3    2    0.000044    0.000008
    4   -4    1    4    2    0.000112   -0.000010
    4   -4    1    1    3    0.000163   -0.000035
    4   -4    1    2    3   -0.000322   -0.000012
    4   -4    1    3    3    0.000079    0.000029
    4   -4    1    4    3    0.000247    0.000006
    4   -4    1    1    4    0.002511    0.000032
    4   -4    1    2    4    0.000200   -0.000061
    4   -4    1    3    4    0.000064   -0.000028
    4   -4    1    4    4   -0.002707    0.000069
    4   -4    2    1    1    0.000063    0.000025
    4   -4    2    2    1    0.000310    0.000012
    4   -4    2    3    1    0.000349   -0.000029
    4   -4    2    4    1   -0.000730   -0.000013
    4   -4    2    1    2    0.000286    0.000011
    4   -4    2    2    2   -0.000462    0.000038
    4   -4    2    3    2   -0.000125    0.000004
    4   -4    2    4    2    0.000347   -0.000049
    4   -4    2    1    3    0.000270   -0.000016
    4   -4    2    2    3   -0.000105   -0.000015
    4   -4    2    3    3   -0.000470    0.000037
    4   -4    2    4    3    0.000330   -0.000016
    4   -4    2    1    4   -0.000619   -0.000021
    4   -4    2    2    4    0.000273   -0.000044
    4   -4    2    3    4    0.000294   -0.000006
    4   -4    2    4    4    0.000051    0.000078
    4   -4    3    1    1   -0.000289    0.000010
    4   -4    3    2    1    0.000085   -0.000009
    4   -4    3    3    1    0.000104   -0.000034
    4   -4    3    4    1    0.000138    0.000032
    4   -4    3    1    2    0.000080    0.000020
    4   -4    3    2    2   -0.000170    0.000026
    4   -4    3    3    2    0.000025    0.000005
    4   -4    3    4    2    0.000089   -0.000046
    4   -4    3    1    3    0.000060    0.000006
    4   -4    3    2    3   -0.000016   -0.000016
    4   -4    3    3    3   -0.000160    0.000024
    4   -4    3    4    3    0.000067   -0.000025
    4   -4    3    1    4    0.000192   -0.000039
    4   -4    3    2    4    0.000049   -0.000008
    4   -4    3    3    4    0.000056    0.000014
    4   -4    3    4    4   -0.000245    0.000039
    4   -4    4    1    1   -0.000008   -0.000000
    4   -4    4    2    1    0.000003   -0.000017
    4   -4    4    3    1   -0.000003   -0.000022
    4   -4    4    4    1   -0.000004    0.000040
    4   -4    4    1    2    0.000003    0.000017
    4   -4    4    2    2    0.000004   -0.000000
    4   -4    4    3    2   -0.000001    0.000011
    4   -4    4    4    2   -0.000016   -0.000022
    4   -4    4    1    3   -0.000003    0.000022
    4   -4    4    2    3   -0.000001   -0.000011
    4   -4    4    3    3    0.000025   -0.000000
    4   -4    4    4    3   -0.000027   -0.000023
    4   -4    4    1    4   -0.000004   -0.000040
    4   -4    4    2    4   -0.000016    0.000022
    4   -4    4    3    4   -0.000027    0.000023
    4   -4    4    4    4    0.000047   -0.000000
    4   -3   -4    1    1   -0.000176   -0.000004
    4   -3   -4    2    1    0.000013   -0.000025
    4   -3   -4    3    1    0.000089   -0.000013
    4   -3   -4    4    1    0.000099    0.000047
    4   -3   -4    1    2    0.000000   -0.000002
    4   -3   -4    2    2   -0.000170   -0.000020
    4   -3   -4    3    2    0.000056    0.000022
    4   -3   -4    4    2    0.000056    0.000006
    4   -3   -4    1    3    0.000067    0.000040
    4   -3   -4    2    3    0.000102   -0.000007
    4   -3   -4    3    3   -0.000251   -0.000004
    4   -3   -4    4    3    0.000124   -0.000033
    4   -3   -4    1    4    0.000049   -0.000035
    4   -3   -4    2    4    0.000081    0.000048
    4   -3   -4    3    4    0.000157    0.000003
    4   -3   -4    4    4   -0.000233   -0.000021
    4   -3   -3    1    1   -0.000271   -0.000019
    4   -3   -3    2    1    0.000167   -0.000014
    4   -3   -3    3    1    0.000128    0.000000
    4   -3   -3    4    1    0.000055    0.000037
    4   -3   -3    1    2    0.000095   -0.000016
    4   -3   -3    2    2    0.000004   -0.000033
    4   -3   -3    3    2    0.000075    0.000030
    4   -3   -3    4    2   -0.000333    0.000026
    4   -3   -3    1    3    0.000164    0.000048
    4   -3   -3    2    3    0.000199   -0.000013
    4   -3   -3    3    3   -0.000244   -0.000028
    4   -3   -3    4    3   -0.000048   -0.000006
    4   -3   -3    1    4   -0.000066   -0.000014
    4   -3   -3    2    4   -0.000161    0.000056
    4   -3   -3    3    4   -0.000018    0.000003
    4   -3   -3    4    4    0.000281   -0.000056
    4   -3   -2    1    1    0.000060   -0.000026
    4   -3   -2    2    1    0.000287    0.000008
    4   -3   -2    3    1    0.000063    0.000028
    4   -3   -2    4    1   -0.000253   -0.000010
    4   -3   -2    1    2    0.000305   -0.000030
    4   -3   -2    2    2   -0.000044   -0.000021
    4   -3   -2    3    2   -0.000146    0.000022
    4   -3   -2    4    2   -0.000037    0.000039
    4   -3   -2    1    3    0.000126    0.000027
    4   -3   -2    2    3   -0.000091   -0.000023
    4   -3   -2    3    3    0.000255   -0.000040
    4   -3   -2    4    3   -0.000130    0.000036
    4   -3   -2    1    4   -0.000551    0.000032
    4   -3   -2    2    4   -0.000083    0.000030
    4   -3   -2    3    4   -0.000256   -0.000003
    4   -3   -2    4    4    0.000614   -0.000068
    4   -3   -1    1    1   -0.002958   -0.000011
    4   -3   -1    2    1    0.000209    0.000032
    4   -3   -1    3    1    0.001358    0.000039
    4   -3   -1    4    1    0.001047   -0.000074
    4   -3   -1    1    2    0.000213   -0.000031
    4   -3   -1    2    2    0.000355    0.000008
    4   -3   -1    3    2   -0.000209    0.000003
    4   -3   -1    4    2   -0.000964    0.000030
    4   -3   -1    1    3    0.000931   -0.000002
    4   -3   -1    2    3   -0.000383   -0.000026
    4   -3   -1    3    3   -0.000746   -0.000029
    4   -3   -1    4    3   -0.000128    0.000050
    4   -3   -1    1    4    0.001500    0.000060
    4   -3   -1    2    4   -0.000354   -0.000024
    4   -3   -1    3    4   -0.000153   -0.000002
    4   -3   -1    4    4   -0.000263   -0.000023
    4   -3    0    1    1   -0.002959    0.000024
    4   -3    0    2    1    0.001372    0.000035
    4   -3    0    3    1    0.000247    0.000020
    4   -3    0    4    1    0.000988   -0.000096
    4   -3    0    1    2    0.000869   -0.000025
    4   -3    0    2    2   -0.000731    0.000038
    4   -3    0    3    2   -0.000351   -0.000017
    4   -3    0    4    2   -0.000117    0.000009
    4   -3    0    1    3    0.000237   -0.000028
    4   -3    0    2    3   -0.000253   -0.000020
    4   -3    0    3    3    0.000333    0.000006
    4   -3    0    4    3   -0.000908    0.000030
    4   -3    0    1    4    0.001542    0.000042
    4   -3    0    2    4   -0.000148   -0.000063
    4   -3    0    3    4   -0.000396    0.000003
    4   -3    0    4    4   -0.000273    0.000039
    4   -3    1    1    1    0.000066    0.000029
    4   -3    1    2    1    0.000115    0.000015
    4   -3    1    3    1    0.000342   -0.000003
    4   -3    1    4    1   -0.000378   -0.000051
    4   -3    1    1    2    0.000055    0.000001
    4   -3    1    2    2    0.000256    0.000052
    4   -3    1    3    2   -0.000085   -0.000024
    4   -3    1    4    2   -0.000064   -0.000026
    4   -3    1    1    3    0.000283   -0.000030
    4   -3    1    2    3   -0.000173   -0.000009
    4   -3    1    3    3   -0.000065    0.000035
    4   -3    1    4    3    0.000043   -0.000007
    4   -3    1    1    4   -0.000460    0.000002
    4   -3    1    2    4   -0.000292   -0.000064
    4   -3    1    3    4   -0.000121    0.000002
    4   -3    1    4    4    0.000592    0.000075
    4   -3    2    1    1   -0.000264    0.000016
    4   -3    2    2    1    0.000167   -0.000018
    4   -3    2    3    1    0.000207   -0.000014
    4   -3    2    4    1   -0.000040    0.000010
    4   -3    2    1    2    0.000128    0.000019
    4   -3    2    2    2   -0.000257    0.000041
    4   -3    2    3    2    0.000182   -0.000016
    4   -3    2    4    2    0.000019   -0.000040
    4   -3    2    1    3    0.000062   -0.000010
    4   -3    2    2    3    0.000075   -0.000006
    4   -3    2    3    3   -0.000002    0.000039
    4   -3    2    4    3   -0.000290   -0.000034
    4   -3    2    1    4    0.000001   -0.000027
    4   -3    2    2    4   -0.000051   -0.000023
    4   -3    2    3    4   -0.000177    0.000002
    4   -3    2    4    4    0.000266    0.000058
    4   -3    3    1    1   -0.000174    0.000005
    4   -3    3    2    1    0.000097   -0.000030
    4   -3    3    3    1    0.000029   -0.000015
    4   -3    3    4    1    0.000070    0.000039
    4   -3    3    1    2    0.000076    0.000012
    4   -3    3    2    2   -0.000272    0.000010
    4   -3    3    3    2    0.000077    0.000003
    4   -3    3    4    2    0.000159   -0.000020
    4   -3    3    1    3   -0.000029    0.000015
    4   -3    3    2    3    0.000076   -0.000006
    4   -3    3    3    3   -0.000155    0.000021
    4   -3    3    4    3    0.000055   -0.000041
    4   -3    3    1    4    0.000069   -0.000035
    4   -3    3    2    4    0.000147    0.000022
    4   -3    3    3    4    0.000079    0.000001
    4   -3    3    4    4   -0.000238    0.000017
    4   -2   -4    1    1   -0.000450   -0.000011
    4   -2   -4    2    1   -0.000150   -0.000020
    4   -2   -4    3    1    0.000308   -0.000010
    4   -2   -4    4    1    0.000339    0.000048
    4   -2   -4    1    2   -0.000086   -0.000024
    4   -2   -4    2    2   -0.000457   -0.000036
    4   -2   -4    3    2    0.000265    0.000048
    4   -2   -4    4    2    0.000288    0.000019
    4   -2   -4    1    3    0.000287    0.000051
    4   -2   -4    2    3    0.000337   -0.000015
    4   -2   -4    3    3    0.000113   -0.000008
    4   -2   -4    4    3   -0.000746   -0.000020
    4   -2   -4    1    4    0.000257   -0.000017
    4   -2   -4    2    4    0.000317    0.000067
    4   -2   -4    3    4   -0.000679   -0.000031
    4   -2   -4    4    4    0.000109   -0.000038
    4   -2   -3    1    1    0.000260   -0.000020
    4   -2   -3    2    1   -0.000111    0.000006
    4   -2   -3    3    1    0.000062    0.000009
    4   -2   -3    4    1   -0.000041    0.000011
    4   -2   -3    1    2   -0.000151   -0.000028
    4   -2   -3    2    2   -0.000042   -0.000026
    4   -2   -3    3    2    0.000304    0.000050
    4   -2   -3    4    2   -0.000035    0.000013
    4   -2   -3    1    3    0.000104    0.000046
    4   -2   -3    2    3    0.000323   -0.000031
    4   -2   -3    3    3    0.000109   -0.000031
    4   -2   -3    4    3   -0.000397    0.000033
    4   -2   -3    1    4   -0.000317    0.000002
    4   -2   -3    2    4   -0.000103    0.000049
    4   -2   -3    3    4   -0.000510   -0.000033
    4   -2   -3    4    4    0.000659   -0.000045
    4   -2   -2    1    1   -0.001175   -0.000013
    4   -2   -2    2    1   -0.000547    0.000031
    4   -2   -2    3    1    0.001780    0.000027
    4   -2   -2    4    1   -0.000379   -0.000045
    4   -2   -2    1    2   -0.000168   -0.000021
    4   -2   -2    2    2    0.000486    0.000003
    4   -2   -2    3    2   -0.000124    0.000022
    4   -2   -2    4    2   -0.000225    0.000004
    4   -2   -2    1    3    0.001828    0.000020
    4   -2   -2    2    3   -0.000557   -0.000039
    4   -2   -2    3    3   -0.001158   -0.000036
    4   -2   -2    4    3   -0.000456    0.000064
    4   -2   -2    1    4   -0.000308    0.000018
    4   -2   -2    2    4    0.000218   -0.000001
    4   -2   -2    3    4   -0.000297   -0.000011
    4   -2   -2    4    4    0.000778   -0.000022
    4   -2   -1    1    1    0.002039    0.000011
    4   -2   -1    2    1   -0.000268    0.000037
    4   -2   -1    3    1   -0.000288    0.000021
    4   -2   -1    4    1   -0.002209   -0.000079
    4   -2   -1    1    2    0.000101   -0.000011
    4   -2   -1    2    2    0.001347    0.000035
    4   -2   -1    3    2   -0.000696   -0.000025
    4   -2   -1    4    2   -0.001338    0.000007
    4   -2   -1    1    3    0.000131   -0.000012
    4   -2   -1    2    3   -0.000768   -0.000033
    4   -2   -1    3    3    0.001345   -0.000014
    4   -2   -1    4    3   -0.001292    0.000051
    4   -2   -1    1    4   -0.001014    0.000022
    4   -2   -1    2    4   -0.000294   -0.000047
    4   -2   -1    3    4   -0.000341    0.000028
    4   -2   -1    4    4    0.002903    0.000010
    4   -2    0    1    1   -0.001175    0.000025
    4   -2    0    2    1    0.001838    0.000020
    4   -2    0    3    1   -0.000530    0.000009
    4   -2    0    4    1   -0.000468   -0.000069
    4   -2    0    1    2    0.001783   -0.000001
    4   -2    0    2    2   -0.001165    0.000054
    4   -2    0    3    2   -0.000528   -0.000058
    4   -2    0    4    2   -0.000415    0.000007
    4   -2    0    1    3   -0.000162   -0.000037
    4   -2    0    2    3   -0.000199   -0.000009
    4   -2    0    3    3    0.000475    0.000023
    4   -2    0    4    3   -0.000132    0.000011
    4   -2    0    1    4   -0.000270    0.000016
    4   -2    0    2    4   -0.000288   -0.000067
    4   -2    0    3    4    0.000184    0.000035
    4   -2    0    4    4    0.000742    0.000038
    4   -2    1    1    1    0.000269    0.000018
    4   -2    1    2    1    0.000124   -0.000015
    4   -2    1    3    1   -0.000085    0.000009
    4   -2    1    4    1   -0.000150   -0.000023
    4   -2    1    1    2    0.000072    0.000016
    4   -2    1    2    2    0.000089    0.000049
    4   -2    1    3    2    0.000300   -0.000056
    4   -2    1    4    2   -0.000312   -0.000009
    4   -2    1    1    3   -0.000178   -0.000031
    4   -2    1    2    3    0.000274    0.000011
    4   -2    1    3    3   -0.000052    0.000043
    4   -2    1    4    3    0.000038   -0.000035
    4   -2    1    1    4   -0.000269   -0.000004
    4   -2    1    2    4   -0.000535   -0.000048
    4   -2    1    3    4   -0.000093    0.000013
    4   -2    1    4    4    0.000619    0.000055
    4   -2    2    1    1   -0.000444    0.000010
    4   -2    2    2    1    0.000332   -0.000041
    4   -2    2    3    1   -0.000124    0.000006
    4   -2    2    4    1    0.000278    0.000021
    4   -2    2    1    2    0.000295    0.000015
    4   -2    2    2    2    0.000095    0.000021
    4   -2    2    3    2    0.000281   -0.000024
    4   -2    2    4    2   -0.000678   -0.000008
    4   -2    2    1    3   -0.000130   -0.000003
    4   -2    2    2    3    0.000289    0.000013
    4   -2    2    3    3   -0.000454    0.000038
    4   -2    2    4    3    0.000309   -0.000058
    4   -2    2    1    4    0.000284   -0.000023
    4   -2    2    2    4   -0.000712    0.000004
    4   -2    2    3    4    0.000349   -0.000010
    4   -2    2    4    4    0.000086    0.000037
    4   -1   -4    1    1    0.000129   -0.000010
    4   -1   -4    2    1    0.000019   -0.000001
    4   -1   -4    3    1    0.000031   -0.000009
    4   -1   -4    4    1    0.000094    0.000029
    4   -1   -4    1    2   -0.000314   -0.000033
    4   -1   -4    2    2    0.000113   -0.000030
    4   -1   -4    3    2    0.000157    0.000067
    4   -1   -4    4    2    0.000195    0.000006
    4   -1   -4    1    3    0.000163    0.000045
    4   -1   -4    2    3    0.000073   -0.000036
    4   -1   -4    3    3   -0.002530   -0.000011
    4   -1   -4    4    3    0.002363    0.000030
    4   -1   -4    1    4    0.000170   -0.000003
    4   -1   -4    2    4    0.000067    0.000063
    4   -1   -4    3    4    0.002426   -0.000070
    4   -1   -4    4    4   -0.002591   -0.000032
    4   -1   -3    1    1   -0.000706   -0.000008
    4   -1   -3    2    1   -0.000371    0.000030
    4   -1   -3    3    1    0.000865   -0.000002
    4   -1   -3    4    1   -0.000114   -0.000012
    4   -1   -3    1    2   -0.000241   -0.000014
    4   -1   -3    2    2    0.000366   -0.000002
    4   -1   -3    3    2    0.000254    0.000045
    4   -1   -3    4    2   -0.000984   -0.000022
    4   -1   -3    1    3    0.001364    0.000035
    4   -1   -3    2    3    0.000211   -0.000051
    4   -1   -3    3    3   -0.002875   -0.000022
    4   -1   -3    4    3    0.000934    0.000073
    4   -1   -3    1    4   -0.000186   -0.000014
    4   -1   -3    2    4   -0.000383    0.000018
    4   -1   -3    3    4    0.001474   -0.000046
    4   -1   -3    4    4   -0.000161   -0.000008
    4   -1   -2    1    1    0.001360    0.000001
    4   -1   -2    2    1   -0.000708    0.000037
    4   -1   -2    3    1    0.000101    0.000001
    4   -1   -2    4    1   -0.001341   -0.000039
    4   -1   -2    1    2   -0.000746    0.000010
    4   -1   -2    2    2    0.001358    0.000026
    4   -1   -2    3    2    0.000163   -0.000007
    4   -1   -2    4    2   -0.001359   -0.000024
    4   -1   -2    1    3   -0.000280    0.000006
    4   -1   -2    2    3   -0.000330   -0.000046
    4   -1   -2    3    3    0.002086   -0.000016
    4   -1   -2    4    3   -0.002215    0.000068
    4   -1   -2    1    4   -0.000328   -0.000019
    4   -1   -2    2    4   -0.000304   -0.000026
    4   -1   -2    3    4   -0.001067    0.000017
    4   -1   -2    4    4    0.002968    0.000009
    4   -1   -1    1    1    0.001361    0.000012
    4   -1   -1    2    1    0.000155    0.000019
    4   -1   -1    3    1   -0.000742    0.000004
    4   -1   -1    4    1   -0.001371   -0.000045
    4   -1   -1    1    2   -0.000295    0.000020
    4   -1   -1    2    2    0.002069    0.000038
    4   -1   -1    3    2   -0.000258   -0.000060
    4   -1   -1    4    2   -0.002237    0.000005
    4   -1   -1    1    3   -0.000732   -0.000030
    4   -1   -1    2    3    0.000064   -0.000017
    4   -1   -1    3    3    0.001358    0.000003
    4   -1   -1    4    3   -0.001273    0.000035
    4   -1   -1    1    4   -0.000332   -0.000003
    4   -1   -1    2    4   -0.001019   -0.000048
    4   -1   -1    3    4   -0.000342    0.000060
    4   -1   -1    4    4    0.002949    0.000006
    4   -1    0    1    1   -0.000702    0.000011
    4   -1    0    2    1    0.000935   -0.000009
    4   -1    0    3    1   -0.000380    0.000017
    4   -1    0    4    1   -0.000194   -0.000035
    4   -1    0    1    2    0.001360    0.000025
    4   -1    0    2    2   -0.002904    0.000035
    4   -1    0    3    2    0.000213   -0.000080
    4   -1    0    4    2    0.000989    0.000021
    4   -1    0    1    3   -0.000245   -0.000045
    4   -1    0    2    3    0.000183    0.000025
    4   -1    0    3    3    0.000356    0.000025
    4   -1    0    4    3   -0.000892   -0.000017
    4   -1    0    1    4   -0.000187    0.000010
    4   -1    0    2    4    0.001484   -0.000054
    4   -1    0    3    4   -0.000365    0.000045
    4   -1    0    4    4   -0.000205    0.000020
    4   -1    1    1    1    0.000138    0.000009
    4   -1    1    2    1    0.000078   -0.000037
    4   -1    1    3    1    0.000033    0.000028
    4   -1    1    4    1    0.000015   -0.000007
    4   -1    1    1    2    0.000183    0.000022
    4   -1    1    2    2   -0.002560    0.000018
    4   -1    1    3    2    0.000008   -0.000056
    4   -1    1    4    2    0.002441    0.000018
    4   -1    1    1    3   -0.000351   -0.000027
    4   -1    1    2    3    0.000158    0.000044
    4   -1    1    3    3    0.000105    0.000034
    4   -1    1    4    3    0.000243   -0.000063
    4   -1    1    1    4    0.000172   -0.000002
    4   -1    1    2    4    0.002401   -0.000028
    4   -1    1    3    4    0.000131    0.000004
    4   -1    1    4    4   -0.002629    0.000038
    4    0   -4    1    1   -0.001074    0.000000
    4    0   -4    2    1   -0.000574    0.000021
    4    0   -4    3    1    0.000322   -0.000033
    4    0   -4    4    1    0.000300    0.000018
    4    0   -4    1    2   -0.000574   -0.000021
    4    0   -4    2    2   -0.001094   -0.000000
    4    0   -4    3    2    0.000311    0.000056
    4    0   -4    4    2    0.000333   -0.000025
    4    0   -4    1    3    0.000322    0.000033
    4    0   -4    2    3    0.000311   -0.000056
    4    0   -4    3    3    0.021645    0.000000
    4    0   -4    4    3   -0.023173    0.000070
    4    0   -4    1    4    0.000300   -0.000018
    4    0   -4    2    4    0.000333    0.000025
    4    0   -4    3    4   -0.023173   -0.000070
    4    0   -4    4    4    0.021630   -0.000000
    4    0   -3    1    1    0.000389    0.000002
    4    0   -3    2    1   -0.000210    0.000036
    4    0   -3    3    1    0.000206   -0.000026
    4    0   -3    4    1   -0.000994   -0.000009
    4    0   -3    1    2   -0.000388    0.000014
    4    0   -3    2    2   -0.000712    0.000028
    4    0   -3    3    2    0.000931    0.000019
    4    0   -3    4    2   -0.000161   -0.000054
    4    0   -3    1    3    0.000212    0.000015
    4    0   -3    2    3    0.001323   -0.000060
    4    0   -3    3    3   -0.002868   -0.000005
    4    0   -3    4    3    0.000976    0.000082
    4    0   -3    1    4   -0.000398   -0.000039
    4    0   -3    2    4   -0.000166   -0.000014
    4    0   -3    3    4    0.001443   -0.000013
    4    0   -3    4    4   -0.000140    0.000022
    4    0   -2    1    1    0.000518    0.000001
    4    0   -2    2    1   -0.000119    0.000020
    4    0   -2    3    1   -0.000182   -0.000009
    4    0   -2    4    1   -0.000257   -0.000013
    4    0   -2    1    2   -0.000551    0.000039
    4    0   -2    2    2   -0.001146    0.000032
    4    0   -2    3    2    0.001841   -0.000030
    4    0   -2    4    2   -0.000470   -0.000036
    4    0   -2    1    3   -0.000540   -0.000011
    4    0   -2    2    3    0.001741   -0.000032
    4    0   -2    3    3   -0.001141   -0.000013
    4    0   -2    4    3   -0.000395    0.000057
    4    0   -2    1    4    0.000160   -0.000036
    4    0   -2    2    4   -0.000290   -0.000030
    4    0   -2    3    4   -0.000328    0.000053
    4    0   -2    4    4    0.000850    0.000008
    4    0   -1    1    1    0.000394    0.000000
    4    0   -1    2    1    0.000261   -0.000010
    4    0   -1    3    1   -0.000259    0.000014
    4    0   -1    4    1   -0.001017   -0.000011
    4    0   -1    1    2    0.000230    0.000042
    4    0   -1    2    2   -0.002898    0.000017
    4    0   -1    3    2    0.001371   -0.000065
    4    0   -1    4    2    0.000951    0.000010
    4    0   -1    1    3   -0.000377   -0.000039
    4    0   -1    2    3    0.000839    0.000021
    4    0   -1    3    3   -0.000719   -0.000009
    4    0   -1    4    3   -0.000071    0.000016
    4    0   -1    1    4   -0.000438   -0.000004
    4    0   -1    2    4    0.001495   -0.000035
    4    0   -1    3    4   -0.000155    0.000070
    4    0   -1    4    4   -0.000165   -0.000015
    4    0    0    1    1   -0.001068   -0.000000
    4    0    0    2    1    0.000330   -0.000030
    4    0    0    3    1   -0.000589    0.000038
    4    0    0    4    1    0.000288   -0.000016
    4    0    0    1    2    0.000330    0.000030
    4    0    0    2    2    0.021646   -0.000000
    4    0    0    3    2    0.000267   -0.000057
    4    0    0    4    2   -0.023140    0.000036
    4    0    0    1    3   -0.000589   -0.000038
    4    0    0    2    3    0.000267    0.000057
    4    0    0    3    3   -0.001103   -0.000000
    4    0    0    4    3    0.000404   -0.000032
    4    0    0    1    4    0.000288    0.000016
    4    0    0    2    4   -0.023140   -0.000036
    4    0    0    3    4    0.000404    0.000032
    4    0    0    4    4    0.021548   -0.000000
    4    1   -4    1    1    0.000129    0.000010
    4    1   -4    2    1   -0.000314    0.000033
    4    1   -4    3    1    0.000163   -0.000045
    4    1   -4    4    1    0.000170    0.000003
    4    1   -4    1    2    0.000019    0.000001
    4    1   -4    2    2    0.000113    0.000030
    4    1   -4    3    2    0.000073    0.000036
    4    1   -4    4    2    0.000067   -0.000063
    4    1   -4    1    3    0.000031    0.000009
    4    1   -4    2    3    0.000157   -0.000067
    4    1   -4    3    3   -0.002530    0.000011
    4    1   -4    4    3    0.002426    0.000070
    4    1   -4    1    4    0.000094   -0.000029
    4    1   -4    2    4    0.000195   -0.000006
    4    1   -4    3    4    0.002363   -0.000030
    4    1   -4    4    4   -0.002591    0.000032
    4    1   -3    1    1   -0.000011    0.000003
    4    1   -3    2    1   -0.000129    0.000026
    4    1   -3    3    1    0.000278   -0.000034
    4    1   -3    4    1   -0.000067    0.000006
    4    1   -3    1    2   -0.000109    0.000034
    4    1   -3    2    2    0.000274    0.000036
    4    1   -3    3    2    0.000121    0.000004
    4    1   -3    4    2   -0.000120   -0.000070
    4    1   -3    1    3    0.000316    0.000006
    4    1   -3    2    3    0.000036   -0.000048
    4    1   -3    3    3    0.000115   -0.000010
    4    1   -3    4    3   -0.000315    0.000058
    4    1   -3    1    4   -0.000133   -0.000051
    4    1   -3    2    4   -0.000283   -0.000023
    4    1   -3    3    4   -0.000566    0.000034
    4    1   -3    4    4    0.000704    0.000025
    4    1   -2    1    1   -0.000007   -0.000006
    4    1   -2    2    1    0.000326   -0.000001
    4    1   -2    3    1   -0.000188   -0.000007
    4    1   -2    4    1   -0.000064    0.000012
    4    1   -2    1    2    0.000317    0.000049
    4    1   -2    2    2    0.000106    0.000012
    4    1   -2    3    2    0.000104   -0.000030
    4    1   -2    4    2   -0.000371   -0.000027
    4    1   -2    1    3   -0.000087   -0.000015
    4    1   -2    2    3    0.000027    0.000002
    4    1   -2    3    3    0.000273   -0.000027
    4    1   -2    4    3   -0.000047    0.000032
    4    1   -2    1    4   -0.000163   -0.000031
    4    1   -2    2    4   -0.000514   -0.000020
    4    1   -2    3    4   -0.000289    0.000072
    4    1   -2    4    4    0.000689   -0.000016
    4    1   -1    1    1    0.000138   -0.000009
    4    1   -1    2    1    0.000183   -0.000022
    4    1   -1    3    1   -0.000351    0.000027
    4    1   -1    4    1    0.000172    0.000002
    4    1   -1    1    2    0.000078    0.000037
    4    1   -1    2    2   -0.002560   -0.000018
    4    1   -1    3    2    0.000158   -0.000044
    4    1   -1    4    2    0.002401    0.000028
    4    1   -1    1    3    0.000033   -0.000028
    4    1   -1    2    3    0.000008    0.000056
    4    1   -1    3    3    0.000105   -0.000034
    4    1   -1    4    3    0.000131   -0.000004
    4    1   -1    1    4    0.000015    0.000007
    4    1   -1    2    4    0.002441   -0.000018
    4    1   -1    3    4    0.000243    0.000063
    4    1   -1    4    4   -0.002629   -0.000038
    4    2   -4    1    1   -0.000450    0.000011
    4    2   -4    2    1   -0.000086    0.000024
    4    2   -4    3    1    0.000287   -0.000051
    4    2   -4    4    1    0.000257    0.000017
    4    2   -4    1    2   -0.000150    0.000020
    4    2   -4    2    2   -0.000457    0.000036
    4    2   -4    3    2    0.000337    0.000015
    4    2   -4    4    2    0.000317   -0.000067
    4    2   -4    1    3    0.000308    0.000010
    4    2   -4    2    3    0.000265   -0.000048
    4    2   -4    3    3    0.000113    0.000008
    4    2   -4    4    3   -0.000679    0.000031
    4    2   -4    1    4    0.000339   -0.000048
    4    2   -4    2    4    0.000288   -0.000019
    4    2   -4    3    4   -0.000746    0.000020
    4    2   -4    4    4    0.000109    0.000038
    4    2   -3    1    1    0.000022   -0.000002
    4    2   -3    2    1    0.000100    0.000005
    4    2   -3    3    1    0.000057   -0.000031
    4    2   -3    4    1   -0.000345    0.000028
    4    2   -3    1    2    0.000182    0.000040
    4    2   -3    2    2   -0.000249    0.000017
    4    2   -3    3    2    0.000161   -0.000002
    4    2   -3    4    2   -0.000015   -0.000051
    4    2   -3    1    3    0.000192    0.000006
    4    2   -3    2    3    0.000106   -0.000018
    4    2   -3    3    3   -0.000236   -0.000017
    4    2   -3    4    3    0.000019    0.000023
    4    2   -3    1    4   -0.000191   -0.000047
    4    2   -3    2    4   -0.000032   -0.000010
    4    2   -3    3    4   -0.000057    0.000054
    4    2   -3    4    4    0.000309    0.000003
    4    2   -2    1    1   -0.000444   -0.000010
    4    2   -2    2    1    0.000295   -0.000015
    4    2   -2    3    1   -0.000130    0.000003
    4    2   -2    4    1    0.000284    0.000023
    4    2   -2    1    2    0.000332    0.000041
    4    2   -2    2    2    0.000095   -0.000021
    4    2   -2    3    2    0.000289   -0.000013
    4    2   -2    4    2   -0.000712   -0.000004
    4    2   -2    1    3   -0.000124   -0.000006
    4    2   -2    2    3    0.000281    0.000024
    4    2   -2    3    3   -0.000454   -0.000038
    4    2   -2    4    3    0.000349    0.000010
    4    2   -2    1    4    0.000278   -0.000021
    4    2   -2    2    4   -0.000678    0.000008
    4    2   -2    3    4    0.000309    0.000058
    4    2   -2    4    4    0.000086   -0.000037
    4    3   -4    1    1   -0.000176    0.000004
    4    3   -4    2    1    0.000000    0.000002
    4    3   -4    3    1    0.000067   -0.000040
    4    3   -4    4    1    0.000049    0.000035
    4    3   -4    1    2    0.000013    0.000025
    4    3   -4    2    2   -0.000170    0.000020
    4    3   -4    3    2    0.000102    0.000007
    4    3   -4    4    2    0.000081   -0.000048
    4    3   -4    1    3    0.000089    0.000013
    4    3   -4    2    3    0.000056   -0.000022
    4    3   -4    3    3   -0.000251    0.000004
    4    3   -4    4    3    0.000157   -0.000003
    4    3   -4    1    4    0.000099   -0.000047
    4    3   -4    2    4    0.000056   -0.000006
    4    3   -4    3    4    0.000124    0.000033
    4    3   -4    4    4   -0.000233    0.000021
    4    3   -3    1    1   -0.000174   -0.000005
    4    3   -3    2    1    0.000076   -0.000012
    4    3   -3    3    1   -0.000029   -0.000015
    4    3   -3    4    1    0.000069    0.000035
    4    3   -3    1    2    0.000097    0.000030
    4    3   -3    2    2   -0.000272   -0.000010
    4    3   -3    3    2    0.000076    0.000006
    4    3   -3    4    2    0.000147   -0.000022
    4    3   -3    1    3    0.000029    0.000015
    4    3   -3    2    3    0.000077   -0.000003
    4    3   -3    3    3   -0.000155   -0.000021
    4    3   -3    4    3    0.000079   -0.000001
    4    3   -3    1    4    0.000070   -0.000039
    4    3   -3    2    4    0.000159    0.000020
    4    3   -3    3    4    0.000055    0.000041
    4    3   -3    4    4   -0.000238   -0.000017
    4    4   -4    1    1   -0.000008   -0.000000
    4    4   -4    2    1    0.000003   -0.000017
    4    4   -4    3    1   -0.000003   -0.000022
    4    4   -4    4    1   -0.000004    0.000040
    4    4   -4    1    2    0.000003    0.000017
    4    4   -4    2    2    0.000004   -0.000000
    4    4   -4    3    2   -0.000001    0.000011
    4    4   -4    4    2   -0.000016   -0.000022
    4    4   -4    1    3   -0.000003    0.000022
    4    4   -4    2    3   -0.000001   -0.000011
    4    4   -4    3    3    0.000025   -0.000000
    4    4   -4    4    3   -0.000027   -0.000023
    4    4   -4    1    4   -0.000004   -0.000040
    4    4   -4    2    4   -0.000016    0.000022
    4    4   -4    3    4   -0.000027    0.000023
    4    4   -4    4    4    0.000047   -0.000000
    5   -3   -3    1    1    0.000931   -0.000028
    5   -3   -3    2    1    0.000210   -0.000015
    5   -3   -3    3    1   -0.000584    0.000030
    5   -3   -3    4    1   -0.000497    0.000016
    5   -3   -3    1    2    0.000075   -0.000012
    5   -3   -3    2    2   -0.000270   -0.000038
    5   -3   -3    3    2    0.000041    0.000012
    5   -3   -3    4    2    0.000034    0.000051
    5   -3   -3    1    3   -0.000529    0.000037
    5   -3   -3    2    3    0.000217   -0.000001
    5   -3   -3    3    3    0.000937   -0.000043
    5   -3   -3    4    3   -0.000586    0.000005
    5   -3   -3    1    4   -0.000613    0.000007
    5   -3   -3    2    4    0.000238    0.000052
    5   -3   -3    3    4   -0.000507    0.000006
    5   -3   -3    4    4    0.000921   -0.000072
    5   -3   -2    1    1    0.000244   -0.000026
    5   -3   -2    2    1    0.000351   -0.000001
    5   -3   -2    3    1   -0.000434    0.000058
    5   -3   -2    4    1   -0.000116   -0.000035
    5   -3   -2    1    2    0.000206   -0.000034
    5   -3   -2    2    2   -0.000846   -0.000015
    5   -3   -2    3    2    0.000368    0.000001
    5   -3   -2    4    2    0.000207    0.000058
    5   -3   -2    1    3   -0.000325    0.000004
    5   -3   -2    2    3    0.000162   -0.000006
    5   -3   -2    3    3    0.000373   -0.000037
    5   -3   -2    4    3   -0.000337    0.000034
    5   -3   -2    1    4   -0.000223    0.000065
    5   -3   -2    2    4    0.000419    0.000020
    5   -3   -2    3    4   -0.000350   -0.000019
    5   -3   -2    4    4    0.000167   -0.000062
    5   -3   -1    1    1    0.001659    0.000005
    5   -3   -1    2    1   -0.000503    0.000020
    5   -3   -1    3    1   -0.000482    0.000048
    5   -3   -1    4    1   -0.000586   -0.000078
    5   -3   -1    1    2   -0.000479   -0.000047
    5   -3   -1    2    2    0.000351    0.000024
    5   -3   -1    3    2    0.000253   -0.000008
    5   -3   -1    4    2   -0.000438    0.000034
    5   -3   -1    1    3   -0.000469   -0.000020
    5   -3   -1    2    3    0.000244   -0.000015
    5   -3   -1    3    3    0.000331   -0.000005
    5   -3   -1    4    3   -0.000410    0.000032
    5   -3   -1    1    4   -0.000607    0.000075
    5   -3   -1    2    4   -0.000452   -0.000033
    5   -3   -1    3    4   -0.000450   -0.000035
    5   -3   -1    4    4    0.001566    0.000002
    5   -3    0    1    1    0.000229    0.000032
    5   -3    0    2    1   -0.000389    0.000025
    5   -3    0    3    1    0.000407    0.000014
    5   -3    0    4    1   -0.000208   -0.000075
    5   -3    0    1    2   -0.000373   -0.000033
    5   -3    0    2    2    0.000377    0.000055
    5   -3    0    3    2    0.000172   -0.000010
    5   -3    0    4    2   -0.000302   -0.000012
    5   -3    0    1    3    0.000185   -0.000026
    5   -3    0    2    3    0.000364   -0.000021
    5   -3    0    3    3   -0.000874    0.000031
    5   -3    0    4    3    0.000271    0.000006
    5   -3    0    1    4   -0.000138    0.000030
    5   -3    0    2    4   -0.000407   -0.000063
    5   -3    0    3    4    0.000390   -0.000034
    5   -3    0    4    4    0.000163    0.000071
    5   -3    1    1    1    0.000920    0.000031
    5   -3    1    2    1   -0.000511    0.000002
    5   -3    1    3    1    0.000250   -0.000013
    5   -3    1    4    1   -0.000609   -0.000024
    5   -3    1    1    2   -0.000580    0.000006
    5   -3    1    2    2    0.000924    0.000059
    5   -3    1    3    2    0.000226   -0.000009
    5   -3    1    4    2   -0.000527   -0.000052
    5   -3    1    1    3    0.000034   -0.000015
    5   -3    1    2    3    0.000043   -0.000026
    5   -3    1    3    3   -0.000285    0.000045
    5   -3    1    4    3    0.000092   -0.000019
    5   -3    1    1    4   -0.000511   -0.000025
    5   -3    1    2    4   -0.000582   -0.000040
    5   -3    1    3    4    0.000213   -0.000017
    5   -3    1    4    4    0.000920    0.000087
    5   -2   -3    1    1    0.000402   -0.000028
    5   -2   -3    2    1    0.000155    0.000008
    5   -2   -3    3    1   -0.000386    0.000038
    5   -2   -3    4    1   -0.000288   -0.000012
    5   -2   -3    1    2    0.000383   -0.000020
    5   -2   -3    2    2   -0.000840   -0.000030
    5   -2   -3    3    2    0.000192    0.000025
    5   -2   -3    4    2    0.000200    0.000037
    5   -2   -3    1    3   -0.000402    0.000023
    5   -2   -3    2    3    0.000360   -0.000014
    5   -2   -3    3    3    0.000281   -0.000046
    5   -2   -3    4    3   -0.000220    0.000044
    5   -2   -3    1    4   -0.000448    0.000028
    5   -2   -3    2    4    0.000410    0.000038
    5   -2   -3    3    4   -0.000157   -0.000022
    5   -2   -3    4    4    0.000220   -0.000061
    5   -2   -2    1    1    0.000317   -0.000008
    5   -2   -2    2    1    0.000335    0.000026
    5   -2   -2    3    1   -0.000480    0.000042
    5   -2   -2    4    1   -0.000275   -0.000059
    5   -2   -2    1    2    0.000416   -0.000024
    5   -2   -2    2    2   -0.001299    0.000010
    5   -2   -2    3    2    0.000426   -0.000007
    5   -2   -2    4    2    0.000558    0.000026
    5   -2   -2    1    3   -0.000465   -0.000012
    5   -2   -2    2    3    0.000315   -0.000020
    5   -2   -2    3    3    0.000314   -0.000029
    5   -2   -2    4    3   -0.000277    0.000057
    5   -2   -2    1    4   -0.000187    0.000050
    5   -2   -2    2    4    0.000785   -0.000016
    5   -2   -2    3    4   -0.000157   -0.000010
    5   -2   -2    4    4   -0.000403   -0.000024
    5   -2   -1    1    1    0.000313    0.000018
    5   -2   -1    2    1   -0.000450    0.000032
    5   -2   -1    3    1    0.000354    0.000021
    5   -2   -1    4    1   -0.000324   -0.000076
    5   -2   -1    1    2   -0.000483   -0.000022
    5   -2   -1    2    2    0.000314    0.000050
    5   -2   -1    3    2    0.000346   -0.000034
    5   -2   -1    4    2   -0.000281    0.000006
    5   -2   -1    1    3    0.000410   -0.000034
    5   -2   -1    2    3    0.000391   -0.000018
    5   -2   -1    3    3   -0.001321    0.000010
    5   -2   -1    4    3    0.000629    0.000032
    5   -2   -1    1    4   -0.000160    0.000042
    5   -2   -1    2    4   -0.000164   -0.000062
    5   -2   -1    3    4    0.000763   -0.000002
    5   -2   -1    4    4   -0.000414    0.000031
    5   -2    0    1    1    0.000393    0.000028
    5   -2    0    2    1   -0.000301    0.000011
    5   -2    0    3    1    0.000185    0.000003
    5   -2    0    4    1   -0.000402   -0.000052
    5   -2    0    1    2   -0.000434    0.000002
    5   -2    0    2    2    0.000258    0.000065
    5   -2    0    3    2    0.000367   -0.000041
    5   -2    0    4    2   -0.000156   -0.000024
    5   -2    0    1    3    0.000353   -0.000036
    5   -2    0    2    3    0.000173   -0.000009
    5   -2    0    3    3   -0.000866    0.000044
    5   -2    0    4    3    0.000285   -0.000012
    5   -2    0    1    4   -0.000381    0.000005
    5   -2    0    2    4   -0.000217   -0.000066
    5   -2    0    3    4    0.000405   -0.000008
    5   -2    0    4    4    0.000200    0.000074
    5   -1   -3    1    1    0.000384   -0.000014
    5   -1   -3    2    1    0.000249    0.000034
    5   -1   -3    3    1   -0.000500    0.000013
    5   -1   -3    4    1   -0.000445   -0.000028
    5   -1   -3    1    2    0.000244   -0.000007
    5   -1   -3    2    2    0.000365   -0.000002
    5   -1   -3    3    2   -0.000457    0.000015
    5   -1   -3    4    2   -0.000463    0.000002
    5   -1   -3    1    3   -0.000494    0.000009
    5   -1   -3    2    3   -0.000526   -0.000032
    5   -1   -3    3    3    0.001719   -0.000036
    5   -1   -3    4    3   -0.000632    0.000073
    5   -1   -3    1    4   -0.000503    0.000014
    5   -1   -3    2    4   -0.000446    0.000000
    5   -1   -3    3    4   -0.000630   -0.000011
    5   -1   -3    4    4    0.001659   -0.000025
    5   -1   -2    1    1   -0.001278    0.000003
    5   -1   -2    2    1    0.000430    0.000038
    5   -1   -2    3    1    0.000412    0.000009
    5   -1   -2    4    1    0.000530   -0.000050
    5   -1   -2    1    2    0.000327    0.000003
    5   -1   -2    2    2    0.000324    0.000034
    5   -1   -2    3    2   -0.000450   -0.000032
    5   -1   -2    4    2   -0.000300   -0.000003
    5   -1   -2    1    3    0.000341   -0.000025
    5   -1   -2    2    3   -0.000515   -0.000024
    5   -1   -2    3    3    0.000311   -0.000014
    5   -1   -2    4    3   -0.000247    0.000057
    5   -1   -2    1    4    0.000735    0.000019
    5   -1   -2    2    4   -0.000148   -0.000048
    5   -1   -2    3    4   -0.000179    0.000030
    5   -1   -2    4    4   -0.000371    0.000003
    5   -1   -1    1    1    0.000382    0.000015
    5   -1   -1    2    1   -0.000443    0.000020
    5   -1   -1    3    1    0.000253    0.000006
    5   -1   -1    4    1   -0.000514   -0.000048
    5   -1   -1    1    2   -0.000508    0.000015
    5   -1   -1    2    2    0.001701    0.000052
    5   -1   -1    3    2   -0.000494   -0.000062
    5   -1   -1    4    2   -0.000608   -0.000003
    5   -1   -1    1    3    0.000241   -0.000047
    5   -1   -1    2    3   -0.000514    0.000002
    5   -1   -1    3    3    0.000339    0.000019
    5   -1   -1    4    3   -0.000368    0.000014
    5   -1   -1    1    4   -0.000489    0.000019
    5   -1   -1    2    4   -0.000630   -0.000072
    5   -1   -1    3    4   -0.000456    0.000033
    5   -1   -1    4    4    0.001633    0.000030
    5    0   -3    1    1   -0.000816   -0.000003
    5    0   -3    2    1    0.000380    0.000043
    5    0   -3    3    1    0.000175   -0.000013
    5    0   -3    4    1    0.000192   -0.000027
    5    0   -3    1    2    0.000147    0.000014
    5    0   -3    2    2    0.000394    0.000027
    5    0   -3    3    2   -0.000311   -0.000004
    5    0   -3    4    2   -0.000348   -0.000032
    5    0   -3    1    3    0.000378   -0.000002
    5    0   -3    2    3   -0.000462   -0.000042
    5    0   -3    3    3    0.000272   -0.000026
    5    0   -3    4    3   -0.000160    0.000077
    5    0   -3    1    4    0.000367   -0.000011
    5    0   -3    2    4   -0.000368   -0.000030
    5    0   -3    3    4   -0.000221    0.000029
    5    0   -3    4    4    0.000243    0.000000
    5    0   -2    1    1   -0.000815    0.000002
    5    0   -2    2    1    0.000214    0.000026
    5    0   -2    3    1    0.000357   -0.000001
    5    0   -2    4    1    0.000169   -0.000030
    5    0   -2    1    2    0.000359    0.000030
    5    0   -2    2    2    0.000271    0.000037
    5    0   -2    3    2   -0.000391   -0.000054
    5    0   -2    4    2   -0.000194   -0.000011
    5    0   -2    1    3    0.000171   -0.000036
    5    0   -2    2    3   -0.000407   -0.000002
    5    0   -2    3    3    0.000377   -0.000012
    5    0   -2    4    3   -0.000263    0.000042
    5    0   -2    1    4    0.000359    0.000003
    5    0   -2    2    4   -0.000168   -0.000059
    5    0   -2    3    4   -0.000402    0.000066
    5    0   -2    4    4    0.000225   -0.000000
    5    1   -3    1    1   -0.000256   -0.000000
    5    1   -3    2    1    0.000066    0.000033
    5    1   -3    3    1    0.000034   -0.000020
    5    1   -3    4    1    0.000033   -0.000013
    5    1   -3    1    2    0.000202    0.000031
    5    1   -3    2    2    0.000935    0.000031
    5    1   -3    3    2   -0.000513   -0.000023
    5    1   -3    4    2   -0.000568   -0.000038
    5    1   -3    1    3    0.000235   -0.000010
    5    1   -3    2    3   -0.000608   -0.000023
    5    1   -3    3    3    0.000934   -0.000022
    5    1   -3    4    3   -0.000511    0.000056
    5    1   -3    1    4    0.000207   -0.000022
    5    1   -3    2    4   -0.000525   -0.000038
    5    1   -3    3    4   -0.000584    0.000059
    5    1   -3    4    4    0.000935   -0.000000
    6   -2   -2    1    1   -0.002450   -0.000001
    6   -2   -2    2    1    0.000814    0.000022
    6   -2   -2    3    1    0.000841    0.000034
    6   -2   -2    4    1    0.000835   -0.000056
    6   -2   -2    1    2    0.000826   -0.000029
    6   -2   -2    2    2   -0.002473    0.000019
    6   -2   -2    3    2    0.000822   -0.000013
    6   -2   -2    4    2    0.000871    0.000024
    6   -2   -2    1    3    0.000825   -0.000032
    6   -2   -2    2    3    0.000829   -0.000001
    6   -2   -2    3    3   -0.002508   -0.000008
    6   -2   -2    4    3    0.000904    0.000037
    6   -2   -2    1    4    0.000838    0.000064
    6   -2   -2    2    4    0.000874   -0.000031
    6   -2   -2    3    4    0.000895   -0.000027
    6   -2   -2    4    4   -0.002547   -0.000004
