 &plot nbnd=  20, nks=   601 /
            0.000000  0.000000  0.000000
  -37.072  -37.059  -18.110  -18.006  -18.006  -17.989  -17.989  -17.980    0.956    3.935
    4.749    7.228    7.294    7.294    7.588    7.588    8.017    8.017    8.861    8.861
            0.005000  0.000000  0.000000
  -37.072  -37.059  -18.110  -18.007  -18.006  -17.989  -17.989  -17.980    0.956    3.935
    4.749    7.227    7.294    7.295    7.588    7.589    8.017    8.017    8.861    8.861
            0.010000  0.000000  0.000000
  -37.072  -37.059  -18.110  -18.007  -18.007  -17.989  -17.989  -17.980    0.957    3.936
    4.749    7.223    7.295    7.298    7.587    7.589    8.016    8.016    8.862    8.862
            0.015000  0.000000  0.000000
  -37.072  -37.059  -18.110  -18.007  -18.007  -17.989  -17.989  -17.980    0.959    3.938
    4.749    7.218    7.296    7.302    7.586    7.590    8.014    8.015    8.862    8.864
            0.020000  0.000000  0.000000
  -37.072  -37.059  -18.110  -18.007  -18.007  -17.989  -17.989  -17.980    0.961    3.940
    4.749    7.211    7.297    7.307    7.583    7.592    8.011    8.014    8.863    8.866
            0.025000  0.000000  0.000000
  -37.072  -37.059  -18.110  -18.007  -18.007  -17.990  -17.989  -17.980    0.963    3.942
    4.750    7.203    7.299    7.313    7.581    7.594    8.008    8.012    8.864    8.869
            0.030000  0.000000  0.000000
  -37.072  -37.059  -18.110  -18.007  -18.007  -17.990  -17.989  -17.980    0.966    3.945
    4.750    7.195    7.302    7.319    7.577    7.596    8.004    8.009    8.865    8.873
            0.035000  0.000000  0.000000
  -37.072  -37.059  -18.109  -18.007  -18.007  -17.990  -17.989  -17.980    0.970    3.949
    4.751    7.185    7.304    7.325    7.573    7.599    7.999    8.006    8.867    8.877
            0.040000  0.000000  0.000000
  -37.072  -37.059  -18.109  -18.008  -18.007  -17.990  -17.989  -17.980    0.975    3.953
    4.751    7.175    7.307    7.331    7.569    7.602    7.993    8.003    8.868    8.882
            0.045000  0.000000  0.000000
  -37.072  -37.059  -18.109  -18.008  -18.007  -17.991  -17.989  -17.980    0.979    3.958
    4.752    7.164    7.311    7.338    7.564    7.605    7.987    8.000    8.870    8.888
            0.050000  0.000000  0.000000
  -37.072  -37.059  -18.109  -18.008  -18.007  -17.991  -17.990  -17.980    0.985    3.964
    4.752    7.153    7.315    7.345    7.558    7.610    7.980    7.996    8.872    8.894
            0.055000  0.000000  0.000000
  -37.072  -37.059  -18.109  -18.009  -18.007  -17.992  -17.990  -17.980    0.991    3.970
    4.753    7.142    7.319    7.351    7.552    7.614    7.973    7.991    8.874    8.900
            0.060000  0.000000  0.000000
  -37.072  -37.059  -18.109  -18.009  -18.007  -17.992  -17.990  -17.980    0.997    3.976
    4.754    7.129    7.324    7.358    7.545    7.619    7.965    7.986    8.876    8.908
            0.065000  0.000000  0.000000
  -37.071  -37.059  -18.108  -18.010  -18.008  -17.993  -17.990  -17.980    1.005    3.983
    4.755    7.117    7.329    7.365    7.537    7.624    7.956    7.981    8.879    8.916
            0.070000  0.000000  0.000000
  -37.071  -37.059  -18.108  -18.010  -18.008  -17.993  -17.990  -17.980    1.012    3.991
    4.756    7.104    7.334    7.371    7.530    7.630    7.946    7.976    8.881    8.924
            0.075000  0.000000  0.000000
  -37.071  -37.059  -18.108  -18.011  -18.008  -17.994  -17.990  -17.980    1.021    3.999
    4.757    7.090    7.340    7.378    7.521    7.636    7.936    7.970    8.884    8.933
            0.080000  0.000000  0.000000
  -37.071  -37.059  -18.108  -18.011  -18.008  -17.994  -17.990  -17.981    1.030    4.008
    4.758    7.076    7.346    7.385    7.513    7.643    7.926    7.964    8.886    8.942
            0.085000  0.000000  0.000000
  -37.071  -37.059  -18.107  -18.012  -18.008  -17.995  -17.990  -17.981    1.039    4.017
    4.759    7.061    7.352    7.392    7.504    7.650    7.915    7.957    8.889    8.952
            0.090000  0.000000  0.000000
  -37.071  -37.059  -18.107  -18.013  -18.009  -17.995  -17.990  -17.981    1.049    4.027
    4.760    7.046    7.358    7.399    7.495    7.657    7.903    7.951    8.892    8.963
            0.095000  0.000000  0.000000
  -37.071  -37.059  -18.107  -18.013  -18.009  -17.996  -17.991  -17.981    1.059    4.038
    4.761    7.031    7.365    7.406    7.486    7.665    7.891    7.944    8.895    8.974
            0.100000  0.000000  0.000000
  -37.071  -37.059  -18.107  -18.014  -18.009  -17.997  -17.991  -17.981    1.071    4.048
    4.763    7.015    7.371    7.413    7.477    7.673    7.879    7.936    8.898    8.985
            0.105000  0.000000  0.000000
  -37.071  -37.059  -18.106  -18.015  -18.010  -17.998  -17.991  -17.981    1.082    4.060
    4.764    6.999    7.376    7.420    7.469    7.682    7.866    7.929    8.901    8.997
            0.110000  0.000000  0.000000
  -37.071  -37.059  -18.106  -18.016  -18.010  -17.998  -17.991  -17.981    1.094    4.072
    4.766    6.982    7.380    7.428    7.462    7.691    7.853    7.921    8.904    9.009
            0.115000  0.000000  0.000000
  -37.071  -37.059  -18.106  -18.016  -18.010  -17.999  -17.991  -17.981    1.107    4.084
    4.767    6.965    7.381    7.435    7.458    7.701    7.839    7.913    8.907    9.022
            0.120000  0.000000  0.000000
  -37.071  -37.059  -18.105  -18.017  -18.011  -18.000  -17.991  -17.981    1.121    4.097
    4.769    6.947    7.380    7.443    7.456    7.711    7.825    7.904    8.910    9.035
            0.125000  0.000000  0.000000
  -37.070  -37.059  -18.105  -18.018  -18.011  -18.001  -17.992  -17.982    1.134    4.111
    4.771    6.929    7.374    7.450    7.459    7.722    7.810    7.896    8.913    9.048
            0.130000  0.000000  0.000000
  -37.070  -37.059  -18.104  -18.019  -18.012  -18.001  -17.992  -17.982    1.149    4.125
    4.773    6.911    7.366    7.458    7.464    7.732    7.795    7.887    8.915    9.062
            0.135000  0.000000  0.000000
  -37.070  -37.059  -18.104  -18.020  -18.012  -18.002  -17.992  -17.982    1.164    4.139
    4.775    6.892    7.356    7.466    7.471    7.744    7.780    7.878    8.918    9.077
            0.140000  0.000000  0.000000
  -37.070  -37.059  -18.104  -18.021  -18.013  -18.003  -17.992  -17.982    1.179    4.154
    4.777    6.873    7.344    7.474    7.481    7.756    7.765    7.869    8.921    9.091
            0.145000  0.000000  0.000000
  -37.070  -37.058  -18.103  -18.022  -18.013  -18.004  -17.993  -17.982    1.195    4.170
    4.779    6.854    7.331    7.482    7.491    7.749    7.768    7.859    8.924    9.107
            0.150000  0.000000  0.000000
  -37.070  -37.058  -18.103  -18.023  -18.014  -18.004  -17.993  -17.982    1.212    4.186
    4.781    6.834    7.317    7.490    7.502    7.733    7.781    7.850    8.927    9.122
            0.155000  0.000000  0.000000
  -37.070  -37.058  -18.102  -18.024  -18.015  -18.005  -17.993  -17.982    1.229    4.202
    4.784    6.814    7.303    7.498    7.514    7.717    7.794    7.840    8.929    9.138
            0.160000  0.000000  0.000000
  -37.070  -37.058  -18.102  -18.025  -18.015  -18.006  -17.993  -17.983    1.247    4.219
    4.786    6.794    7.288    7.507    7.527    7.700    7.807    7.830    8.932    9.154
            0.165000  0.000000  0.000000
  -37.070  -37.058  -18.101  -18.026  -18.016  -18.007  -17.994  -17.983    1.265    4.236
    4.789    6.773    7.272    7.515    7.540    7.684    7.820    7.821    8.934    9.170
            0.170000  0.000000  0.000000
  -37.069  -37.058  -18.101  -18.027  -18.017  -18.007  -17.994  -17.983    1.284    4.254
    4.791    6.752    7.257    7.524    7.554    7.667    7.809    7.835    8.937    9.187
            0.175000  0.000000  0.000000
  -37.069  -37.058  -18.100  -18.028  -18.018  -18.008  -17.994  -17.983    1.303    4.272
    4.794    6.731    7.241    7.533    7.568    7.650    7.799    7.850    8.939    9.205
            0.180000  0.000000  0.000000
  -37.069  -37.058  -18.100  -18.029  -18.019  -18.008  -17.995  -17.983    1.323    4.291
    4.797    6.709    7.224    7.542    7.583    7.633    7.788    7.865    8.941    9.222
            0.185000  0.000000  0.000000
  -37.069  -37.058  -18.099  -18.030  -18.020  -18.009  -17.995  -17.984    1.343    4.310
    4.800    6.688    7.208    7.551    7.598    7.615    7.777    7.881    8.944    9.240
            0.190000  0.000000  0.000000
  -37.069  -37.058  -18.099  -18.031  -18.021  -18.010  -17.995  -17.984    1.364    4.329
    4.803    6.666    7.191    7.560    7.598    7.613    7.766    7.897    8.946    9.258
            0.195000  0.000000  0.000000
  -37.069  -37.058  -18.098  -18.032  -18.023  -18.010  -17.996  -17.984    1.385    4.349
    4.806    6.644    7.174    7.569    7.580    7.629    7.755    7.913    8.948    9.276
            0.200000  0.000000  0.000000
  -37.069  -37.058  -18.098  -18.033  -18.024  -18.011  -17.996  -17.984    1.407    4.369
    4.810    6.621    7.157    7.563    7.579    7.645    7.743    7.930    8.950    9.295
            0.205000  0.000000  0.000000
  -37.068  -37.058  -18.097  -18.034  -18.025  -18.011  -17.996  -17.985    1.429    4.390
    4.813    6.599    7.140    7.545    7.588    7.662    7.732    7.947    8.951    9.314
            0.210000  0.000000  0.000000
  -37.068  -37.058  -18.096  -18.035  -18.026  -18.012  -17.997  -17.985    1.452    4.410
    4.817    6.576    7.122    7.527    7.598    7.679    7.720    7.964    8.953    9.334
            0.215000  0.000000  0.000000
  -37.068  -37.058  -18.096  -18.037  -18.027  -18.012  -17.997  -17.985    1.475    4.432
    4.820    6.553    7.105    7.509    7.608    7.697    7.708    7.982    8.955    9.353
            0.220000  0.000000  0.000000
  -37.068  -37.057  -18.095  -18.038  -18.029  -18.013  -17.997  -17.985    1.499    4.453
    4.824    6.530    7.088    7.491    7.618    7.695    7.715    8.000    8.956    9.373
            0.225000  0.000000  0.000000
  -37.068  -37.057  -18.094  -18.039  -18.030  -18.013  -17.998  -17.986    1.524    4.475
    4.828    6.507    7.070    7.473    7.628    7.683    7.733    8.019    8.958    9.394
            0.230000  0.000000  0.000000
  -37.068  -37.057  -18.094  -18.040  -18.031  -18.014  -17.998  -17.986    1.548    4.497
    4.832    6.484    7.053    7.455    7.638    7.670    7.751    8.038    8.959    9.414
            0.235000  0.000000  0.000000
  -37.067  -37.057  -18.093  -18.041  -18.033  -18.014  -17.999  -17.986    1.574    4.520
    4.836    6.460    7.035    7.437    7.649    7.658    7.770    8.057    8.960    9.435
            0.240000  0.000000  0.000000
  -37.067  -37.057  -18.093  -18.042  -18.034  -18.015  -17.999  -17.986    1.599    4.542
    4.841    6.437    7.017    7.419    7.645    7.659    7.789    8.076    8.961    9.456
            0.245000  0.000000  0.000000
  -37.067  -37.057  -18.092  -18.044  -18.036  -18.015  -18.000  -17.987    1.626    4.565
    4.845    6.414    7.000    7.401    7.632    7.670    7.809    8.096    8.962    9.477
            0.250000  0.000000  0.000000
  -37.067  -37.057  -18.091  -18.045  -18.037  -18.016  -18.000  -17.987    1.652    4.588
    4.850    6.390    6.983    7.383    7.618    7.681    7.829    8.116    8.963    9.499
            0.255000  0.000000  0.000000
  -37.067  -37.057  -18.090  -18.046  -18.038  -18.016  -18.000  -17.987    1.680    4.612
    4.855    6.366    6.965    7.365    7.605    7.691    7.849    8.137    8.964    9.521
            0.260000  0.000000  0.000000
  -37.067  -37.057  -18.090  -18.047  -18.040  -18.017  -18.001  -17.988    1.707    4.635
    4.860    6.343    6.948    7.347    7.591    7.702    7.869    8.157    8.964    9.543
            0.265000  0.000000  0.000000
  -37.066  -37.057  -18.089  -18.048  -18.041  -18.018  -18.001  -17.988    1.735    4.659
    4.865    6.319    6.931    7.329    7.578    7.714    7.890    8.178    8.965    9.566
            0.270000  0.000000  0.000000
  -37.066  -37.057  -18.088  -18.050  -18.043  -18.018  -18.002  -17.988    1.764    4.683
    4.870    6.295    6.914    7.311    7.564    7.725    7.911    8.200    8.965    9.589
            0.275000  0.000000  0.000000
  -37.066  -37.057  -18.088  -18.051  -18.044  -18.019  -18.002  -17.988    1.793    4.707
    4.875    6.272    6.897    7.294    7.549    7.736    7.932    8.221    8.965    9.612
            0.280000  0.000000  0.000000
  -37.066  -37.056  -18.087  -18.052  -18.046  -18.019  -18.003  -17.989    1.822    4.731
    4.881    6.248    6.880    7.276    7.535    7.748    7.954    8.243    8.965    9.635
            0.285000  0.000000  0.000000
  -37.066  -37.056  -18.086  -18.053  -18.047  -18.020  -18.003  -17.989    1.852    4.755
    4.886    6.224    6.864    7.258    7.521    7.759    7.975    8.265    8.965    9.658
            0.290000  0.000000  0.000000
  -37.066  -37.056  -18.085  -18.054  -18.048  -18.020  -18.004  -17.989    1.883    4.780
    4.892    6.200    6.848    7.241    7.506    7.771    7.997    8.287    8.965    9.682
            0.295000  0.000000  0.000000
  -37.065  -37.056  -18.085  -18.055  -18.050  -18.021  -18.005  -17.990    1.914    4.804
    4.898    6.177    6.832    7.223    7.491    7.783    8.019    8.310    8.965    9.706
            0.300000  0.000000  0.000000
  -37.065  -37.056  -18.084  -18.056  -18.051  -18.022  -18.005  -17.990    1.945    4.828
    4.904    6.153    6.816    7.206    7.476    7.795    8.041    8.332    8.965    9.731
            0.305000  0.000000  0.000000
  -37.065  -37.056  -18.083  -18.058  -18.053  -18.022  -18.006  -17.990    1.976    4.852
    4.911    6.130    6.801    7.189    7.461    7.807    8.064    8.355    8.964    9.755
            0.310000  0.000000  0.000000
  -37.065  -37.056  -18.082  -18.059  -18.054  -18.023  -18.006  -17.991    2.008    4.876
    4.917    6.106    6.786    7.172    7.445    7.819    8.086    8.378    8.964    9.849
            0.315000  0.000000  0.000000
  -37.065  -37.056  -18.082  -18.060  -18.055  -18.023  -18.007  -17.991    2.041    4.900
    4.924    6.083    6.771    7.155    7.430    7.832    8.109    8.402    8.963    9.805
            0.320000  0.000000  0.000000
  -37.064  -37.056  -18.081  -18.061  -18.057  -18.024  -18.007  -17.992    2.074    4.924
    4.930    6.059    6.757    7.138    7.414    7.844    8.132    8.425    8.962    9.839
            0.325000  0.000000  0.000000
  -37.064  -37.056  -18.080  -18.062  -18.058  -18.025  -18.008  -17.992    2.107    4.937
    4.948    6.036    6.743    7.121    7.398    7.856    8.154    8.449    8.962    9.834
            0.330000  0.000000  0.000000
  -37.064  -37.056  -18.079  -18.063  -18.060  -18.025  -18.009  -17.992    2.141    4.944
    4.971    6.013    6.730    7.104    7.382    7.869    8.177    8.473    8.961    9.829
            0.335000  0.000000  0.000000
  -37.064  -37.056  -18.078  -18.064  -18.061  -18.026  -18.009  -17.993    2.175    4.952
    4.994    5.990    6.717    7.088    7.366    7.882    8.200    8.496    8.960    9.825
            0.340000  0.000000  0.000000
  -37.064  -37.056  -18.078  -18.065  -18.062  -18.027  -18.010  -17.993    2.209    4.959
    5.017    5.967    6.705    7.072    7.350    7.894    8.222    8.521    8.958    9.821
            0.345000  0.000000  0.000000
  -37.063  -37.056  -18.077  -18.066  -18.064  -18.027  -18.010  -17.994    2.244    4.967
    5.040    5.944    6.693    7.055    7.333    7.907    8.245    8.545    8.957    9.817
            0.350000  0.000000  0.000000
  -37.063  -37.055  -18.076  -18.067  -18.065  -18.028  -18.011  -17.994    2.279    4.975
    5.062    5.921    6.682    7.039    7.316    7.920    8.267    8.569    8.956    9.814
            0.355000  0.000000  0.000000
  -37.063  -37.055  -18.075  -18.068  -18.066  -18.029  -18.012  -17.994    2.315    4.983
    5.083    5.898    6.672    7.024    7.300    7.933    8.290    8.593    8.954    9.811
            0.360000  0.000000  0.000000
  -37.063  -37.055  -18.074  -18.069  -18.067  -18.029  -18.012  -17.995    2.351    4.991
    5.104    5.875    6.662    7.008    7.283    7.946    8.312    8.618    8.953    9.809
            0.365000  0.000000  0.000000
  -37.063  -37.055  -18.074  -18.070  -18.069  -18.030  -18.013  -17.995    2.387    4.999
    5.125    5.853    6.653    6.992    7.266    7.959    8.333    8.642    8.951    9.807
            0.370000  0.000000  0.000000
  -37.063  -37.055  -18.073  -18.071  -18.070  -18.031  -18.014  -17.996    2.423    5.007
    5.144    5.831    6.645    6.977    7.248    7.972    8.355    8.666    8.949    9.806
            0.375000  0.000000  0.000000
  -37.062  -37.055  -18.072  -18.072  -18.071  -18.031  -18.014  -17.996    2.460    5.016
    5.163    5.809    6.638    6.962    7.231    7.986    8.376    8.691    8.947    9.806
            0.380000  0.000000  0.000000
  -37.062  -37.055  -18.072  -18.072  -18.071  -18.032  -18.015  -17.997    2.498    5.025
    5.182    5.786    6.631    6.947    7.214    7.999    8.397    8.715    8.945    9.806
            0.385000  0.000000  0.000000
  -37.062  -37.055  -18.073  -18.073  -18.070  -18.033  -18.016  -17.997    2.535    5.034
    5.199    5.765    6.625    6.932    7.196    8.012    8.417    8.740    8.943    9.807
            0.390000  0.000000  0.000000
  -37.062  -37.055  -18.074  -18.074  -18.070  -18.033  -18.016  -17.997    2.573    5.043
    5.216    5.743    6.621    6.918    7.178    8.026    8.437    8.764    8.941    9.809
            0.395000  0.000000  0.000000
  -37.062  -37.055  -18.076  -18.075  -18.069  -18.034  -18.017  -17.998    2.611    5.052
    5.232    5.721    6.617    6.904    7.161    8.039    8.457    8.789    8.939    9.812
            0.400000  0.000000  0.000000
  -37.062  -37.055  -18.077  -18.075  -18.068  -18.035  -18.018  -17.998    2.650    5.062
    5.247    5.700    6.614    6.889    7.143    8.053    8.475    8.813    8.937    9.815
            0.405000  0.000000  0.000000
  -37.061  -37.055  -18.078  -18.076  -18.067  -18.036  -18.018  -17.999    2.689    5.072
    5.260    5.678    6.613    6.875    7.125    8.066    8.494    8.837    8.934    9.820
            0.410000  0.000000  0.000000
  -37.061  -37.055  -18.079  -18.077  -18.066  -18.036  -18.019  -17.999    2.728    5.082
    5.273    5.657    6.612    6.862    7.107    8.080    8.511    8.861    8.932    9.825
            0.415000  0.000000  0.000000
  -37.061  -37.055  -18.080  -18.078  -18.065  -18.037  -18.020  -18.000    2.767    5.092
    5.285    5.636    6.613    6.848    7.088    8.093    8.528    8.885    8.929    9.832
            0.420000  0.000000  0.000000
  -37.061  -37.055  -18.081  -18.078  -18.065  -18.038  -18.021  -18.000    2.807    5.102
    5.295    5.616    6.614    6.835    7.070    8.107    8.544    8.909    8.927    9.840
            0.425000  0.000000  0.000000
  -37.061  -37.055  -18.082  -18.079  -18.064  -18.039  -18.021  -18.001    2.847    5.112
    5.304    5.595    6.617    6.822    7.052    8.121    8.559    8.924    8.933    9.848
            0.430000  0.000000  0.000000
  -37.060  -37.055  -18.082  -18.079  -18.063  -18.039  -18.022  -18.001    2.887    5.123
    5.313    5.575    6.620    6.809    7.034    8.134    8.573    8.922    8.956    9.858
            0.435000  0.000000  0.000000
  -37.060  -37.055  -18.083  -18.080  -18.062  -18.040  -18.023  -18.002    2.927    5.133
    5.319    5.554    6.625    6.796    7.015    8.148    8.586    8.919    8.980    9.868
            0.440000  0.000000  0.000000
  -37.060  -37.055  -18.084  -18.080  -18.061  -18.041  -18.024  -18.002    2.968    5.144
    5.325    5.534    6.631    6.784    6.997    8.161    8.599    8.916    9.003    9.880
            0.445000  0.000000  0.000000
  -37.060  -37.054  -18.085  -18.081  -18.060  -18.042  -18.024  -18.003    3.009    5.155
    5.330    5.514    6.638    6.772    6.979    8.175    8.611    8.913    9.026    9.892
            0.450000  0.000000  0.000000
  -37.060  -37.054  -18.086  -18.081  -18.060  -18.042  -18.025  -18.003    3.050    5.166
    5.333    5.495    6.646    6.759    6.960    8.189    8.621    8.910    9.048    9.904
            0.455000  0.000000  0.000000
  -37.060  -37.054  -18.086  -18.082  -18.059  -18.043  -18.026  -18.004    3.091    5.178
    5.335    5.475    6.655    6.748    6.942    8.202    8.631    8.907    9.071    9.916
            0.460000  0.000000  0.000000
  -37.060  -37.054  -18.087  -18.082  -18.058  -18.044  -18.027  -18.004    3.133    5.189
    5.336    5.456    6.665    6.736    6.923    8.216    8.640    8.904    9.093    9.925
            0.465000  0.000000  0.000000
  -37.059  -37.054  -18.088  -18.082  -18.057  -18.045  -18.027  -18.005    3.174    5.201
    5.336    5.436    6.676    6.725    6.905    8.230    8.648    8.901    9.114    9.930
            0.470000  0.000000  0.000000
  -37.059  -37.054  -18.088  -18.082  -18.056  -18.046  -18.028  -18.006    3.216    5.212
    5.334    5.417    6.687    6.714    6.887    8.243    8.655    8.898    9.135    9.926
            0.475000  0.000000  0.000000
  -37.059  -37.054  -18.089  -18.083  -18.056  -18.046  -18.029  -18.006    3.258    5.224
    5.332    5.399    6.699    6.703    6.868    8.257    8.662    8.895    9.156    9.910
            0.480000  0.000000  0.000000
  -37.059  -37.054  -18.090  -18.083  -18.055  -18.047  -18.030  -18.007    3.300    5.236
    5.329    5.380    6.692    6.712    6.850    8.270    8.668    8.892    9.176    9.885
            0.485000  0.000000  0.000000
  -37.059  -37.054  -18.090  -18.083  -18.054  -18.048  -18.031  -18.007    3.342    5.248
    5.324    5.362    6.681    6.726    6.832    8.284    8.673    8.889    9.196    9.855
            0.490000  0.000000  0.000000
  -37.059  -37.054  -18.091  -18.083  -18.053  -18.049  -18.031  -18.008    3.384    5.260
    5.319    5.343    6.671    6.739    6.814    8.297    8.677    8.886    9.216    9.820
            0.495000  0.000000  0.000000
  -37.058  -37.054  -18.091  -18.083  -18.052  -18.050  -18.032  -18.008    3.427    5.272
    5.313    5.325    6.661    6.754    6.796    8.310    8.681    8.883    9.234    9.785
            0.500000  0.000000  0.000000
  -37.058  -37.054  -18.092  -18.084  -18.052  -18.051  -18.033  -18.009    3.469    5.285
    5.305    5.307    6.651    6.769    6.778    8.324    8.684    8.880    9.252    9.749
            0.498333  0.003333  0.000000
  -37.058  -37.054  -18.091  -18.083  -18.052  -18.050  -18.033  -18.009    3.455    5.280
    5.305    5.316    6.654    6.764    6.785    8.319    8.683    8.881    9.246    9.761
            0.496667  0.006667  0.000000
  -37.058  -37.054  -18.091  -18.083  -18.052  -18.050  -18.032  -18.008    3.441    5.276
    5.303    5.325    6.656    6.759    6.792    8.315    8.682    8.882    9.240    9.773
            0.495000  0.010000  0.000000
  -37.058  -37.054  -18.091  -18.083  -18.052  -18.050  -18.032  -18.008    3.428    5.272
    5.302    5.333    6.658    6.755    6.800    8.311    8.682    8.883    9.234    9.785
            0.493333  0.013333  0.000000
  -37.059  -37.054  -18.091  -18.083  -18.053  -18.049  -18.032  -18.008    3.414    5.268
    5.301    5.341    6.658    6.751    6.809    8.308    8.682    8.885    9.228    9.797
            0.491667  0.016667  0.000000
  -37.059  -37.054  -18.091  -18.083  -18.053  -18.049  -18.031  -18.008    3.401    5.264
    5.299    5.348    6.659    6.747    6.818    8.304    8.682    8.886    9.222    9.809
            0.490000  0.020000  0.000000
  -37.059  -37.054  -18.091  -18.083  -18.053  -18.049  -18.031  -18.008    3.387    5.259
    5.298    5.354    6.659    6.743    6.828    8.301    8.683    8.888    9.216    9.821
            0.488333  0.023333  0.000000
  -37.059  -37.054  -18.091  -18.083  -18.053  -18.049  -18.030  -18.008    3.374    5.255
    5.296    5.360    6.658    6.740    6.838    8.298    8.683    8.890    9.209    9.833
            0.486667  0.026667  0.000000
  -37.059  -37.054  -18.091  -18.083  -18.054  -18.048  -18.030  -18.007    3.362    5.251
    5.295    5.365    6.658    6.737    6.849    8.295    8.684    8.892    9.203    9.845
            0.485000  0.030000  0.000000
  -37.059  -37.054  -18.092  -18.083  -18.054  -18.048  -18.030  -18.007    3.349    5.247
    5.294    5.369    6.657    6.735    6.860    8.292    8.685    8.894    9.196    9.856
            0.483333  0.033333  0.000000
  -37.059  -37.054  -18.092  -18.083  -18.054  -18.048  -18.029  -18.007    3.337    5.243
    5.292    5.373    6.656    6.732    6.871    8.290    8.686    8.896    9.190    9.868
            0.481667  0.036667  0.000000
  -37.059  -37.054  -18.092  -18.082  -18.054  -18.048  -18.029  -18.007    3.324    5.238
    5.291    5.377    6.655    6.730    6.882    8.288    8.687    8.898    9.183    9.879
            0.480000  0.040000  0.000000
  -37.059  -37.054  -18.092  -18.082  -18.055  -18.047  -18.028  -18.007    3.312    5.234
    5.289    5.380    6.653    6.728    6.894    8.286    8.688    8.901    9.177    9.889
            0.478333  0.043333  0.000000
  -37.059  -37.054  -18.092  -18.082  -18.055  -18.047  -18.028  -18.007    3.300    5.230
    5.288    5.382    6.652    6.727    6.905    8.284    8.690    8.903    9.170    9.899
            0.476667  0.046667  0.000000
  -37.059  -37.054  -18.092  -18.082  -18.055  -18.047  -18.027  -18.006    3.289    5.226
    5.286    5.384    6.651    6.726    6.917    8.283    8.691    8.906    9.164    9.908
            0.475000  0.050000  0.000000
  -37.059  -37.054  -18.093  -18.082  -18.055  -18.047  -18.026  -18.006    3.277    5.222
    5.285    5.385    6.649    6.725    6.928    8.281    8.693    8.909    9.157    9.917
            0.473333  0.053333  0.000000
  -37.059  -37.054  -18.093  -18.082  -18.056  -18.046  -18.026  -18.006    3.266    5.217
    5.283    5.386    6.648    6.724    6.940    8.281    8.694    8.912    9.150    9.924
            0.471667  0.056667  0.000000
  -37.059  -37.054  -18.093  -18.082  -18.056  -18.046  -18.025  -18.006    3.255    5.213
    5.282    5.387    6.646    6.723    6.951    8.280    8.696    8.915    9.143    9.929
            0.470000  0.060000  0.000000
  -37.059  -37.054  -18.093  -18.082  -18.056  -18.046  -18.025  -18.006    3.244    5.209
    5.280    5.387    6.645    6.723    6.963    8.280    8.698    8.918    9.136    9.933
            0.468333  0.063333  0.000000
  -37.059  -37.054  -18.094  -18.082  -18.056  -18.045  -18.024  -18.006    3.234    5.205
    5.279    5.386    6.643    6.723    6.975    8.280    8.700    8.921    9.129    9.935
            0.466667  0.066667  0.000000
  -37.059  -37.054  -18.094  -18.081  -18.057  -18.045  -18.024  -18.005    3.224    5.201
    5.277    5.386    6.642    6.723    6.986    8.280    8.701    8.924    9.122    9.935
            0.465000  0.070000  0.000000
  -37.059  -37.054  -18.094  -18.081  -18.057  -18.045  -18.023  -18.005    3.213    5.197
    5.275    5.385    6.640    6.723    6.998    8.280    8.703    8.928    9.115    9.932
            0.463333  0.073333  0.000000
  -37.059  -37.054  -18.094  -18.081  -18.057  -18.044  -18.023  -18.005    3.204    5.193
    5.274    5.384    6.639    6.723    7.009    8.281    8.705    8.931    9.108    9.928
            0.461667  0.076667  0.000000
  -37.059  -37.054  -18.095  -18.081  -18.057  -18.044  -18.022  -18.005    3.194    5.190
    5.272    5.382    6.637    6.724    7.021    8.282    8.707    8.935    9.101    9.923
            0.460000  0.080000  0.000000
  -37.059  -37.054  -18.095  -18.081  -18.057  -18.044  -18.021  -18.005    3.184    5.186
    5.270    5.381    6.636    6.724    7.032    8.283    8.709    8.938    9.094    9.917
            0.458333  0.083333  0.000000
  -37.059  -37.054  -18.095  -18.081  -18.058  -18.043  -18.021  -18.005    3.175    5.182
    5.268    5.379    6.634    6.725    7.043    8.285    8.710    8.942    9.087    9.910
            0.456667  0.086667  0.000000
  -37.060  -37.054  -18.095  -18.081  -18.058  -18.043  -18.020  -18.005    3.166    5.178
    5.266    5.377    6.633    6.726    7.054    8.287    8.712    8.946    9.079    9.903
            0.455000  0.090000  0.000000
  -37.060  -37.054  -18.096  -18.081  -18.058  -18.043  -18.020  -18.004    3.157    5.175
    5.264    5.374    6.632    6.727    7.065    8.289    8.714    8.950    9.072    9.896
            0.453333  0.093333  0.000000
  -37.060  -37.054  -18.096  -18.081  -18.058  -18.042  -18.019  -18.004    3.149    5.171
    5.262    5.372    6.630    6.728    7.076    8.292    8.716    8.954    9.065    9.888
            0.451667  0.096667  0.000000
  -37.060  -37.054  -18.096  -18.081  -18.058  -18.042  -18.019  -18.004    3.141    5.168
    5.260    5.370    6.629    6.729    7.086    8.294    8.718    8.958    9.057    9.880
            0.450000  0.100000  0.000000
  -37.060  -37.054  -18.096  -18.081  -18.059  -18.042  -18.018  -18.004    3.133    5.164
    5.258    5.367    6.627    6.730    7.097    8.297    8.719    8.962    9.050    9.873
            0.448333  0.103333  0.000000
  -37.060  -37.054  -18.096  -18.081  -18.059  -18.042  -18.018  -18.004    3.125    5.161
    5.255    5.364    6.626    6.731    7.107    8.301    8.721    8.966    9.042    9.865
            0.446667  0.106667  0.000000
  -37.060  -37.054  -18.097  -18.081  -18.059  -18.041  -18.017  -18.004    3.117    5.158
    5.253    5.362    6.625    6.732    7.117    8.304    8.723    8.970    9.035    9.857
            0.445000  0.110000  0.000000
  -37.060  -37.054  -18.097  -18.081  -18.059  -18.041  -18.017  -18.004    3.110    5.155
    5.250    5.359    6.624    6.734    7.127    8.308    8.724    8.975    9.027    9.850
            0.443333  0.113333  0.000000
  -37.060  -37.054  -18.097  -18.081  -18.059  -18.041  -18.016  -18.004    3.103    5.151
    5.248    5.357    6.622    6.735    7.137    8.312    8.726    8.979    9.019    9.843
            0.441667  0.116667  0.000000
  -37.060  -37.054  -18.097  -18.081  -18.060  -18.040  -18.015  -18.004    3.096    5.148
    5.245    5.354    6.621    6.736    7.147    8.316    8.727    8.983    9.012    9.835
            0.440000  0.120000  0.000000
  -37.060  -37.054  -18.098  -18.081  -18.060  -18.040  -18.015  -18.003    3.089    5.145
    5.242    5.351    6.620    6.738    7.156    8.321    8.729    8.987    9.004    9.828
            0.438333  0.123333  0.000000
  -37.060  -37.054  -18.098  -18.081  -18.060  -18.040  -18.015  -18.003    3.083    5.143
    5.239    5.349    6.619    6.739    7.165    8.326    8.730    8.992    8.997    9.821
            0.436667  0.126667  0.000000
  -37.060  -37.054  -18.098  -18.081  -18.060  -18.039  -18.014  -18.003    3.077    5.140
    5.236    5.347    6.617    6.740    7.174    8.331    8.731    8.989    8.996    9.814
            0.435000  0.130000  0.000000
  -37.060  -37.054  -18.098  -18.081  -18.060  -18.039  -18.014  -18.003    3.071    5.137
    5.233    5.344    6.616    6.741    7.183    8.336    8.733    8.981    9.000    9.807
            0.433333  0.133333  0.000000
  -37.060  -37.054  -18.098  -18.082  -18.060  -18.039  -18.013  -18.003    3.065    5.134
    5.230    5.342    6.615    6.743    7.191    8.341    8.734    8.974    9.004    9.801
            0.431667  0.136667  0.000000
  -37.060  -37.054  -18.099  -18.082  -18.060  -18.038  -18.013  -18.003    3.060    5.132
    5.227    5.340    6.614    6.744    7.199    8.347    8.735    8.966    9.009    9.795
            0.430000  0.140000  0.000000
  -37.060  -37.054  -18.099  -18.082  -18.061  -18.038  -18.012  -18.003    3.055    5.130
    5.224    5.338    6.613    6.745    7.207    8.353    8.736    8.958    9.013    9.789
            0.428333  0.143333  0.000000
  -37.060  -37.055  -18.099  -18.082  -18.061  -18.038  -18.012  -18.003    3.050    5.127
    5.221    5.336    6.612    6.747    7.215    8.359    8.737    8.951    9.017    9.783
            0.426667  0.146667  0.000000
  -37.060  -37.055  -18.099  -18.082  -18.061  -18.038  -18.011  -18.003    3.046    5.125
    5.218    5.334    6.610    6.748    7.222    8.365    8.738    8.943    9.021    9.777
            0.425000  0.150000  0.000000
  -37.060  -37.055  -18.099  -18.082  -18.061  -18.037  -18.011  -18.003    3.041    5.123
    5.214    5.332    6.609    6.749    7.230    8.371    8.739    8.936    9.025    9.771
            0.423333  0.153333  0.000000
  -37.060  -37.055  -18.100  -18.082  -18.061  -18.037  -18.011  -18.003    3.037    5.121
    5.211    5.331    6.608    6.750    7.236    8.378    8.740    8.929    9.029    9.766
            0.421667  0.156667  0.000000
  -37.060  -37.055  -18.100  -18.082  -18.061  -18.037  -18.010  -18.003    3.034    5.119
    5.208    5.329    6.607    6.751    7.243    8.384    8.741    8.922    9.033    9.761
            0.420000  0.160000  0.000000
  -37.060  -37.055  -18.100  -18.082  -18.061  -18.037  -18.010  -18.003    3.030    5.117
    5.205    5.328    6.606    6.752    7.249    8.391    8.741    8.914    9.037    9.756
            0.418333  0.163333  0.000000
  -37.060  -37.055  -18.100  -18.082  -18.061  -18.036  -18.010  -18.002    3.027    5.115
    5.201    5.326    6.605    6.753    7.255    8.397    8.742    8.908    9.040    9.751
            0.416667  0.166667  0.000000
  -37.060  -37.055  -18.100  -18.082  -18.061  -18.036  -18.009  -18.002    3.024    5.114
    5.198    5.325    6.604    6.754    7.261    8.404    8.743    8.901    9.044    9.747
            0.415000  0.170000  0.000000
  -37.060  -37.055  -18.100  -18.082  -18.061  -18.036  -18.009  -18.002    3.021    5.112
    5.195    5.324    6.603    6.755    7.267    8.411    8.743    8.894    9.047    9.743
            0.413333  0.173333  0.000000
  -37.060  -37.055  -18.101  -18.082  -18.061  -18.036  -18.009  -18.002    3.019    5.111
    5.192    5.323    6.602    6.756    7.272    8.417    8.743    8.888    9.050    9.739
            0.411667  0.176667  0.000000
  -37.060  -37.055  -18.101  -18.082  -18.062  -18.036  -18.009  -18.002    3.016    5.109
    5.189    5.322    6.601    6.757    7.276    8.424    8.744    8.882    9.053    9.735
            0.410000  0.180000  0.000000
  -37.060  -37.055  -18.101  -18.083  -18.062  -18.035  -18.008  -18.002    3.015    5.108
    5.186    5.321    6.600    6.757    7.281    8.430    8.744    8.877    9.056    9.732
            0.408333  0.183333  0.000000
  -37.060  -37.055  -18.101  -18.083  -18.062  -18.035  -18.008  -18.002    3.013    5.107
    5.183    5.321    6.600    6.758    7.285    8.437    8.744    8.871    9.059    9.728
            0.406667  0.186667  0.000000
  -37.060  -37.055  -18.101  -18.083  -18.062  -18.035  -18.008  -18.002    3.012    5.106
    5.180    5.320    6.599    6.759    7.289    8.443    8.744    8.867    9.062    9.725
            0.405000  0.190000  0.000000
  -37.060  -37.055  -18.101  -18.083  -18.062  -18.035  -18.008  -18.002    3.010    5.105
    5.178    5.319    6.598    6.760    7.292    8.449    8.744    8.862    9.064    9.723
            0.403333  0.193333  0.000000
  -37.060  -37.055  -18.101  -18.083  -18.062  -18.035  -18.008  -18.002    3.010    5.104
    5.175    5.319    6.597    6.760    7.295    8.455    8.744    8.858    9.066    9.720
            0.401667  0.196667  0.000000
  -37.060  -37.055  -18.101  -18.083  -18.062  -18.035  -18.007  -18.002    3.009    5.104
    5.172    5.318    6.596    6.761    7.298    8.461    8.743    8.854    9.068    9.718
            0.400000  0.200000  0.000000
  -37.060  -37.055  -18.101  -18.083  -18.062  -18.035  -18.007  -18.002    3.009    5.103
    5.170    5.318    6.595    6.761    7.301    8.466    8.743    8.851    9.070    9.716
            0.398333  0.203333  0.000000
  -37.060  -37.055  -18.102  -18.083  -18.062  -18.035  -18.007  -18.002    3.009    5.103
    5.168    5.318    6.594    6.762    7.303    8.471    8.743    8.849    9.072    9.714
            0.396667  0.206667  0.000000
  -37.060  -37.055  -18.102  -18.083  -18.062  -18.035  -18.007  -18.002    3.009    5.102
    5.165    5.318    6.594    6.762    7.304    8.475    8.743    8.847    9.073    9.712
            0.395000  0.210000  0.000000
  -37.060  -37.055  -18.102  -18.083  -18.062  -18.034  -18.007  -18.002    3.009    5.102
    5.163    5.318    6.593    6.763    7.306    8.479    8.743    8.845    9.074    9.711
            0.393333  0.213333  0.000000
  -37.060  -37.055  -18.102  -18.083  -18.062  -18.034  -18.007  -18.002    3.010    5.102
    5.161    5.318    6.592    6.763    7.307    8.482    8.743    8.844    9.075    9.710
            0.391667  0.216667  0.000000
  -37.060  -37.055  -18.102  -18.083  -18.062  -18.034  -18.007  -18.002    3.011    5.102
    5.159    5.318    6.591    6.763    7.308    8.485    8.744    8.843    9.076    9.709
            0.390000  0.220000  0.000000
  -37.060  -37.055  -18.102  -18.083  -18.062  -18.034  -18.007  -18.002    3.013    5.102
    5.158    5.318    6.591    6.764    7.308    8.487    8.745    8.843    9.076    9.708
            0.388333  0.223333  0.000000
  -37.060  -37.055  -18.102  -18.083  -18.062  -18.034  -18.007  -18.002    3.014    5.102
    5.156    5.318    6.590    6.764    7.308    8.488    8.745    8.843    9.076    9.708
            0.386667  0.226667  0.000000
  -37.060  -37.055  -18.102  -18.083  -18.062  -18.034  -18.007  -18.002    3.016    5.103
    5.154    5.319    6.589    6.764    7.308    8.489    8.747    8.844    9.076    9.708
            0.385000  0.230000  0.000000
  -37.060  -37.055  -18.102  -18.083  -18.062  -18.034  -18.007  -18.002    3.018    5.103
    5.153    5.319    6.588    6.765    7.307    8.489    8.748    8.846    9.076    9.708
            0.383333  0.233333  0.000000
  -37.060  -37.055  -18.102  -18.083  -18.062  -18.035  -18.007  -18.002    3.020    5.104
    5.152    5.320    6.588    6.765    7.306    8.489    8.750    8.848    9.076    9.709
            0.381667  0.236667  0.000000
  -37.060  -37.055  -18.102  -18.083  -18.062  -18.035  -18.007  -18.002    3.023    5.105
    5.151    5.320    6.587    6.765    7.305    8.488    8.751    8.850    9.075    9.710
            0.380000  0.240000  0.000000
  -37.060  -37.055  -18.102  -18.083  -18.062  -18.035  -18.007  -18.002    3.026    5.105
    5.150    5.321    6.587    6.765    7.303    8.486    8.753    8.853    9.074    9.711
            0.378333  0.243333  0.000000
  -37.060  -37.055  -18.102  -18.083  -18.061  -18.035  -18.007  -18.002    3.029    5.106
    5.149    5.322    6.586    6.765    7.301    8.484    8.755    8.857    9.073    9.712
            0.376667  0.246667  0.000000
  -37.060  -37.055  -18.102  -18.083  -18.061  -18.035  -18.007  -18.002    3.033    5.107
    5.148    5.322    6.585    6.765    7.298    8.482    8.758    8.861    9.071    9.714
            0.375000  0.250000  0.000000
  -37.060  -37.055  -18.102  -18.084  -18.061  -18.035  -18.008  -18.002    3.037    5.109
    5.147    5.323    6.585    6.765    7.295    8.478    8.760    8.866    9.070    9.715
            0.373333  0.253333  0.000000
  -37.060  -37.055  -18.102  -18.084  -18.061  -18.035  -18.008  -18.002    3.041    5.110
    5.146    5.324    6.584    6.765    7.292    8.475    8.762    8.871    9.068    9.718
            0.371667  0.256667  0.000000
  -37.060  -37.055  -18.102  -18.084  -18.061  -18.035  -18.008  -18.003    3.045    5.111
    5.146    5.325    6.584    6.765    7.289    8.471    8.764    8.876    9.066    9.720
            0.370000  0.260000  0.000000
  -37.060  -37.055  -18.102  -18.084  -18.061  -18.035  -18.008  -18.003    3.049    5.113
    5.146    5.327    6.583    6.765    7.285    8.467    8.766    8.882    9.063    9.723
            0.368333  0.263333  0.000000
  -37.060  -37.055  -18.102  -18.084  -18.061  -18.036  -18.008  -18.003    3.054    5.114
    5.145    5.328    6.582    6.765    7.281    8.463    8.767    8.889    9.061    9.726
            0.366667  0.266667  0.000000
  -37.060  -37.055  -18.102  -18.084  -18.061  -18.036  -18.009  -18.003    3.059    5.116
    5.145    5.329    6.582    6.765    7.276    8.458    8.769    8.896    9.058    9.729
            0.365000  0.270000  0.000000
  -37.060  -37.055  -18.102  -18.084  -18.061  -18.036  -18.009  -18.003    3.065    5.118
    5.145    5.331    6.582    6.765    7.271    8.453    8.771    8.903    9.055    9.733
            0.363333  0.273333  0.000000
  -37.060  -37.055  -18.102  -18.084  -18.061  -18.036  -18.009  -18.003    3.070    5.120
    5.145    5.332    6.581    6.765    7.266    8.448    8.772    8.911    9.052    9.737
            0.361667  0.276667  0.000000
  -37.060  -37.055  -18.102  -18.084  -18.060  -18.036  -18.009  -18.003    3.076    5.122
    5.145    5.334    6.581    6.765    7.261    8.443    8.773    8.919    9.049    9.741
            0.360000  0.280000  0.000000
  -37.060  -37.054  -18.102  -18.084  -18.060  -18.037  -18.010  -18.003    3.082    5.124
    5.145    5.335    6.580    6.765    7.255    8.438    8.774    8.927    9.046    9.746
            0.358333  0.283333  0.000000
  -37.060  -37.054  -18.102  -18.084  -18.060  -18.037  -18.010  -18.003    3.089    5.127
    5.145    5.337    6.580    6.765    7.249    8.433    8.775    8.936    9.042    9.750
            0.356667  0.286667  0.000000
  -37.060  -37.054  -18.102  -18.084  -18.060  -18.037  -18.010  -18.003    3.095    5.129
    5.145    5.339    6.579    6.765    7.242    8.428    8.776    8.945    9.039    9.756
            0.355000  0.290000  0.000000
  -37.060  -37.054  -18.102  -18.083  -18.060  -18.037  -18.011  -18.003    3.102    5.132
    5.146    5.340    6.579    6.765    7.235    8.423    8.777    8.953    9.035    9.761
            0.353333  0.293333  0.000000
  -37.060  -37.054  -18.101  -18.083  -18.060  -18.038  -18.011  -18.003    3.109    5.134
    5.146    5.342    6.579    6.764    7.228    8.418    8.777    8.962    9.031    9.767
            0.351667  0.296667  0.000000
  -37.060  -37.054  -18.101  -18.083  -18.060  -18.038  -18.011  -18.004    3.117    5.137
    5.147    5.344    6.578    6.764    7.221    8.413    8.778    8.972    9.027    9.773
            0.350000  0.300000  0.000000
  -37.060  -37.054  -18.101  -18.083  -18.059  -18.038  -18.012  -18.004    3.125    5.140
    5.147    5.346    6.578    6.764    7.213    8.408    8.778    8.981    9.023    9.780
            0.348333  0.303333  0.000000
  -37.060  -37.054  -18.101  -18.083  -18.059  -18.038  -18.012  -18.004    3.133    5.143
    5.148    5.348    6.578    6.764    7.205    8.403    8.778    8.990    9.019    9.787
            0.346667  0.306667  0.000000
  -37.060  -37.054  -18.101  -18.083  -18.059  -18.039  -18.013  -18.004    3.141    5.146
    5.148    5.350    6.577    6.764    7.197    8.398    8.778    8.999    9.015    9.794
            0.345000  0.310000  0.000000
  -37.060  -37.054  -18.101  -18.083  -18.059  -18.039  -18.013  -18.004    3.149    5.149
    5.149    5.352    6.577    6.764    7.188    8.394    8.778    9.009    9.011    9.801
            0.343333  0.313333  0.000000
  -37.060  -37.054  -18.101  -18.083  -18.059  -18.039  -18.013  -18.004    3.158    5.150
    5.152    5.354    6.577    6.764    7.180    8.389    8.777    9.007    9.018    9.809
            0.341667  0.316667  0.000000
  -37.060  -37.054  -18.101  -18.083  -18.059  -18.040  -18.014  -18.004    3.167    5.150
    5.156    5.356    6.577    6.764    7.171    8.385    8.777    9.002    9.027    9.817
            0.340000  0.320000  0.000000
  -37.060  -37.054  -18.100  -18.083  -18.058  -18.040  -18.014  -18.004    3.176    5.151
    5.159    5.358    6.577    6.764    7.161    8.381    8.777    8.998    9.037    9.826
            0.338333  0.323333  0.000000
  -37.060  -37.054  -18.100  -18.083  -18.058  -18.041  -18.015  -18.004    3.185    5.152
    5.163    5.360    6.577    6.764    7.152    8.377    8.776    8.994    9.046    9.835
            0.336667  0.326667  0.000000
  -37.060  -37.054  -18.100  -18.083  -18.058  -18.041  -18.015  -18.005    3.195    5.153
    5.167    5.363    6.576    6.764    7.142    8.373    8.775    8.989    9.055    9.844
            0.335000  0.330000  0.000000
  -37.059  -37.054  -18.100  -18.083  -18.058  -18.041  -18.016  -18.005    3.205    5.153
    5.170    5.365    6.576    6.764    7.132    8.370    8.774    8.985    9.065    9.853
            0.333333  0.333333  0.000000
  -37.059  -37.054  -18.100  -18.083  -18.057  -18.042  -18.016  -18.005    3.215    5.154
    5.174    5.366    6.576    6.764    7.122    8.366    8.773    8.980    9.074    9.863
            0.330000  0.330000  0.000000
  -37.060  -37.054  -18.099  -18.083  -18.058  -18.041  -18.016  -18.004    3.176    5.166
    5.183    5.363    6.590    6.755    7.131    8.351    8.760    8.982    9.053    9.853
            0.326667  0.326667  0.000000
  -37.060  -37.054  -18.098  -18.082  -18.059  -18.041  -18.016  -18.004    3.138    5.157
    5.211    5.358    6.604    6.746    7.140    8.336    8.745    8.983    9.033    9.843
            0.323333  0.323333  0.000000
  -37.060  -37.054  -18.098  -18.081  -18.060  -18.040  -18.015  -18.004    3.099    5.148
    5.239    5.354    6.618    6.738    7.149    8.321    8.730    8.985    9.012    9.834
            0.320000  0.320000  0.000000
  -37.060  -37.054  -18.097  -18.081  -18.060  -18.040  -18.015  -18.003    3.061    5.140
    5.266    5.349    6.632    6.730    7.159    8.306    8.715    8.986    8.991    9.825
            0.316667  0.316667  0.000000
  -37.060  -37.055  -18.096  -18.080  -18.061  -18.039  -18.015  -18.003    3.023    5.131
    5.291    5.346    6.647    6.723    7.168    8.290    8.699    8.970    8.987    9.816
            0.313333  0.313333  0.000000
  -37.060  -37.055  -18.095  -18.079  -18.062  -18.039  -18.014  -18.002    2.985    5.123
    5.309    5.349    6.662    6.716    7.178    8.275    8.682    8.949    8.989    9.809
            0.310000  0.310000  0.000000
  -37.060  -37.055  -18.094  -18.079  -18.062  -18.038  -18.014  -18.002    2.947    5.114
    5.313    5.365    6.677    6.710    7.188    8.260    8.665    8.927    8.990    9.802
            0.306667  0.306667  0.000000
  -37.061  -37.055  -18.093  -18.078  -18.063  -18.038  -18.013  -18.001    2.909    5.106
    5.308    5.389    6.692    6.704    7.198    8.245    8.647    8.906    8.991    9.796
            0.303333  0.303333  0.000000
  -37.061  -37.055  -18.093  -18.077  -18.064  -18.037  -18.013  -18.001    2.871    5.097
    5.301    5.415    6.699    6.708    7.208    8.230    8.629    8.884    8.992    9.791
            0.300000  0.300000  0.000000
  -37.061  -37.055  -18.092  -18.076  -18.065  -18.037  -18.013  -18.000    2.834    5.089
    5.292    5.442    6.695    6.724    7.218    8.215    8.610    8.863    8.993    9.786
            0.296667  0.296667  0.000000
  -37.061  -37.055  -18.091  -18.076  -18.065  -18.036  -18.012  -18.000    2.797    5.080
    5.282    5.469    6.691    6.739    7.228    8.200    8.591    8.841    8.994    9.782
            0.293333  0.293333  0.000000
  -37.061  -37.055  -18.090  -18.075  -18.066  -18.036  -18.012  -18.000    2.760    5.072
    5.270    5.496    6.688    6.755    7.239    8.185    8.571    8.819    8.995    9.780
            0.290000  0.290000  0.000000
  -37.061  -37.055  -18.089  -18.074  -18.067  -18.035  -18.011  -17.999    2.723    5.064
    5.259    5.523    6.686    6.772    7.249    8.170    8.551    8.798    8.996    9.777
            0.286667  0.286667  0.000000
  -37.061  -37.055  -18.088  -18.073  -18.067  -18.035  -18.011  -17.999    2.687    5.056
    5.246    5.550    6.684    6.788    7.260    8.156    8.530    8.776    8.997    9.776
            0.283333  0.283333  0.000000
  -37.062  -37.055  -18.087  -18.072  -18.068  -18.034  -18.011  -17.998    2.650    5.048
    5.233    5.577    6.683    6.804    7.270    8.141    8.509    8.754    8.998    9.775
            0.280000  0.280000  0.000000
  -37.062  -37.055  -18.086  -18.071  -18.069  -18.034  -18.010  -17.998    2.614    5.040
    5.218    5.604    6.684    6.821    7.281    8.126    8.488    8.733    8.999    9.775
            0.276667  0.276667  0.000000
  -37.062  -37.055  -18.085  -18.070  -18.070  -18.033  -18.010  -17.997    2.578    5.032
    5.204    5.630    6.684    6.838    7.292    8.112    8.466    8.711    8.999    9.775
            0.273333  0.273333  0.000000
  -37.062  -37.055  -18.083  -18.070  -18.069  -18.032  -18.009  -17.997    2.543    5.024
    5.188    5.657    6.686    6.854    7.303    8.097    8.444    8.689    9.000    9.776
            0.270000  0.270000  0.000000
  -37.062  -37.055  -18.082  -18.071  -18.068  -18.032  -18.009  -17.997    2.508    5.016
    5.172    5.683    6.688    6.871    7.314    8.082    8.422    8.668    9.000    9.777
            0.266667  0.266667  0.000000
  -37.062  -37.055  -18.081  -18.072  -18.067  -18.031  -18.009  -17.996    2.473    5.009
    5.155    5.709    6.691    6.888    7.325    8.068    8.400    8.646    9.001    9.779
            0.263333  0.263333  0.000000
  -37.063  -37.055  -18.080  -18.073  -18.066  -18.031  -18.008  -17.996    2.438    5.001
    5.138    5.735    6.695    6.906    7.336    8.054    8.378    8.624    9.001    9.782
            0.260000  0.260000  0.000000
  -37.063  -37.055  -18.079  -18.073  -18.065  -18.030  -18.008  -17.995    2.403    4.994
    5.120    5.761    6.700    6.923    7.347    8.039    8.356    8.603    9.002    9.784
            0.256667  0.256667  0.000000
  -37.063  -37.055  -18.078  -18.074  -18.064  -18.030  -18.007  -17.995    2.369    4.987
    5.102    5.787    6.705    6.940    7.358    8.025    8.333    8.581    9.002    9.788
            0.253333  0.253333  0.000000
  -37.063  -37.055  -18.077  -18.075  -18.063  -18.029  -18.007  -17.995    2.335    4.980
    5.083    5.813    6.711    6.958    7.369    8.011    8.310    8.560    9.002    9.791
            0.250000  0.250000  0.000000
  -37.063  -37.055  -18.076  -18.075  -18.062  -18.029  -18.007  -17.994    2.302    4.973
    5.064    5.839    6.718    6.975    7.381    7.997    8.288    8.538    9.002    9.795
            0.246667  0.246667  0.000000
  -37.063  -37.055  -18.076  -18.074  -18.061  -18.028  -18.006  -17.994    2.269    4.966
    5.044    5.864    6.725    6.993    7.392    7.983    8.265    8.517    9.002    9.799
            0.243333  0.243333  0.000000
  -37.064  -37.056  -18.077  -18.073  -18.059  -18.028  -18.006  -17.993    2.236    4.959
    5.024    5.890    6.733    7.011    7.403    7.969    8.243    8.496    9.002    9.804
            0.240000  0.240000  0.000000
  -37.064  -37.056  -18.078  -18.072  -18.058  -18.027  -18.005  -17.993    2.203    4.952
    5.003    5.915    6.742    7.028    7.415    7.955    8.220    8.475    9.002    9.808
            0.236667  0.236667  0.000000
  -37.064  -37.056  -18.079  -18.070  -18.057  -18.027  -18.005  -17.993    2.171    4.946
    4.982    5.941    6.751    7.046    7.426    7.941    8.198    8.453    9.002    9.813
            0.233333  0.233333  0.000000
  -37.064  -37.056  -18.079  -18.069  -18.056  -18.026  -18.005  -17.992    2.139    4.939
    4.961    5.966    6.761    7.064    7.438    7.928    8.175    8.432    9.002    9.818
            0.230000  0.230000  0.000000
  -37.064  -37.056  -18.080  -18.068  -18.055  -18.026  -18.004  -17.992    2.107    4.933
    4.940    5.991    6.771    7.082    7.449    7.914    8.153    8.411    9.001    9.817
            0.226667  0.226667  0.000000
  -37.064  -37.056  -18.081  -18.067  -18.053  -18.025  -18.004  -17.992    2.076    4.918
    4.927    6.016    6.782    7.100    7.461    7.901    8.131    8.391    9.001    9.795
            0.223333  0.223333  0.000000
  -37.065  -37.056  -18.082  -18.065  -18.052  -18.025  -18.003  -17.991    2.045    4.896
    4.921    6.041    6.793    7.118    7.472    7.887    8.109    8.370    9.001    9.772
            0.220000  0.220000  0.000000
  -37.065  -37.056  -18.082  -18.064  -18.051  -18.024  -18.003  -17.991    2.014    4.874
    4.915    6.066    6.805    7.136    7.483    7.874    8.087    8.349    9.000    9.750
            0.216667  0.216667  0.000000
  -37.065  -37.056  -18.083  -18.063  -18.050  -18.024  -18.003  -17.991    1.984    4.852
    4.909    6.090    6.817    7.154    7.495    7.861    8.065    8.329    8.999    9.728
            0.213333  0.213333  0.000000
  -37.065  -37.056  -18.084  -18.061  -18.048  -18.023  -18.002  -17.990    1.954    4.830
    4.903    6.115    6.830    7.173    7.506    7.848    8.043    8.308    8.999    9.707
            0.210000  0.210000  0.000000
  -37.065  -37.056  -18.084  -18.060  -18.047  -18.023  -18.002  -17.990    1.925    4.808
    4.898    6.139    6.843    7.191    7.518    7.835    8.022    8.288    8.998    9.685
            0.206667  0.206667  0.000000
  -37.065  -37.056  -18.085  -18.059  -18.046  -18.022  -18.001  -17.990    1.896    4.785
    4.892    6.164    6.856    7.209    7.529    7.822    8.001    8.268    8.997    9.664
            0.203333  0.203333  0.000000
  -37.066  -37.056  -18.086  -18.058  -18.045  -18.022  -18.001  -17.989    1.867    4.763
    4.887    6.188    6.870    7.227    7.541    7.810    7.980    8.248    8.996    9.642
            0.200000  0.200000  0.000000
  -37.066  -37.056  -18.087  -18.056  -18.043  -18.021  -18.001  -17.989    1.839    4.741
    4.882    6.212    6.884    7.245    7.552    7.797    7.959    8.229    8.995    9.621
            0.196667  0.196667  0.000000
  -37.066  -37.057  -18.087  -18.055  -18.042  -18.021  -18.000  -17.989    1.811    4.718
    4.877    6.236    6.898    7.264    7.564    7.785    7.939    8.209    8.994    9.600
            0.193333  0.193333  0.000000
  -37.066  -37.057  -18.088  -18.054  -18.041  -18.020  -18.000  -17.988    1.783    4.696
    4.872    6.260    6.912    7.282    7.575    7.772    7.919    8.190    8.992    9.580
            0.190000  0.190000  0.000000
  -37.066  -37.057  -18.089  -18.052  -18.039  -18.020  -18.000  -17.988    1.756    4.674
    4.867    6.284    6.927    7.300    7.586    7.760    7.899    8.171    8.991    9.559
            0.186667  0.186667  0.000000
  -37.066  -37.057  -18.089  -18.051  -18.038  -18.019  -17.999  -17.988    1.729    4.651
    4.862    6.308    6.942    7.318    7.598    7.748    7.879    8.152    8.990    9.539
            0.183333  0.183333  0.000000
  -37.067  -37.057  -18.090  -18.050  -18.037  -18.019  -17.999  -17.987    1.703    4.629
    4.858    6.332    6.957    7.336    7.609    7.736    7.860    8.133    8.988    9.519
            0.180000  0.180000  0.000000
  -37.067  -37.057  -18.091  -18.049  -18.036  -18.018  -17.999  -17.987    1.677    4.607
    4.853    6.355    6.973    7.354    7.620    7.724    7.840    8.115    8.986    9.499
            0.176667  0.176667  0.000000
  -37.067  -37.057  -18.091  -18.047  -18.034  -18.018  -17.998  -17.987    1.651    4.586
    4.849    6.379    6.988    7.373    7.631    7.713    7.822    8.096    8.985    9.479
            0.173333  0.173333  0.000000
  -37.067  -37.057  -18.092  -18.046  -18.033  -18.017  -17.998  -17.987    1.626    4.564
    4.844    6.402    7.004    7.391    7.642    7.701    7.803    8.078    8.983    9.460
            0.170000  0.170000  0.000000
  -37.067  -37.057  -18.092  -18.045  -18.032  -18.017  -17.998  -17.986    1.601    4.543
    4.840    6.425    7.020    7.409    7.653    7.690    7.785    8.061    8.981    9.441
            0.166667  0.166667  0.000000
  -37.067  -37.057  -18.093  -18.043  -18.030  -18.016  -17.997  -17.986    1.577    4.521
    4.836    6.448    7.035    7.427    7.664    7.678    7.767    8.043    8.979    9.421
            0.163333  0.163333  0.000000
  -37.068  -37.057  -18.094  -18.042  -18.029  -18.016  -17.997  -17.986    1.553    4.500
    4.832    6.471    7.051    7.444    7.667    7.675    7.749    8.026    8.977    9.403
            0.160000  0.160000  0.000000
  -37.068  -37.057  -18.094  -18.041  -18.028  -18.015  -17.997  -17.986    1.530    4.479
    4.829    6.494    7.067    7.462    7.656    7.686    7.732    8.009    8.975    9.384
            0.156667  0.156667  0.000000
  -37.068  -37.057  -18.095  -18.040  -18.027  -18.015  -17.996  -17.985    1.507    4.459
    4.825    6.516    7.083    7.480    7.645    7.697    7.715    7.992    8.973    9.366
            0.153333  0.153333  0.000000
  -37.068  -37.057  -18.095  -18.039  -18.026  -18.014  -17.996  -17.985    1.484    4.439
    4.821    6.539    7.099    7.498    7.634    7.698    7.708    7.976    8.971    9.348
            0.150000  0.150000  0.000000
  -37.068  -37.058  -18.096  -18.037  -18.024  -18.014  -17.996  -17.985    1.462    4.419
    4.818    6.561    7.115    7.515    7.623    7.682    7.718    7.960    8.969    9.330
            0.146667  0.146667  0.000000
  -37.068  -37.058  -18.097  -18.036  -18.023  -18.013  -17.996  -17.985    1.440    4.399
    4.814    6.583    7.131    7.533    7.613    7.666    7.729    7.944    8.966    9.312
            0.143333  0.143333  0.000000
  -37.068  -37.058  -18.097  -18.035  -18.022  -18.013  -17.995  -17.984    1.419    4.379
    4.811    6.605    7.147    7.550    7.602    7.651    7.739    7.929    8.964    9.294
            0.140000  0.140000  0.000000
  -37.069  -37.058  -18.098  -18.034  -18.021  -18.012  -17.995  -17.984    1.398    4.360
    4.808    6.626    7.163    7.567    7.592    7.636    7.750    7.913    8.961    9.277
            0.136667  0.136667  0.000000
  -37.069  -37.058  -18.098  -18.033  -18.020  -18.012  -17.995  -17.984    1.378    4.341
    4.805    6.648    7.179    7.581    7.584    7.621    7.760    7.898    8.959    9.260
            0.133333  0.133333  0.000000
  -37.069  -37.058  -18.099  -18.032  -18.019  -18.011  -17.994  -17.984    1.358    4.323
    4.802    6.669    7.195    7.571    7.601    7.607    7.770    7.884    8.956    9.244
            0.130000  0.130000  0.000000
  -37.069  -37.058  -18.099  -18.030  -18.018  -18.011  -17.994  -17.984    1.338    4.305
    4.799    6.690    7.210    7.560    7.594    7.618    7.780    7.870    8.953    9.227
            0.126667  0.126667  0.000000
  -37.069  -37.058  -18.100  -18.029  -18.017  -18.010  -17.994  -17.983    1.319    4.287
    4.796    6.711    7.226    7.550    7.581    7.635    7.790    7.856    8.950    9.211
            0.123333  0.123333  0.000000
  -37.069  -37.058  -18.100  -18.028  -18.016  -18.009  -17.994  -17.983    1.301    4.270
    4.794    6.731    7.241    7.539    7.569    7.651    7.800    7.842    8.948    9.195
            0.120000  0.120000  0.000000
  -37.069  -37.058  -18.101  -18.027  -18.016  -18.009  -17.993  -17.983    1.283    4.253
    4.791    6.751    7.256    7.529    7.557    7.667    7.810    7.829    8.945    9.180
            0.116667  0.116667  0.000000
  -37.070  -37.058  -18.101  -18.026  -18.015  -18.008  -17.993  -17.983    1.265    4.236
    4.789    6.771    7.271    7.518    7.546    7.684    7.816    7.820    8.942    9.164
            0.113333  0.113333  0.000000
  -37.070  -37.058  -18.102  -18.025  -18.014  -18.007  -17.993  -17.983    1.248    4.220
    4.786    6.791    7.285    7.507    7.536    7.699    7.803    7.829    8.939    9.149
            0.110000  0.110000  0.000000
  -37.070  -37.058  -18.102  -18.024  -18.014  -18.006  -17.993  -17.982    1.231    4.204
    4.784    6.810    7.299    7.496    7.526    7.715    7.791    7.838    8.936    9.134
            0.106667  0.106667  0.000000
  -37.070  -37.058  -18.103  -18.023  -18.013  -18.006  -17.993  -17.982    1.215    4.188
    4.782    6.830    7.313    7.486    7.517    7.731    7.779    7.848    8.933    9.120
            0.103333  0.103333  0.000000
  -37.070  -37.058  -18.103  -18.022  -18.013  -18.005  -17.992  -17.982    1.199    4.173
    4.779    6.848    7.326    7.475    7.508    7.746    7.767    7.857    8.930    9.106
            0.100000  0.100000  0.000000
  -37.070  -37.059  -18.103  -18.021  -18.012  -18.004  -17.992  -17.982    1.184    4.158
    4.777    6.867    7.339    7.465    7.500    7.756    7.761    7.865    8.927    9.092
            0.096667  0.096667  0.000000
  -37.070  -37.059  -18.104  -18.020  -18.012  -18.003  -17.992  -17.982    1.169    4.144
    4.775    6.885    7.351    7.455    7.492    7.745    7.775    7.874    8.924    9.078
            0.093333  0.093333  0.000000
  -37.070  -37.059  -18.104  -18.019  -18.011  -18.002  -17.992  -17.982    1.155    4.130
    4.773    6.903    7.362    7.446    7.485    7.734    7.790    7.883    8.920    9.065
            0.090000  0.090000  0.000000
  -37.070  -37.059  -18.105  -18.019  -18.011  -18.001  -17.992  -17.982    1.141    4.117
    4.772    6.921    7.372    7.437    7.479    7.724    7.804    7.891    8.917    9.052
            0.086667  0.086667  0.000000
  -37.071  -37.059  -18.105  -18.018  -18.010  -18.001  -17.991  -17.981    1.128    4.104
    4.770    6.938    7.380    7.429    7.474    7.714    7.818    7.899    8.914    9.039
            0.083333  0.083333  0.000000
  -37.071  -37.059  -18.105  -18.017  -18.010  -18.000  -17.991  -17.981    1.115    4.092
    4.768    6.955    7.384    7.423    7.471    7.705    7.831    7.907    8.911    9.027
            0.080000  0.080000  0.000000
  -37.071  -37.059  -18.106  -18.016  -18.010  -17.999  -17.991  -17.981    1.102    4.080
    4.767    6.971    7.386    7.418    7.471    7.696    7.844    7.915    8.908    9.015
            0.076667  0.076667  0.000000
  -37.071  -37.059  -18.106  -18.015  -18.010  -17.998  -17.991  -17.981    1.091    4.068
    4.765    6.987    7.383    7.414    7.472    7.687    7.857    7.923    8.905    9.003
            0.073333  0.073333  0.000000
  -37.071  -37.059  -18.106  -18.015  -18.009  -17.998  -17.991  -17.981    1.079    4.057
    4.764    7.003    7.378    7.410    7.477    7.679    7.870    7.930    8.902    8.992
            0.070000  0.070000  0.000000
  -37.071  -37.059  -18.107  -18.014  -18.009  -17.997  -17.991  -17.981    1.068    4.046
    4.762    7.018    7.372    7.406    7.483    7.671    7.882    7.937    8.899    8.981
            0.066667  0.066667  0.000000
  -37.071  -37.059  -18.107  -18.013  -18.009  -17.996  -17.990  -17.981    1.058    4.036
    4.761    7.033    7.366    7.401    7.490    7.663    7.893    7.944    8.896    8.971
            0.063333  0.063333  0.000000
  -37.071  -37.059  -18.107  -18.013  -18.009  -17.996  -17.990  -17.981    1.048    4.026
    4.760    7.048    7.359    7.396    7.498    7.656    7.905    7.951    8.893    8.961
            0.060000  0.060000  0.000000
  -37.071  -37.059  -18.108  -18.012  -18.008  -17.995  -17.990  -17.981    1.039    4.017
    4.759    7.062    7.353    7.390    7.506    7.649    7.915    7.957    8.890    8.951
            0.056667  0.056667  0.000000
  -37.071  -37.059  -18.108  -18.011  -18.008  -17.994  -17.990  -17.981    1.030    4.008
    4.758    7.075    7.347    7.384    7.514    7.642    7.926    7.963    8.887    8.942
            0.053333  0.053333  0.000000
  -37.071  -37.059  -18.108  -18.011  -18.008  -17.994  -17.990  -17.980    1.021    4.000
    4.757    7.089    7.341    7.378    7.521    7.636    7.936    7.969    8.885    8.933
            0.050000  0.050000  0.000000
  -37.071  -37.059  -18.108  -18.010  -18.008  -17.993  -17.990  -17.980    1.014    3.992
    4.756    7.102    7.336    7.372    7.529    7.630    7.945    7.975    8.882    8.925
            0.046667  0.046667  0.000000
  -37.071  -37.059  -18.108  -18.010  -18.008  -17.993  -17.990  -17.980    1.006    3.985
    4.755    7.114    7.330    7.366    7.536    7.625    7.954    7.980    8.880    8.917
            0.043333  0.043333  0.000000
  -37.071  -37.059  -18.109  -18.009  -18.007  -17.992  -17.990  -17.980    0.999    3.978
    4.754    7.126    7.325    7.359    7.543    7.620    7.962    7.985    8.877    8.909
            0.040000  0.040000  0.000000
  -37.072  -37.059  -18.109  -18.009  -18.007  -17.992  -17.990  -17.980    0.993    3.972
    4.753    7.138    7.321    7.353    7.550    7.615    7.970    7.990    8.875    8.902
            0.036667  0.036667  0.000000
  -37.072  -37.059  -18.109  -18.009  -18.007  -17.991  -17.990  -17.980    0.987    3.966
    4.753    7.149    7.317    7.347    7.556    7.611    7.978    7.994    8.873    8.896
            0.033333  0.033333  0.000000
  -37.072  -37.059  -18.109  -18.008  -18.007  -17.991  -17.989  -17.980    0.982    3.961
    4.752    7.160    7.313    7.341    7.561    7.607    7.984    7.998    8.871    8.890
            0.030000  0.030000  0.000000
  -37.072  -37.059  -18.109  -18.008  -18.007  -17.991  -17.989  -17.980    0.977    3.956
    4.751    7.170    7.309    7.335    7.566    7.604    7.990    8.001    8.869    8.885
            0.026667  0.026667  0.000000
  -37.072  -37.059  -18.109  -18.008  -18.007  -17.990  -17.989  -17.980    0.972    3.951
    4.751    7.180    7.306    7.328    7.571    7.600    7.996    8.005    8.868    8.880
            0.023333  0.023333  0.000000
  -37.072  -37.059  -18.109  -18.007  -18.007  -17.990  -17.989  -17.980    0.969    3.948
    4.750    7.189    7.303    7.322    7.575    7.598    8.001    8.008    8.866    8.876
            0.020000  0.020000  0.000000
  -37.072  -37.059  -18.110  -18.007  -18.007  -17.990  -17.989  -17.980    0.965    3.944
    4.750    7.198    7.301    7.317    7.579    7.595    8.005    8.010    8.865    8.872
            0.016667  0.016667  0.000000
  -37.072  -37.059  -18.110  -18.007  -18.007  -17.990  -17.989  -17.980    0.963    3.942
    4.750    7.206    7.299    7.311    7.582    7.593    8.009    8.012    8.864    8.869
            0.013333  0.013333  0.000000
  -37.072  -37.059  -18.110  -18.007  -18.007  -17.989  -17.989  -17.980    0.960    3.939
    4.749    7.213    7.297    7.306    7.584    7.591    8.012    8.014    8.863    8.866
            0.010000  0.010000  0.000000
  -37.072  -37.059  -18.110  -18.007  -18.007  -17.989  -17.989  -17.980    0.958    3.937
    4.749    7.219    7.296    7.301    7.586    7.590    8.014    8.015    8.862    8.864
            0.006667  0.006667  0.000000
  -37.072  -37.059  -18.110  -18.007  -18.007  -17.989  -17.989  -17.980    0.957    3.936
    4.749    7.224    7.295    7.297    7.587    7.589    8.016    8.016    8.862    8.862
            0.003333  0.003333  0.000000
  -37.072  -37.059  -18.110  -18.007  -18.006  -17.989  -17.989  -17.980    0.956    3.935
    4.749    7.227    7.294    7.295    7.588    7.589    8.017    8.017    8.861    8.861
            0.000000  0.000000  0.000000
  -37.072  -37.059  -18.110  -18.006  -18.006  -17.989  -17.989  -17.980    0.956    3.935
    4.749    7.228    7.294    7.294    7.588    7.588    8.017    8.017    8.861    8.861
            0.000000  0.000000  0.005000
  -37.072  -37.059  -18.110  -18.006  -18.006  -17.989  -17.989  -17.980    0.956    3.933
    4.751    7.228    7.294    7.294    7.588    7.588    8.018    8.018    8.861    8.861
            0.000000  0.000000  0.010000
  -37.072  -37.059  -18.110  -18.006  -18.006  -17.989  -17.989  -17.980    0.957    3.927
    4.756    7.227    7.294    7.294    7.588    7.588    8.018    8.018    8.861    8.861
            0.000000  0.000000  0.015000
  -37.072  -37.059  -18.110  -18.006  -18.006  -17.989  -17.989  -17.980    0.959    3.917
    4.766    7.226    7.293    7.293    7.587    7.587    8.020    8.020    8.861    8.861
            0.000000  0.000000  0.020000
  -37.072  -37.059  -18.109  -18.006  -18.006  -17.989  -17.989  -17.980    0.961    3.903
    4.778    7.224    7.293    7.293    7.586    7.586    8.022    8.022    8.861    8.861
            0.000000  0.000000  0.025000
  -37.072  -37.060  -18.109  -18.006  -18.006  -17.989  -17.989  -17.980    0.963    3.886
    4.794    7.221    7.292    7.292    7.584    7.584    8.025    8.025    8.861    8.862
            0.000000  0.000000  0.030000
  -37.072  -37.060  -18.109  -18.006  -18.006  -17.989  -17.989  -17.981    0.966    3.866
    4.812    7.218    7.291    7.291    7.583    7.583    8.028    8.028    8.862    8.862
            0.000000  0.000000  0.035000
  -37.072  -37.060  -18.109  -18.006  -18.006  -17.989  -17.989  -17.981    0.970    3.843
    4.832    7.215    7.290    7.290    7.581    7.581    8.032    8.032    8.862    8.862
            0.000000  0.000000  0.040000
  -37.072  -37.060  -18.108  -18.006  -18.006  -17.989  -17.989  -17.981    0.974    3.818
    4.855    7.210    7.288    7.288    7.578    7.578    8.036    8.036    8.862    8.862
            0.000000  0.000000  0.045000
  -37.072  -37.060  -18.108  -18.006  -18.006  -17.989  -17.989  -17.982    0.979    3.791
    4.879    7.206    7.287    7.287    7.576    7.576    8.041    8.041    8.862    8.862
            0.000000  0.000000  0.050000
  -37.072  -37.060  -18.108  -18.006  -18.006  -17.989  -17.989  -17.982    0.985    3.762
    4.904    7.201    7.286    7.286    7.573    7.573    8.047    8.047    8.862    8.862
            0.000000  0.000000  0.055000
  -37.072  -37.060  -18.107  -18.006  -18.006  -17.990  -17.990  -17.982    0.991    3.732
    4.931    7.195    7.284    7.284    7.569    7.569    8.053    8.053    8.862    8.862
            0.000000  0.000000  0.060000
  -37.072  -37.060  -18.107  -18.006  -18.006  -17.990  -17.990  -17.983    0.997    3.700
    4.959    7.188    7.282    7.282    7.566    7.566    8.059    8.059    8.862    8.862
            0.000000  0.000000  0.065000
  -37.071  -37.060  -18.106  -18.006  -18.006  -17.990  -17.990  -17.984    1.005    3.668
    4.987    7.182    7.280    7.280    7.562    7.562    8.066    8.066    8.862    8.862
            0.000000  0.000000  0.070000
  -37.071  -37.060  -18.106  -18.006  -18.006  -17.990  -17.990  -17.984    1.012    3.634
    5.016    7.174    7.278    7.278    7.558    7.558    8.074    8.074    8.862    8.862
            0.000000  0.000000  0.075000
  -37.071  -37.060  -18.105  -18.006  -18.006  -17.990  -17.990  -17.985    1.021    3.599
    5.046    7.166    7.277    7.277    7.554    7.554    8.082    8.082    8.862    8.862
            0.000000  0.000000  0.080000
  -37.071  -37.060  -18.104  -18.006  -18.006  -17.990  -17.990  -17.985    1.029    3.564
    5.076    7.158    7.275    7.275    7.549    7.549    8.090    8.090    8.862    8.862
            0.000000  0.000000  0.085000
  -37.071  -37.060  -18.104  -18.006  -18.006  -17.990  -17.990  -17.986    1.039    3.528
    5.107    7.149    7.273    7.273    7.545    7.545    8.099    8.099    8.862    8.862
            0.000000  0.000000  0.090000
  -37.071  -37.060  -18.103  -18.006  -18.006  -17.990  -17.990  -17.987    1.049    3.492
    5.137    7.139    7.271    7.271    7.540    7.540    8.108    8.108    8.862    8.862
            0.000000  0.000000  0.095000
  -37.071  -37.060  -18.102  -18.005  -18.005  -17.990  -17.990  -17.988    1.059    3.455
    5.168    7.129    7.269    7.269    7.535    7.535    8.118    8.118    8.861    8.861
            0.000000  0.000000  0.100000
  -37.071  -37.060  -18.101  -18.005  -18.005  -17.990  -17.990  -17.989    1.070    3.418
    5.199    7.119    7.267    7.267    7.529    7.529    8.127    8.127    8.861    8.861
            0.000000  0.000000  0.105000
  -37.071  -37.060  -18.101  -18.005  -18.005  -17.990  -17.990  -17.989    1.082    3.381
    5.231    7.108    7.265    7.265    7.524    7.524    8.138    8.138    8.860    8.860
            0.000000  0.000000  0.110000
  -37.071  -37.060  -18.100  -18.005  -18.005  -17.991  -17.991  -17.990    1.094    3.343
    5.262    7.096    7.263    7.263    7.518    7.518    8.148    8.148    8.859    8.859
            0.000000  0.000000  0.115000
  -37.071  -37.061  -18.099  -18.005  -18.005  -17.991  -17.991  -17.991    1.107    3.305
    5.293    7.084    7.261    7.261    7.513    7.513    8.159    8.159    8.858    8.858
            0.000000  0.000000  0.120000
  -37.071  -37.061  -18.098  -18.005  -18.005  -17.992  -17.991  -17.991    1.120    3.267
    5.324    7.072    7.259    7.259    7.507    7.507    8.170    8.170    8.857    8.857
            0.000000  0.000000  0.125000
  -37.071  -37.061  -18.097  -18.005  -18.005  -17.993  -17.991  -17.991    1.134    3.228
    5.355    7.059    7.257    7.257    7.501    7.501    8.182    8.182    8.856    8.856
            0.000000  0.000000  0.130000
  -37.070  -37.061  -18.096  -18.005  -18.005  -17.994  -17.991  -17.991    1.148    3.190
    5.386    7.046    7.255    7.255    7.494    7.494    8.193    8.193    8.854    8.854
            0.000000  0.000000  0.135000
  -37.070  -37.061  -18.095  -18.004  -18.004  -17.995  -17.991  -17.991    1.163    3.151
    5.417    7.032    7.254    7.254    7.488    7.488    8.205    8.205    8.852    8.852
            0.000000  0.000000  0.140000
  -37.070  -37.061  -18.094  -18.004  -18.004  -17.997  -17.991  -17.991    1.179    3.113
    5.448    7.018    7.252    7.252    7.482    7.482    8.217    8.217    8.851    8.851
            0.000000  0.000000  0.145000
  -37.070  -37.061  -18.092  -18.004  -18.004  -17.998  -17.992  -17.992    1.195    3.074
    5.479    7.003    7.251    7.251    7.475    7.475    8.230    8.230    8.848    8.848
            0.000000  0.000000  0.150000
  -37.070  -37.061  -18.091  -18.004  -18.004  -17.999  -17.992  -17.992    1.211    3.036
    5.510    6.988    7.250    7.250    7.469    7.469    8.242    8.242    8.846    8.846
            0.000000  0.000000  0.155000
  -37.070  -37.061  -18.090  -18.004  -18.004  -18.000  -17.992  -17.992    1.228    2.997
    5.540    6.972    7.249    7.249    7.462    7.462    8.255    8.255    8.843    8.843
            0.000000  0.000000  0.160000
  -37.070  -37.061  -18.089  -18.004  -18.004  -18.001  -17.992  -17.992    1.246    2.959
    5.570    6.956    7.248    7.248    7.456    7.456    8.268    8.268    8.840    8.840
            0.000000  0.000000  0.165000
  -37.070  -37.062  -18.088  -18.003  -18.003  -18.003  -17.992  -17.992    1.264    2.920
    5.601    6.940    7.247    7.247    7.449    7.449    8.281    8.281    8.837    8.837
            0.000000  0.000000  0.170000
  -37.070  -37.062  -18.086  -18.004  -18.003  -18.003  -17.992  -17.992    1.283    2.882
    5.631    6.923    7.246    7.246    7.443    7.443    8.294    8.294    8.834    8.834
            0.000000  0.000000  0.175000
  -37.069  -37.062  -18.085  -18.005  -18.003  -18.003  -17.993  -17.993    1.302    2.844
    5.661    6.906    7.245    7.245    7.436    7.436    8.307    8.307    8.830    8.830
            0.000000  0.000000  0.180000
  -37.069  -37.062  -18.084  -18.007  -18.003  -18.003  -17.993  -17.993    1.322    2.806
    5.690    6.888    7.245    7.245    7.429    7.429    8.320    8.320    8.826    8.826
            0.000000  0.000000  0.185000
  -37.069  -37.062  -18.082  -18.008  -18.003  -18.003  -17.993  -17.993    1.342    2.768
    5.720    6.870    7.245    7.245    7.423    7.423    8.334    8.334    8.822    8.822
            0.000000  0.000000  0.190000
  -37.069  -37.062  -18.081  -18.009  -18.003  -18.003  -17.993  -17.993    1.362    2.730
    5.749    6.852    7.245    7.245    7.416    7.416    8.347    8.347    8.817    8.817
            0.000000  0.000000  0.195000
  -37.069  -37.062  -18.080  -18.011  -18.002  -18.002  -17.993  -17.993    1.384    2.693
    5.778    6.833    7.245    7.245    7.410    7.410    8.360    8.360    8.812    8.812
            0.000000  0.000000  0.200000
  -37.069  -37.063  -18.078  -18.012  -18.002  -18.002  -17.993  -17.993    1.405    2.655
    5.807    6.814    7.245    7.245    7.403    7.403    8.374    8.374    8.807    8.807
            0.000000  0.000000  0.205000
  -37.069  -37.063  -18.077  -18.014  -18.002  -18.002  -17.994  -17.994    1.428    2.618
    5.836    6.794    7.245    7.245    7.396    7.396    8.387    8.387    8.801    8.801
            0.000000  0.000000  0.210000
  -37.068  -37.063  -18.075  -18.015  -18.002  -18.002  -17.994  -17.994    1.450    2.581
    5.865    6.775    7.246    7.246    7.390    7.390    8.401    8.401    8.795    8.795
            0.000000  0.000000  0.215000
  -37.068  -37.063  -18.074  -18.017  -18.002  -18.002  -17.994  -17.994    1.473    2.544
    5.893    6.754    7.247    7.247    7.384    7.384    8.414    8.414    8.789    8.789
            0.000000  0.000000  0.220000
  -37.068  -37.063  -18.072  -18.018  -18.001  -18.001  -17.994  -17.994    1.497    2.508
    5.922    6.734    7.248    7.248    7.377    7.377    8.428    8.428    8.783    8.783
            0.000000  0.000000  0.225000
  -37.068  -37.063  -18.071  -18.020  -18.001  -18.001  -17.994  -17.994    1.521    2.471
    5.950    6.713    7.249    7.249    7.371    7.371    8.441    8.441    8.776    8.776
            0.000000  0.000000  0.230000
  -37.068  -37.063  -18.069  -18.021  -18.001  -18.001  -17.995  -17.995    1.546    2.435
    5.978    6.692    7.250    7.250    7.365    7.365    8.455    8.455    8.769    8.769
            0.000000  0.000000  0.235000
  -37.068  -37.064  -18.068  -18.023  -18.001  -18.001  -17.995  -17.995    1.571    2.399
    6.005    6.671    7.252    7.252    7.359    7.359    8.468    8.468    8.762    8.762
            0.000000  0.000000  0.240000
  -37.068  -37.064  -18.066  -18.025  -18.001  -18.001  -17.995  -17.995    1.597    2.364
    6.033    6.649    7.254    7.254    7.353    7.353    8.481    8.481    8.754    8.754
            0.000000  0.000000  0.245000
  -37.067  -37.064  -18.064  -18.026  -18.000  -18.000  -17.995  -17.995    1.623    2.329
    6.060    6.627    7.255    7.255    7.347    7.347    8.495    8.495    8.746    8.746
            0.000000  0.000000  0.250000
  -37.067  -37.064  -18.063  -18.028  -18.000  -18.000  -17.996  -17.996    1.649    2.294
    6.087    6.605    7.258    7.258    7.342    7.342    8.508    8.508    8.738    8.738
            0.000000  0.000000  0.255000
  -37.067  -37.064  -18.061  -18.030  -18.000  -18.000  -17.996  -17.996    1.676    2.259
    6.114    6.582    7.260    7.260    7.336    7.336    8.521    8.521    8.729    8.729
            0.000000  0.000000  0.260000
  -37.067  -37.064  -18.059  -18.031  -18.000  -18.000  -17.996  -17.996    1.703    2.225
    6.141    6.560    7.262    7.262    7.331    7.331    8.533    8.533    8.720    8.720
            0.000000  0.000000  0.265000
  -37.067  -37.064  -18.058  -18.033  -17.999  -17.999  -17.996  -17.996    1.731    2.191
    6.168    6.536    7.265    7.265    7.325    7.325    8.546    8.546    8.711    8.711
            0.000000  0.000000  0.270000
  -37.067  -37.065  -18.056  -18.035  -17.999  -17.999  -17.996  -17.996    1.760    2.157
    6.194    6.513    7.268    7.268    7.320    7.320    8.559    8.559    8.702    8.702
            0.000000  0.000000  0.275000
  -37.067  -37.065  -18.054  -18.036  -17.999  -17.999  -17.997  -17.997    1.788    2.124
    6.220    6.490    7.271    7.271    7.315    7.315    8.571    8.571    8.692    8.692
            0.000000  0.000000  0.280000
  -37.066  -37.065  -18.053  -18.038  -17.999  -17.999  -17.997  -17.997    1.817    2.091
    6.246    6.466    7.274    7.274    7.310    7.310    8.583    8.583    8.682    8.682
            0.000000  0.000000  0.285000
  -37.066  -37.065  -18.051  -18.040  -17.999  -17.999  -17.997  -17.997    1.847    2.058
    6.272    6.442    7.278    7.278    7.305    7.305    8.595    8.595    8.671    8.671
            0.000000  0.000000  0.290000
  -37.066  -37.065  -18.049  -18.041  -17.998  -17.998  -17.997  -17.997    1.877    2.026
    6.298    6.417    7.281    7.281    7.301    7.301    8.607    8.607    8.661    8.661
            0.000000  0.000000  0.295000
  -37.066  -37.065  -18.048  -18.043  -17.998  -17.998  -17.998  -17.998    1.907    1.994
    6.323    6.393    7.285    7.285    7.296    7.296    8.619    8.619    8.650    8.650
            0.000000  0.000000  0.300000
  -37.066  -37.066  -18.046  -18.045  -17.998  -17.998  -17.998  -17.998    1.938    1.963
    6.348    6.368    7.289    7.289    7.292    7.292    8.630    8.630    8.639    8.639
            0.000000  0.000000  0.305000
  -37.066  -37.066  -18.046  -18.044  -17.998  -17.998  -17.998  -17.998    1.932    1.969
    6.343    6.373    7.288    7.288    7.293    7.293    8.628    8.628    8.641    8.641
            0.000000  0.000000  0.310000
  -37.066  -37.065  -18.048  -18.043  -17.998  -17.998  -17.997  -17.997    1.901    2.001
    6.318    6.398    7.284    7.284    7.297    7.297    8.616    8.616    8.652    8.652
            0.000000  0.000000  0.315000
  -37.066  -37.065  -18.050  -18.041  -17.998  -17.998  -17.997  -17.997    1.871    2.033
    6.293    6.422    7.280    7.280    7.302    7.302    8.605    8.605    8.663    8.663
            0.000000  0.000000  0.320000
  -37.066  -37.065  -18.051  -18.039  -17.999  -17.999  -17.997  -17.997    1.841    2.065
    6.267    6.447    7.277    7.277    7.306    7.306    8.593    8.593    8.674    8.674
            0.000000  0.000000  0.325000
  -37.066  -37.065  -18.053  -18.038  -17.999  -17.999  -17.997  -17.997    1.812    2.098
    6.241    6.471    7.273    7.273    7.311    7.311    8.581    8.581    8.684    8.684
            0.000000  0.000000  0.330000
  -37.067  -37.065  -18.055  -18.036  -17.999  -17.999  -17.997  -17.997    1.782    2.131
    6.215    6.494    7.270    7.270    7.316    7.316    8.569    8.569    8.694    8.694
            0.000000  0.000000  0.335000
  -37.067  -37.065  -18.056  -18.034  -17.999  -17.999  -17.996  -17.996    1.754    2.164
    6.189    6.518    7.267    7.267    7.321    7.321    8.556    8.556    8.703    8.703
            0.000000  0.000000  0.340000
  -37.067  -37.064  -18.058  -18.033  -18.000  -18.000  -17.996  -17.996    1.726    2.198
    6.163    6.541    7.264    7.264    7.326    7.326    8.544    8.544    8.713    8.713
            0.000000  0.000000  0.345000
  -37.067  -37.064  -18.060  -18.031  -18.000  -18.000  -17.996  -17.996    1.698    2.232
    6.136    6.564    7.262    7.262    7.332    7.332    8.531    8.531    8.722    8.722
            0.000000  0.000000  0.350000
  -37.067  -37.064  -18.061  -18.029  -18.000  -18.000  -17.996  -17.996    1.671    2.266
    6.109    6.587    7.259    7.259    7.337    7.337    8.518    8.518    8.731    8.731
            0.000000  0.000000  0.355000
  -37.067  -37.064  -18.063  -18.028  -18.000  -18.000  -17.995  -17.995    1.644    2.301
    6.082    6.609    7.257    7.257    7.343    7.343    8.505    8.505    8.739    8.739
            0.000000  0.000000  0.360000
  -37.067  -37.064  -18.065  -18.026  -18.000  -18.000  -17.995  -17.995    1.617    2.336
    6.055    6.631    7.255    7.255    7.348    7.348    8.492    8.492    8.748    8.748
            0.000000  0.000000  0.365000
  -37.068  -37.064  -18.066  -18.024  -18.001  -18.001  -17.995  -17.995    1.591    2.371
    6.027    6.653    7.253    7.253    7.354    7.354    8.479    8.479    8.756    8.756
            0.000000  0.000000  0.370000
  -37.068  -37.063  -18.068  -18.023  -18.001  -18.001  -17.995  -17.995    1.566    2.407
    6.000    6.675    7.252    7.252    7.360    7.360    8.465    8.465    8.763    8.763
            0.000000  0.000000  0.375000
  -37.068  -37.063  -18.069  -18.021  -18.001  -18.001  -17.995  -17.995    1.541    2.442
    5.972    6.696    7.250    7.250    7.366    7.366    8.452    8.452    8.770    8.770
            0.000000  0.000000  0.380000
  -37.068  -37.063  -18.071  -18.020  -18.001  -18.001  -17.994  -17.994    1.516    2.478
    5.944    6.717    7.249    7.249    7.372    7.372    8.439    8.439    8.777    8.777
            0.000000  0.000000  0.385000
  -37.068  -37.063  -18.072  -18.018  -18.001  -18.001  -17.994  -17.994    1.492    2.515
    5.916    6.738    7.248    7.248    7.379    7.379    8.425    8.425    8.784    8.784
            0.000000  0.000000  0.390000
  -37.068  -37.063  -18.074  -18.017  -18.002  -18.002  -17.994  -17.994    1.469    2.551
    5.888    6.758    7.247    7.247    7.385    7.385    8.412    8.412    8.791    8.791
            0.000000  0.000000  0.395000
  -37.069  -37.063  -18.075  -18.015  -18.002  -18.002  -17.994  -17.994    1.446    2.588
    5.859    6.778    7.246    7.246    7.391    7.391    8.398    8.398    8.797    8.797
            0.000000  0.000000  0.400000
  -37.069  -37.063  -18.077  -18.014  -18.002  -18.002  -17.994  -17.994    1.423    2.625
    5.831    6.798    7.245    7.245    7.398    7.398    8.385    8.385    8.802    8.802
            0.000000  0.000000  0.405000
  -37.069  -37.062  -18.078  -18.012  -18.002  -18.002  -17.993  -17.993    1.401    2.663
    5.802    6.818    7.245    7.245    7.404    7.404    8.371    8.371    8.808    8.808
            0.000000  0.000000  0.410000
  -37.069  -37.062  -18.080  -18.011  -18.002  -18.002  -17.993  -17.993    1.379    2.700
    5.773    6.837    7.245    7.245    7.411    7.411    8.358    8.358    8.813    8.813
            0.000000  0.000000  0.415000
  -37.069  -37.062  -18.081  -18.009  -18.003  -18.003  -17.993  -17.993    1.358    2.738
    5.743    6.855    7.245    7.245    7.417    7.417    8.344    8.344    8.818    8.818
            0.000000  0.000000  0.420000
  -37.069  -37.062  -18.083  -18.008  -18.003  -18.003  -17.993  -17.993    1.338    2.775
    5.714    6.874    7.245    7.245    7.424    7.424    8.331    8.331    8.822    8.822
            0.000000  0.000000  0.425000
  -37.069  -37.062  -18.084  -18.006  -18.003  -18.003  -17.993  -17.993    1.318    2.813
    5.684    6.892    7.245    7.245    7.431    7.431    8.317    8.318    8.827    8.827
            0.000000  0.000000  0.430000
  -37.069  -37.062  -18.085  -18.005  -18.003  -18.003  -17.992  -17.992    1.298    2.852
    5.655    6.909    7.245    7.245    7.437    7.437    8.304    8.304    8.831    8.831
            0.000000  0.000000  0.435000
  -37.070  -37.062  -18.087  -18.004  -18.003  -18.003  -17.992  -17.992    1.279    2.890
    5.625    6.926    7.246    7.246    7.444    7.444    8.291    8.291    8.834    8.834
            0.000000  0.000000  0.440000
  -37.070  -37.062  -18.088  -18.004  -18.004  -18.002  -17.992  -17.992    1.260    2.928
    5.595    6.943    7.247    7.247    7.451    7.451    8.278    8.278    8.838    8.838
            0.000000  0.000000  0.445000
  -37.070  -37.061  -18.089  -18.004  -18.004  -18.001  -17.992  -17.992    1.242    2.967
    5.564    6.959    7.248    7.248    7.457    7.457    8.265    8.265    8.841    8.841
            0.000000  0.000000  0.450000
  -37.070  -37.061  -18.090  -18.004  -18.004  -18.000  -17.992  -17.992    1.225    3.005
    5.534    6.975    7.249    7.249    7.464    7.464    8.252    8.252    8.844    8.844
            0.000000  0.000000  0.455000
  -37.070  -37.061  -18.092  -18.004  -18.004  -17.999  -17.992  -17.992    1.208    3.043
    5.503    6.991    7.250    7.250    7.470    7.470    8.240    8.240    8.846    8.846
            0.000000  0.000000  0.460000
  -37.070  -37.061  -18.093  -18.004  -18.004  -17.997  -17.991  -17.991    1.192    3.082
    5.473    7.006    7.251    7.251    7.477    7.477    8.227    8.227    8.849    8.849
            0.000000  0.000000  0.465000
  -37.070  -37.061  -18.094  -18.004  -18.004  -17.996  -17.991  -17.991    1.176    3.121
    5.442    7.020    7.253    7.253    7.483    7.483    8.215    8.215    8.851    8.851
            0.000000  0.000000  0.470000
  -37.070  -37.061  -18.095  -18.004  -18.004  -17.995  -17.991  -17.991    1.160    3.159
    5.411    7.035    7.254    7.254    7.489    7.489    8.203    8.203    8.853    8.853
            0.000000  0.000000  0.475000
  -37.070  -37.061  -18.096  -18.005  -18.005  -17.994  -17.991  -17.991    1.145    3.198
    5.380    7.048    7.256    7.256    7.496    7.496    8.191    8.191    8.855    8.855
            0.000000  0.000000  0.480000
  -37.071  -37.061  -18.097  -18.005  -18.005  -17.993  -17.991  -17.991    1.131    3.236
    5.349    7.062    7.257    7.257    7.502    7.502    8.179    8.179    8.856    8.856
            0.000000  0.000000  0.485000
  -37.071  -37.061  -18.098  -18.005  -18.005  -17.992  -17.991  -17.991    1.117    3.274
    5.318    7.074    7.259    7.259    7.508    7.508    8.168    8.168    8.857    8.857
            0.000000  0.000000  0.490000
  -37.071  -37.061  -18.099  -18.005  -18.005  -17.991  -17.991  -17.991    1.104    3.312
    5.287    7.087    7.261    7.261    7.514    7.514    8.157    8.157    8.858    8.858
            0.000000  0.000000  0.495000
  -37.071  -37.060  -18.100  -18.005  -18.005  -17.991  -17.991  -17.990    1.092    3.350
    5.255    7.099    7.263    7.263    7.519    7.519    8.146    8.146    8.859    8.859
            0.000000  0.000000  0.500000
  -37.071  -37.060  -18.101  -18.005  -18.005  -17.990  -17.990  -17.989    1.080    3.388
    5.224    7.110    7.265    7.265    7.525    7.525    8.136    8.136    8.860    8.860
            0.005000  0.000000  0.500000
  -37.071  -37.060  -18.101  -18.005  -18.005  -17.990  -17.990  -17.989    1.080    3.388
    5.224    7.110    7.265    7.265    7.525    7.525    8.135    8.135    8.860    8.860
            0.010000  0.000000  0.500000
  -37.071  -37.060  -18.101  -18.005  -18.005  -17.991  -17.990  -17.989    1.081    3.389
    5.225    7.109    7.264    7.266    7.524    7.526    8.135    8.135    8.861    8.861
            0.015000  0.000000  0.500000
  -37.071  -37.060  -18.101  -18.005  -18.005  -17.991  -17.990  -17.989    1.082    3.390
    5.225    7.109    7.263    7.267    7.523    7.527    8.134    8.134    8.861    8.862
            0.020000  0.000000  0.500000
  -37.071  -37.060  -18.101  -18.006  -18.005  -17.991  -17.990  -17.989    1.084    3.392
    5.225    7.107    7.262    7.268    7.520    7.528    8.132    8.133    8.862    8.864
            0.025000  0.000000  0.500000
  -37.071  -37.060  -18.101  -18.006  -18.005  -17.992  -17.990  -17.989    1.087    3.394
    5.226    7.106    7.261    7.270    7.518    7.530    8.130    8.131    8.862    8.866
            0.030000  0.000000  0.500000
  -37.071  -37.060  -18.100  -18.006  -18.005  -17.992  -17.991  -17.988    1.090    3.397
    5.226    7.104    7.259    7.272    7.515    7.532    8.127    8.130    8.863    8.868
            0.035000  0.000000  0.500000
  -37.071  -37.060  -18.100  -18.006  -18.006  -17.992  -17.991  -17.988    1.094    3.400
    5.227    7.101    7.257    7.274    7.511    7.534    8.124    8.127    8.864    8.871
            0.040000  0.000000  0.500000
  -37.071  -37.060  -18.100  -18.006  -18.006  -17.993  -17.991  -17.988    1.098    3.404
    5.228    7.098    7.255    7.277    7.507    7.537    8.121    8.125    8.865    8.874
            0.045000  0.000000  0.500000
  -37.071  -37.060  -18.100  -18.007  -18.006  -17.993  -17.991  -17.988    1.103    3.408
    5.229    7.095    7.253    7.281    7.502    7.540    8.117    8.122    8.867    8.878
            0.050000  0.000000  0.500000
  -37.071  -37.060  -18.100  -18.007  -18.006  -17.994  -17.991  -17.988    1.108    3.413
    5.230    7.091    7.251    7.284    7.497    7.543    8.113    8.119    8.868    8.882
            0.055000  0.000000  0.500000
  -37.071  -37.060  -18.100  -18.008  -18.006  -17.994  -17.991  -17.988    1.114    3.418
    5.231    7.086    7.249    7.288    7.491    7.547    8.109    8.116    8.869    8.887
            0.060000  0.000000  0.500000
  -37.071  -37.060  -18.100  -18.008  -18.006  -17.995  -17.991  -17.988    1.121    3.424
    5.232    7.081    7.247    7.292    7.485    7.551    8.104    8.112    8.871    8.892
            0.065000  0.000000  0.500000
  -37.071  -37.060  -18.100  -18.008  -18.006  -17.996  -17.991  -17.988    1.128    3.430
    5.233    7.075    7.245    7.297    7.478    7.556    8.099    8.108    8.873    8.897
            0.070000  0.000000  0.500000
  -37.071  -37.060  -18.099  -18.009  -18.006  -17.996  -17.991  -17.988    1.135    3.437
    5.235    7.068    7.243    7.302    7.470    7.560    8.094    8.104    8.874    8.903
            0.075000  0.000000  0.500000
  -37.070  -37.060  -18.099  -18.009  -18.007  -17.997  -17.991  -17.988    1.143    3.444
    5.236    7.060    7.241    7.308    7.463    7.565    8.089    8.100    8.876    8.909
            0.080000  0.000000  0.500000
  -37.070  -37.060  -18.099  -18.010  -18.007  -17.998  -17.991  -17.988    1.152    3.452
    5.238    7.051    7.240    7.313    7.454    7.571    8.083    8.095    8.878    8.916
            0.085000  0.000000  0.500000
  -37.070  -37.060  -18.099  -18.011  -18.007  -17.998  -17.992  -17.988    1.162    3.460
    5.239    7.042    7.238    7.319    7.446    7.576    8.078    8.090    8.880    8.923
            0.090000  0.000000  0.500000
  -37.070  -37.060  -18.099  -18.011  -18.007  -17.999  -17.992  -17.988    1.171    3.468
    5.241    7.032    7.237    7.325    7.437    7.582    8.072    8.085    8.882    8.930
            0.095000  0.000000  0.500000
  -37.070  -37.060  -18.098  -18.012  -18.008  -18.000  -17.992  -17.988    1.182    3.478
    5.243    7.021    7.236    7.332    7.427    7.588    8.066    8.079    8.884    8.937
            0.100000  0.000000  0.500000
  -37.070  -37.060  -18.098  -18.013  -18.008  -18.000  -17.992  -17.988    1.193    3.487
    5.245    7.009    7.235    7.338    7.418    7.595    8.060    8.074    8.886    8.945
            0.105000  0.000000  0.500000
  -37.070  -37.060  -18.098  -18.013  -18.008  -18.001  -17.992  -17.988    1.204    3.497
    5.248    6.997    7.235    7.345    7.409    7.601    8.055    8.068    8.888    8.953
            0.110000  0.000000  0.500000
  -37.070  -37.060  -18.098  -18.014  -18.009  -18.002  -17.992  -17.988    1.217    3.507
    5.250    6.984    7.234    7.350    7.400    7.608    8.049    8.062    8.890    8.962
            0.115000  0.000000  0.500000
  -37.070  -37.060  -18.097  -18.015  -18.009  -18.003  -17.993  -17.988    1.229    3.518
    5.252    6.970    7.234    7.354    7.392    7.615    8.043    8.056    8.892    8.971
            0.120000  0.000000  0.500000
  -37.070  -37.060  -18.097  -18.015  -18.010  -18.003  -17.993  -17.988    1.242    3.530
    5.255    6.955    7.233    7.354    7.389    7.623    8.038    8.050    8.894    8.980
            0.125000  0.000000  0.500000
  -37.070  -37.060  -18.097  -18.016  -18.010  -18.004  -17.993  -17.988    1.256    3.541
    5.258    6.940    7.233    7.348    7.392    7.630    8.033    8.043    8.896    8.989
            0.130000  0.000000  0.500000
  -37.070  -37.060  -18.096  -18.017  -18.011  -18.005  -17.993  -17.988    1.270    3.554
    5.260    6.924    7.232    7.339    7.398    7.637    8.029    8.037    8.898    8.999
            0.135000  0.000000  0.500000
  -37.069  -37.059  -18.096  -18.018  -18.011  -18.005  -17.993  -17.988    1.285    3.566
    5.263    6.908    7.232    7.328    7.405    7.645    8.024    8.030    8.899    9.009
            0.140000  0.000000  0.500000
  -37.069  -37.059  -18.096  -18.019  -18.012  -18.006  -17.994  -17.988    1.301    3.579
    5.266    6.891    7.231    7.315    7.414    7.652    8.021    8.024    8.901    9.019
            0.145000  0.000000  0.500000
  -37.069  -37.059  -18.095  -18.020  -18.013  -18.007  -17.994  -17.988    1.316    3.593
    5.269    6.874    7.231    7.303    7.422    7.660    8.017    8.018    8.903    9.030
            0.150000  0.000000  0.500000
  -37.069  -37.059  -18.095  -18.021  -18.014  -18.007  -17.994  -17.988    1.333    3.607
    5.273    6.856    7.230    7.290    7.432    7.667    8.010    8.015    8.904    9.041
            0.155000  0.000000  0.500000
  -37.069  -37.059  -18.095  -18.022  -18.015  -18.008  -17.994  -17.988    1.350    3.621
    5.276    6.838    7.229    7.276    7.441    7.674    8.004    8.013    8.906    9.052
            0.160000  0.000000  0.500000
  -37.069  -37.059  -18.094  -18.023  -18.016  -18.008  -17.995  -17.988    1.367    3.635
    5.280    6.819    7.228    7.262    7.450    7.681    7.998    8.012    8.907    9.063
            0.165000  0.000000  0.500000
  -37.069  -37.059  -18.094  -18.023  -18.017  -18.009  -17.995  -17.988    1.385    3.650
    5.283    6.800    7.226    7.248    7.460    7.688    7.991    8.012    8.909    9.074
            0.170000  0.000000  0.500000
  -37.069  -37.059  -18.093  -18.024  -18.018  -18.009  -17.995  -17.988    1.404    3.666
    5.287    6.780    7.224    7.234    7.470    7.695    7.985    8.013    8.910    9.086
            0.175000  0.000000  0.500000
  -37.068  -37.059  -18.093  -18.025  -18.019  -18.010  -17.996  -17.989    1.423    3.682
    5.291    6.760    7.219    7.222    7.479    7.702    7.979    8.014    8.911    9.097
            0.180000  0.000000  0.500000
  -37.068  -37.059  -18.093  -18.026  -18.020  -18.010  -17.996  -17.989    1.442    3.698
    5.295    6.740    7.205    7.220    7.488    7.708    7.974    8.017    8.912    9.109
            0.185000  0.000000  0.500000
  -37.068  -37.059  -18.092  -18.027  -18.022  -18.011  -17.996  -17.989    1.462    3.714
    5.299    6.719    7.190    7.217    7.497    7.714    7.969    8.021    8.913    9.121
            0.190000  0.000000  0.500000
  -37.068  -37.059  -18.092  -18.028  -18.023  -18.011  -17.997  -17.989    1.483    3.731
    5.303    6.698    7.175    7.214    7.506    7.720    7.964    8.026    8.914    9.134
            0.195000  0.000000  0.500000
  -37.068  -37.059  -18.091  -18.030  -18.024  -18.011  -17.997  -17.989    1.504    3.748
    5.307    6.677    7.160    7.211    7.514    7.725    7.960    8.032    8.915    9.146
            0.200000  0.000000  0.500000
  -37.068  -37.059  -18.091  -18.031  -18.025  -18.012  -17.997  -17.989    1.526    3.766
    5.312    6.655    7.144    7.207    7.522    7.731    7.957    8.039    8.916    9.158
            0.205000  0.000000  0.500000
  -37.068  -37.058  -18.091  -18.032  -18.027  -18.012  -17.998  -17.989    1.548    3.784
    5.316    6.634    7.129    7.203    7.529    7.736    7.954    8.047    8.917    9.171
            0.210000  0.000000  0.500000
  -37.067  -37.058  -18.090  -18.033  -18.028  -18.013  -17.998  -17.990    1.570    3.802
    5.321    6.612    7.114    7.198    7.535    7.741    7.953    8.056    8.917    9.184
            0.215000  0.000000  0.500000
  -37.067  -37.058  -18.090  -18.034  -18.029  -18.013  -17.999  -17.990    1.593    3.820
    5.326    6.590    7.099    7.192    7.541    7.746    7.952    8.066    8.918    9.196
            0.220000  0.000000  0.500000
  -37.067  -37.058  -18.089  -18.035  -18.031  -18.014  -17.999  -17.990    1.617    3.839
    5.330    6.567    7.083    7.187    7.545    7.751    7.953    8.077    8.918    9.209
            0.225000  0.000000  0.500000
  -37.067  -37.058  -18.089  -18.036  -18.032  -18.014  -17.999  -17.990    1.641    3.858
    5.335    6.545    7.068    7.181    7.548    7.756    7.954    8.088    8.918    9.222
            0.230000  0.000000  0.500000
  -37.067  -37.058  -18.089  -18.037  -18.034  -18.015  -18.000  -17.990    1.666    3.877
    5.341    6.522    7.053    7.174    7.550    7.761    7.958    8.101    8.918    9.235
            0.235000  0.000000  0.500000
  -37.067  -37.058  -18.088  -18.038  -18.035  -18.015  -18.000  -17.990    1.691    3.897
    5.346    6.500    7.037    7.167    7.551    7.767    7.962    8.114    8.919    9.248
            0.240000  0.000000  0.500000
  -37.067  -37.058  -18.088  -18.039  -18.036  -18.016  -18.001  -17.991    1.716    3.916
    5.351    6.477    7.022    7.159    7.550    7.772    7.968    8.128    8.919    9.260
            0.245000  0.000000  0.500000
  -37.066  -37.058  -18.087  -18.040  -18.038  -18.016  -18.001  -17.991    1.742    3.936
    5.356    6.454    7.007    7.151    7.548    7.778    7.976    8.143    8.918    9.273
            0.250000  0.000000  0.500000
  -37.066  -37.058  -18.087  -18.041  -18.039  -18.017  -18.002  -17.991    1.768    3.957
    5.362    6.431    6.992    7.143    7.545    7.783    7.984    8.158    8.918    9.286
            0.255000  0.000000  0.500000
  -37.066  -37.058  -18.086  -18.042  -18.041  -18.017  -18.002  -17.991    1.795    3.977
    5.367    6.408    6.978    7.134    7.540    7.789    7.994    8.174    8.918    9.299
            0.260000  0.000000  0.500000
  -37.066  -37.058  -18.086  -18.043  -18.042  -18.018  -18.002  -17.991    1.823    3.998
    5.372    6.384    6.963    7.125    7.535    7.796    8.006    8.190    8.918    9.311
            0.265000  0.000000  0.500000
  -37.066  -37.057  -18.086  -18.044  -18.043  -18.018  -18.003  -17.991    1.850    4.019
    5.378    6.361    6.949    7.116    7.528    7.802    8.018    8.207    8.918    9.324
            0.270000  0.000000  0.500000
  -37.066  -37.057  -18.085  -18.045  -18.045  -18.019  -18.003  -17.992    1.879    4.040
    5.384    6.338    6.934    7.106    7.520    7.809    8.032    8.224    8.917    9.336
            0.275000  0.000000  0.500000
  -37.065  -37.057  -18.085  -18.046  -18.046  -18.019  -18.004  -17.992    1.907    4.061
    5.389    6.315    6.921    7.096    7.511    7.816    8.047    8.241    8.917    9.349
            0.280000  0.000000  0.500000
  -37.065  -37.057  -18.085  -18.048  -18.046  -18.020  -18.004  -17.992    1.936    4.083
    5.395    6.291    6.907    7.085    7.501    7.824    8.063    8.259    8.917    9.361
            0.285000  0.000000  0.500000
  -37.065  -37.057  -18.084  -18.049  -18.047  -18.021  -18.005  -17.992    1.966    4.104
    5.400    6.268    6.893    7.074    7.490    7.831    8.079    8.277    8.916    9.373
            0.290000  0.000000  0.500000
  -37.065  -37.057  -18.084  -18.051  -18.048  -18.021  -18.006  -17.993    1.996    4.126
    5.406    6.245    6.880    7.063    7.478    7.839    8.097    8.295    8.916    9.385
            0.295000  0.000000  0.500000
  -37.065  -37.057  -18.084  -18.052  -18.049  -18.022  -18.006  -17.993    2.026    4.148
    5.412    6.221    6.868    7.052    7.466    7.848    8.115    8.314    8.916    9.396
            0.300000  0.000000  0.500000
  -37.065  -37.057  -18.084  -18.053  -18.050  -18.022  -18.007  -17.993    2.057    4.170
    5.417    6.198    6.855    7.041    7.453    7.856    8.134    8.332    8.915    9.408
            0.305000  0.000000  0.500000
  -37.064  -37.057  -18.083  -18.055  -18.050  -18.023  -18.007  -17.993    2.088    4.192
    5.423    6.175    6.843    7.029    7.440    7.865    8.153    8.351    8.915    9.419
            0.310000  0.000000  0.500000
  -37.064  -37.057  -18.083  -18.056  -18.051  -18.024  -18.008  -17.994    2.120    4.214
    5.428    6.152    6.832    7.017    7.426    7.874    8.173    8.370    8.915    9.430
            0.315000  0.000000  0.500000
  -37.064  -37.057  -18.083  -18.058  -18.051  -18.024  -18.008  -17.994    2.152    4.236
    5.433    6.128    6.820    7.005    7.411    7.884    8.193    8.389    8.915    9.440
            0.320000  0.000000  0.500000
  -37.064  -37.056  -18.083  -18.059  -18.052  -18.025  -18.009  -17.994    2.184    4.259
    5.438    6.105    6.810    6.993    7.396    7.894    8.214    8.407    8.915    9.451
            0.325000  0.000000  0.500000
  -37.064  -37.056  -18.083  -18.060  -18.052  -18.026  -18.009  -17.994    2.217    4.281
    5.444    6.082    6.799    6.981    7.380    7.903    8.235    8.426    8.916    9.461
            0.330000  0.000000  0.500000
  -37.063  -37.056  -18.083  -18.062  -18.053  -18.026  -18.010  -17.995    2.250    4.304
    5.448    6.059    6.790    6.969    7.364    7.914    8.257    8.444    8.917    9.471
            0.335000  0.000000  0.500000
  -37.063  -37.056  -18.083  -18.063  -18.053  -18.027  -18.011  -17.995    2.284    4.326
    5.453    6.037    6.780    6.957    7.348    7.924    8.279    8.462    8.918    9.481
            0.340000  0.000000  0.500000
  -37.063  -37.056  -18.083  -18.064  -18.053  -18.028  -18.011  -17.995    2.318    4.349
    5.458    6.014    6.772    6.944    7.331    7.935    8.301    8.480    8.919    9.490
            0.345000  0.000000  0.500000
  -37.063  -37.056  -18.083  -18.066  -18.054  -18.028  -18.012  -17.995    2.352    4.372
    5.462    5.991    6.764    6.932    7.314    7.945    8.324    8.497    8.921    9.499
            0.350000  0.000000  0.500000
  -37.063  -37.056  -18.083  -18.067  -18.054  -18.029  -18.013  -17.996    2.387    4.394
    5.466    5.969    6.756    6.919    7.296    7.956    8.346    8.514    8.924    9.508
            0.355000  0.000000  0.500000
  -37.063  -37.056  -18.083  -18.068  -18.054  -18.030  -18.013  -17.996    2.422    4.417
    5.469    5.946    6.749    6.906    7.279    7.968    8.369    8.530    8.927    9.516
            0.360000  0.000000  0.500000
  -37.062  -37.056  -18.083  -18.069  -18.054  -18.030  -18.014  -17.996    2.457    4.440
    5.473    5.924    6.743    6.894    7.261    7.979    8.392    8.546    8.931    9.525
            0.365000  0.000000  0.500000
  -37.062  -37.056  -18.084  -18.071  -18.054  -18.031  -18.014  -17.997    2.493    4.463
    5.476    5.902    6.737    6.881    7.242    7.990    8.415    8.560    8.936    9.533
            0.370000  0.000000  0.500000
  -37.062  -37.056  -18.084  -18.072  -18.054  -18.032  -18.015  -17.997    2.529    4.485
    5.479    5.880    6.732    6.869    7.224    8.002    8.437    8.574    8.941    9.541
            0.375000  0.000000  0.500000
  -37.062  -37.056  -18.084  -18.073  -18.054  -18.033  -18.016  -17.997    2.566    4.508
    5.481    5.858    6.728    6.856    7.205    8.014    8.460    8.587    8.948    9.549
            0.380000  0.000000  0.500000
  -37.062  -37.056  -18.084  -18.074  -18.054  -18.033  -18.016  -17.998    2.602    4.531
    5.483    5.836    6.724    6.844    7.186    8.026    8.483    8.599    8.955    9.556
            0.385000  0.000000  0.500000
  -37.062  -37.056  -18.085  -18.075  -18.053  -18.034  -18.017  -17.998    2.639    4.554
    5.484    5.814    6.721    6.831    7.167    8.038    8.506    8.609    8.964    9.564
            0.390000  0.000000  0.500000
  -37.061  -37.055  -18.085  -18.076  -18.053  -18.035  -18.018  -17.998    2.677    4.576
    5.485    5.793    6.719    6.818    7.148    8.051    8.528    8.619    8.973    9.572
            0.395000  0.000000  0.500000
  -37.061  -37.055  -18.085  -18.077  -18.053  -18.036  -18.018  -17.999    2.714    4.599
    5.486    5.772    6.717    6.806    7.129    8.063    8.550    8.627    8.984    9.579
            0.400000  0.000000  0.500000
  -37.061  -37.055  -18.086  -18.078  -18.053  -18.036  -18.019  -17.999    2.752    4.621
    5.486    5.750    6.716    6.794    7.110    8.075    8.572    8.634    8.996    9.587
            0.405000  0.000000  0.500000
  -37.061  -37.055  -18.086  -18.079  -18.052  -18.037  -18.020  -17.999    2.791    4.644
    5.486    5.729    6.716    6.781    7.091    8.088    8.594    8.640    9.009    9.595
            0.410000  0.000000  0.500000
  -37.061  -37.055  -18.087  -18.080  -18.052  -18.038  -18.021  -18.000    2.829    4.666
    5.485    5.709    6.716    6.769    7.072    8.101    8.615    8.645    9.022    9.602
            0.415000  0.000000  0.500000
  -37.061  -37.055  -18.087  -18.081  -18.051  -18.039  -18.021  -18.000    2.868    4.689
    5.483    5.688    6.716    6.757    7.053    8.114    8.636    8.649    9.037    9.610
            0.420000  0.000000  0.500000
  -37.060  -37.055  -18.087  -18.082  -18.051  -18.039  -18.022  -18.000    2.907    4.711
    5.482    5.667    6.717    6.744    7.034    8.127    8.652    8.656    9.052    9.618
            0.425000  0.000000  0.500000
  -37.060  -37.055  -18.088  -18.083  -18.051  -18.040  -18.023  -18.001    2.946    4.734
    5.479    5.647    6.719    6.732    7.016    8.140    8.654    8.676    9.068    9.626
            0.430000  0.000000  0.500000
  -37.060  -37.055  -18.088  -18.084  -18.050  -18.041  -18.023  -18.001    2.986    4.756
    5.476    5.627    6.720    6.720    6.998    8.153    8.655    8.695    9.084    9.635
            0.435000  0.000000  0.500000
  -37.060  -37.055  -18.088  -18.085  -18.050  -18.042  -18.024  -18.001    3.025    4.778
    5.473    5.607    6.708    6.721    6.981    8.166    8.656    8.714    9.101    9.643
            0.440000  0.000000  0.500000
  -37.060  -37.055  -18.088  -18.086  -18.049  -18.043  -18.025  -18.002    3.065    4.800
    5.469    5.587    6.696    6.722    6.964    8.179    8.656    8.732    9.118    9.651
            0.445000  0.000000  0.500000
  -37.060  -37.055  -18.089  -18.086  -18.049  -18.044  -18.025  -18.002    3.106    4.822
    5.464    5.567    6.684    6.722    6.949    8.192    8.656    8.749    9.136    9.659
            0.450000  0.000000  0.500000
  -37.059  -37.055  -18.089  -18.087  -18.048  -18.044  -18.026  -18.002    3.146    4.844
    5.459    5.548    6.673    6.722    6.936    8.206    8.655    8.765    9.153    9.667
            0.455000  0.000000  0.500000
  -37.059  -37.055  -18.089  -18.088  -18.048  -18.045  -18.027  -18.003    3.187    4.866
    5.453    5.528    6.661    6.719    6.925    8.219    8.654    8.780    9.171    9.674
            0.460000  0.000000  0.500000
  -37.059  -37.055  -18.089  -18.089  -18.047  -18.046  -18.027  -18.003    3.227    4.887
    5.447    5.509    6.649    6.715    6.916    8.232    8.652    8.795    9.189    9.679
            0.465000  0.000000  0.500000
  -37.059  -37.055  -18.090  -18.089  -18.047  -18.047  -18.028  -18.004    3.268    4.909
    5.441    5.490    6.638    6.709    6.909    8.246    8.651    8.809    9.206    9.683
            0.470000  0.000000  0.500000
  -37.059  -37.055  -18.090  -18.090  -18.048  -18.047  -18.029  -18.004    3.309    4.931
    5.433    5.472    6.626    6.701    6.906    8.259    8.649    8.821    9.224    9.685
            0.475000  0.000000  0.500000
  -37.059  -37.055  -18.090  -18.090  -18.049  -18.046  -18.029  -18.004    3.351    4.952
    5.426    5.453    6.615    6.691    6.905    8.272    8.646    8.833    9.241    9.683
            0.480000  0.000000  0.500000
  -37.059  -37.055  -18.091  -18.090  -18.050  -18.046  -18.030  -18.005    3.392    4.973
    5.418    5.435    6.604    6.678    6.906    8.286    8.644    8.844    9.258    9.678
            0.485000  0.000000  0.500000
  -37.058  -37.055  -18.091  -18.090  -18.050  -18.045  -18.031  -18.005    3.433    4.995
    5.409    5.416    6.593    6.664    6.910    8.299    8.641    8.854    9.274    9.669
            0.490000  0.000000  0.500000
  -37.058  -37.055  -18.092  -18.090  -18.051  -18.045  -18.031  -18.006    3.475    5.016
    5.398    5.400    6.582    6.648    6.916    8.313    8.639    8.863    9.290    9.655
            0.495000  0.000000  0.500000
  -37.058  -37.055  -18.092  -18.090  -18.052  -18.045  -18.032  -18.006    3.517    5.037
    5.381    5.391    6.571    6.632    6.922    8.326    8.636    8.871    9.306    9.638
            0.500000  0.000000  0.500000
  -37.058  -37.055  -18.093  -18.090  -18.053  -18.044  -18.032  -18.007    3.559    5.058
    5.363    5.381    6.560    6.614    6.930    8.339    8.633    8.879    9.321    9.618
            0.498333  0.003333  0.500000
  -37.058  -37.055  -18.092  -18.090  -18.053  -18.044  -18.032  -18.006    3.545    5.051
    5.366    5.387    6.562    6.621    6.928    8.335    8.634    8.876    9.316    9.625
            0.496667  0.006667  0.500000
  -37.058  -37.055  -18.092  -18.090  -18.053  -18.045  -18.032  -18.006    3.531    5.043
    5.366    5.395    6.563    6.629    6.926    8.331    8.635    8.874    9.311    9.632
            0.495000  0.010000  0.500000
  -37.058  -37.055  -18.093  -18.090  -18.052  -18.045  -18.031  -18.006    3.517    5.036
    5.365    5.404    6.563    6.639    6.924    8.327    8.637    8.872    9.306    9.638
            0.493333  0.013333  0.500000
  -37.058  -37.055  -18.093  -18.090  -18.052  -18.045  -18.031  -18.006    3.504    5.029
    5.364    5.413    6.562    6.648    6.923    8.323    8.638    8.870    9.300    9.644
            0.491667  0.016667  0.500000
  -37.058  -37.055  -18.093  -18.090  -18.052  -18.045  -18.031  -18.006    3.491    5.022
    5.362    5.422    6.561    6.658    6.923    8.319    8.639    8.868    9.295    9.649
            0.490000  0.020000  0.500000
  -37.058  -37.055  -18.093  -18.089  -18.052  -18.045  -18.031  -18.006    3.478    5.014
    5.360    5.431    6.559    6.668    6.924    8.315    8.641    8.866    9.290    9.653
            0.488333  0.023333  0.500000
  -37.058  -37.055  -18.093  -18.089  -18.051  -18.044  -18.031  -18.006    3.465    5.007
    5.359    5.439    6.558    6.677    6.925    8.312    8.642    8.864    9.284    9.657
            0.486667  0.026667  0.500000
  -37.058  -37.055  -18.094  -18.089  -18.051  -18.044  -18.030  -18.005    3.452    5.000
    5.357    5.447    6.556    6.686    6.927    8.309    8.644    8.862    9.279    9.661
            0.485000  0.030000  0.500000
  -37.058  -37.055  -18.094  -18.089  -18.051  -18.044  -18.030  -18.005    3.440    4.992
    5.355    5.454    6.554    6.694    6.930    8.306    8.645    8.860    9.273    9.663
            0.483333  0.033333  0.500000
  -37.058  -37.055  -18.094  -18.088  -18.051  -18.044  -18.030  -18.005    3.428    4.985
    5.353    5.461    6.552    6.702    6.934    8.303    8.647    8.858    9.268    9.665
            0.481667  0.036667  0.500000
  -37.059  -37.055  -18.095  -18.088  -18.051  -18.044  -18.029  -18.005    3.416    4.977
    5.351    5.467    6.550    6.709    6.939    8.301    8.649    8.856    9.262    9.667
            0.480000  0.040000  0.500000
  -37.059  -37.055  -18.095  -18.088  -18.051  -18.044  -18.029  -18.005    3.404    4.970
    5.349    5.473    6.549    6.715    6.945    8.298    8.651    8.854    9.257    9.667
            0.478333  0.043333  0.500000
  -37.059  -37.055  -18.095  -18.088  -18.051  -18.044  -18.029  -18.005    3.392    4.962
    5.347    5.479    6.547    6.720    6.951    8.296    8.653    8.853    9.251    9.667
            0.476667  0.046667  0.500000
  -37.059  -37.055  -18.095  -18.088  -18.050  -18.044  -18.028  -18.005    3.381    4.955
    5.346    5.484    6.545    6.725    6.959    8.294    8.655    8.851    9.245    9.667
            0.475000  0.050000  0.500000
  -37.059  -37.055  -18.096  -18.087  -18.050  -18.043  -18.028  -18.005    3.369    4.948
    5.344    5.488    6.544    6.730    6.967    8.292    8.657    8.849    9.239    9.665
            0.473333  0.053333  0.500000
  -37.059  -37.055  -18.096  -18.087  -18.050  -18.043  -18.027  -18.004    3.358    4.940
    5.342    5.493    6.542    6.734    6.976    8.291    8.659    8.847    9.234    9.664
            0.471667  0.056667  0.500000
  -37.059  -37.055  -18.096  -18.087  -18.050  -18.043  -18.027  -18.004    3.347    4.933
    5.340    5.497    6.541    6.737    6.986    8.290    8.662    8.845    9.228    9.661
            0.470000  0.060000  0.500000
  -37.059  -37.055  -18.097  -18.087  -18.050  -18.043  -18.026  -18.004    3.337    4.926
    5.338    5.500    6.539    6.740    6.996    8.289    8.664    8.844    9.222    9.659
            0.468333  0.063333  0.500000
  -37.059  -37.055  -18.097  -18.087  -18.050  -18.042  -18.026  -18.004    3.326    4.918
    5.337    5.503    6.538    6.742    7.006    8.288    8.666    8.842    9.216    9.656
            0.466667  0.066667  0.500000
  -37.059  -37.055  -18.097  -18.087  -18.050  -18.042  -18.025  -18.004    3.316    4.911
    5.335    5.506    6.537    6.744    7.017    8.287    8.668    8.840    9.210    9.652
            0.465000  0.070000  0.500000
  -37.059  -37.055  -18.098  -18.087  -18.050  -18.042  -18.025  -18.004    3.306    4.904
    5.333    5.509    6.536    6.746    7.029    8.287    8.671    8.838    9.205    9.648
            0.463333  0.073333  0.500000
  -37.059  -37.055  -18.098  -18.087  -18.050  -18.042  -18.025  -18.004    3.296    4.897
    5.331    5.511    6.535    6.748    7.040    8.287    8.673    8.837    9.199    9.644
            0.461667  0.076667  0.500000
  -37.059  -37.055  -18.098  -18.087  -18.050  -18.041  -18.024  -18.004    3.287    4.890
    5.330    5.513    6.533    6.749    7.052    8.287    8.675    8.835    9.193    9.639
            0.460000  0.080000  0.500000
  -37.059  -37.055  -18.098  -18.086  -18.050  -18.041  -18.024  -18.004    3.277    4.883
    5.328    5.514    6.533    6.750    7.064    8.288    8.678    8.833    9.187    9.635
            0.458333  0.083333  0.500000
  -37.059  -37.055  -18.099  -18.086  -18.050  -18.041  -18.023  -18.004    3.268    4.877
    5.326    5.516    6.532    6.751    7.076    8.288    8.680    8.831    9.181    9.630
            0.456667  0.086667  0.500000
  -37.059  -37.055  -18.099  -18.086  -18.050  -18.041  -18.023  -18.003    3.259    4.870
    5.325    5.517    6.531    6.752    7.088    8.289    8.682    8.830    9.175    9.625
            0.455000  0.090000  0.500000
  -37.059  -37.055  -18.099  -18.086  -18.050  -18.040  -18.022  -18.003    3.250    4.863
    5.323    5.517    6.530    6.753    7.100    8.291    8.684    8.828    9.170    9.620
            0.453333  0.093333  0.500000
  -37.059  -37.055  -18.100  -18.086  -18.051  -18.040  -18.022  -18.003    3.242    4.857
    5.321    5.518    6.529    6.754    7.112    8.292    8.686    8.827    9.164    9.614
            0.451667  0.096667  0.500000
  -37.059  -37.055  -18.100  -18.086  -18.051  -18.040  -18.021  -18.003    3.234    4.850
    5.320    5.518    6.529    6.754    7.124    8.294    8.688    8.825    9.158    9.609
            0.450000  0.100000  0.500000
  -37.059  -37.055  -18.100  -18.086  -18.051  -18.039  -18.020  -18.003    3.226    4.844
    5.318    5.518    6.528    6.755    7.136    8.296    8.690    8.824    9.153    9.604
            0.448333  0.103333  0.500000
  -37.059  -37.055  -18.100  -18.086  -18.051  -18.039  -18.020  -18.003    3.218    4.838
    5.317    5.518    6.528    6.755    7.147    8.299    8.691    8.822    9.147    9.598
            0.446667  0.106667  0.500000
  -37.059  -37.055  -18.101  -18.086  -18.051  -18.039  -18.019  -18.003    3.210    4.832
    5.315    5.518    6.527    6.756    7.159    8.302    8.693    8.821    9.141    9.593
            0.445000  0.110000  0.500000
  -37.059  -37.055  -18.101  -18.086  -18.051  -18.038  -18.019  -18.003    3.203    4.826
    5.313    5.518    6.527    6.757    7.171    8.305    8.694    8.820    9.136    9.587
            0.443333  0.113333  0.500000
  -37.059  -37.055  -18.101  -18.086  -18.051  -18.038  -18.019  -18.003    3.196    4.820
    5.312    5.517    6.526    6.757    7.182    8.308    8.695    8.819    9.131    9.582
            0.441667  0.116667  0.500000
  -37.059  -37.055  -18.101  -18.086  -18.051  -18.038  -18.018  -18.003    3.189    4.815
    5.310    5.517    6.526    6.758    7.193    8.311    8.696    8.817    9.125    9.576
            0.440000  0.120000  0.500000
  -37.059  -37.055  -18.102  -18.087  -18.051  -18.038  -18.018  -18.003    3.183    4.809
    5.309    5.516    6.525    6.758    7.204    8.315    8.697    8.816    9.120    9.571
            0.438333  0.123333  0.500000
  -37.060  -37.055  -18.102  -18.087  -18.051  -18.037  -18.017  -18.003    3.176    4.804
    5.307    5.515    6.525    6.759    7.214    8.319    8.697    8.816    9.115    9.565
            0.436667  0.126667  0.500000
  -37.060  -37.055  -18.102  -18.087  -18.051  -18.037  -18.017  -18.003    3.170    4.799
    5.306    5.514    6.525    6.759    7.225    8.324    8.697    8.815    9.110    9.560
            0.435000  0.130000  0.500000
  -37.060  -37.055  -18.102  -18.087  -18.051  -18.037  -18.016  -18.003    3.165    4.794
    5.304    5.513    6.524    6.760    7.235    8.329    8.697    8.814    9.106    9.555
            0.433333  0.133333  0.500000
  -37.060  -37.055  -18.103  -18.087  -18.051  -18.036  -18.016  -18.003    3.159    4.789
    5.303    5.512    6.524    6.760    7.245    8.334    8.697    8.813    9.101    9.549
            0.431667  0.136667  0.500000
  -37.060  -37.055  -18.103  -18.087  -18.051  -18.036  -18.015  -18.003    3.154    4.784
    5.301    5.511    6.524    6.761    7.254    8.339    8.696    8.813    9.097    9.544
            0.430000  0.140000  0.500000
  -37.060  -37.055  -18.103  -18.087  -18.051  -18.036  -18.015  -18.003    3.149    4.780
    5.300    5.510    6.523    6.761    7.264    8.344    8.695    8.812    9.092    9.539
            0.428333  0.143333  0.500000
  -37.060  -37.055  -18.103  -18.087  -18.051  -18.036  -18.014  -18.003    3.144    4.775
    5.298    5.509    6.523    6.762    7.273    8.350    8.694    8.812    9.088    9.534
            0.426667  0.146667  0.500000
  -37.060  -37.055  -18.103  -18.087  -18.051  -18.035  -18.014  -18.003    3.139    4.771
    5.297    5.507    6.523    6.762    7.281    8.356    8.692    8.811    9.084    9.530
            0.425000  0.150000  0.500000
  -37.060  -37.055  -18.104  -18.087  -18.051  -18.035  -18.014  -18.003    3.135    4.767
    5.295    5.506    6.523    6.763    7.289    8.362    8.690    8.811    9.081    9.525
            0.423333  0.153333  0.500000
  -37.060  -37.055  -18.104  -18.087  -18.051  -18.035  -18.013  -18.003    3.131    4.763
    5.294    5.505    6.522    6.763    7.297    8.369    8.688    8.811    9.077    9.520
            0.421667  0.156667  0.500000
  -37.060  -37.055  -18.104  -18.087  -18.051  -18.035  -18.013  -18.003    3.127    4.760
    5.292    5.504    6.522    6.763    7.305    8.375    8.686    8.811    9.074    9.516
            0.420000  0.160000  0.500000
  -37.060  -37.055  -18.104  -18.087  -18.051  -18.035  -18.013  -18.003    3.124    4.756
    5.291    5.502    6.522    6.764    7.312    8.382    8.683    8.810    9.071    9.512
            0.418333  0.163333  0.500000
  -37.060  -37.055  -18.104  -18.087  -18.051  -18.034  -18.012  -18.003    3.120    4.753
    5.289    5.501    6.521    6.764    7.319    8.389    8.680    8.810    9.069    9.508
            0.416667  0.166667  0.500000
  -37.060  -37.055  -18.104  -18.087  -18.051  -18.034  -18.012  -18.003    3.117    4.750
    5.288    5.500    6.521    6.765    7.326    8.396    8.677    8.810    9.066    9.504
            0.415000  0.170000  0.500000
  -37.060  -37.055  -18.105  -18.087  -18.051  -18.034  -18.012  -18.003    3.115    4.747
    5.287    5.499    6.521    6.765    7.332    8.404    8.673    8.810    9.064    9.500
            0.413333  0.173333  0.500000
  -37.060  -37.055  -18.105  -18.088  -18.051  -18.034  -18.011  -18.003    3.112    4.744
    5.285    5.498    6.520    6.766    7.338    8.411    8.669    8.810    9.062    9.496
            0.411667  0.176667  0.500000
  -37.060  -37.055  -18.105  -18.088  -18.052  -18.034  -18.011  -18.003    3.110    4.741
    5.284    5.497    6.520    6.766    7.343    8.419    8.666    8.810    9.060    9.493
            0.410000  0.180000  0.500000
  -37.060  -37.055  -18.105  -18.088  -18.052  -18.033  -18.011  -18.003    3.108    4.739
    5.283    5.495    6.520    6.766    7.348    8.427    8.661    8.810    9.058    9.490
            0.408333  0.183333  0.500000
  -37.060  -37.055  -18.105  -18.088  -18.052  -18.033  -18.010  -18.003    3.106    4.737
    5.281    5.494    6.519    6.767    7.353    8.434    8.657    8.810    9.057    9.487
            0.406667  0.186667  0.500000
  -37.060  -37.055  -18.105  -18.088  -18.052  -18.033  -18.010  -18.003    3.105    4.735
    5.280    5.493    6.519    6.767    7.357    8.442    8.653    8.810    9.056    9.484
            0.405000  0.190000  0.500000
  -37.060  -37.055  -18.105  -18.088  -18.052  -18.033  -18.010  -18.003    3.104    4.733
    5.279    5.493    6.519    6.767    7.361    8.450    8.648    8.810    9.055    9.481
            0.403333  0.193333  0.500000
  -37.060  -37.055  -18.106  -18.088  -18.052  -18.033  -18.010  -18.003    3.103    4.732
    5.277    5.492    6.518    6.768    7.365    8.457    8.644    8.810    9.054    9.479
            0.401667  0.196667  0.500000
  -37.060  -37.055  -18.106  -18.088  -18.052  -18.033  -18.010  -18.003    3.102    4.730
    5.276    5.491    6.518    6.768    7.368    8.465    8.639    8.810    9.053    9.477
            0.400000  0.200000  0.500000
  -37.060  -37.055  -18.106  -18.088  -18.052  -18.033  -18.009  -18.003    3.102    4.729
    5.275    5.490    6.517    6.768    7.371    8.472    8.635    8.810    9.052    9.475
            0.398333  0.203333  0.500000
  -37.060  -37.055  -18.106  -18.088  -18.052  -18.033  -18.009  -18.003    3.102    4.728
    5.273    5.489    6.517    6.768    7.373    8.479    8.630    8.810    9.052    9.473
            0.396667  0.206667  0.500000
  -37.060  -37.055  -18.106  -18.088  -18.052  -18.033  -18.009  -18.003    3.102    4.728
    5.272    5.489    6.516    6.769    7.375    8.485    8.626    8.811    9.052    9.472
            0.395000  0.210000  0.500000
  -37.060  -37.055  -18.106  -18.088  -18.052  -18.033  -18.009  -18.003    3.103    4.727
    5.271    5.488    6.516    6.769    7.377    8.491    8.623    8.811    9.051    9.470
            0.393333  0.213333  0.500000
  -37.060  -37.055  -18.106  -18.088  -18.052  -18.032  -18.009  -18.003    3.103    4.727
    5.270    5.488    6.515    6.769    7.378    8.496    8.620    8.812    9.051    9.469
            0.391667  0.216667  0.500000
  -37.060  -37.055  -18.106  -18.088  -18.052  -18.032  -18.009  -18.003    3.105    4.727
    5.269    5.487    6.514    6.769    7.379    8.500    8.618    8.812    9.051    9.469
            0.390000  0.220000  0.500000
  -37.060  -37.055  -18.106  -18.088  -18.052  -18.032  -18.009  -18.003    3.106    4.727
    5.268    5.487    6.514    6.769    7.379    8.504    8.617    8.813    9.051    9.468
            0.388333  0.223333  0.500000
  -37.060  -37.055  -18.106  -18.088  -18.052  -18.032  -18.009  -18.003    3.107    4.727
    5.266    5.487    6.513    6.769    7.379    8.505    8.617    8.813    9.051    9.468
            0.386667  0.226667  0.500000
  -37.060  -37.055  -18.106  -18.088  -18.052  -18.032  -18.009  -18.003    3.109    4.728
    5.265    5.487    6.512    6.770    7.379    8.506    8.618    8.814    9.052    9.468
            0.385000  0.230000  0.500000
  -37.060  -37.055  -18.106  -18.089  -18.051  -18.033  -18.009  -18.003    3.111    4.729
    5.264    5.486    6.512    6.770    7.378    8.505    8.620    8.815    9.052    9.468
            0.383333  0.233333  0.500000
  -37.060  -37.055  -18.106  -18.089  -18.051  -18.033  -18.009  -18.003    3.114    4.730
    5.263    5.486    6.511    6.770    7.377    8.503    8.623    8.816    9.052    9.468
            0.381667  0.236667  0.500000
  -37.060  -37.055  -18.106  -18.089  -18.051  -18.033  -18.009  -18.003    3.116    4.731
    5.262    5.486    6.510    6.770    7.376    8.500    8.627    8.817    9.053    9.469
            0.380000  0.240000  0.500000
  -37.060  -37.055  -18.106  -18.089  -18.051  -18.033  -18.009  -18.003    3.119    4.732
    5.261    5.486    6.510    6.770    7.374    8.497    8.632    8.818    9.054    9.470
            0.378333  0.243333  0.500000
  -37.060  -37.055  -18.106  -18.089  -18.051  -18.033  -18.009  -18.003    3.122    4.734
    5.260    5.487    6.509    6.770    7.372    8.492    8.637    8.819    9.054    9.471
            0.376667  0.246667  0.500000
  -37.060  -37.055  -18.106  -18.089  -18.051  -18.033  -18.009  -18.003    3.126    4.736
    5.259    5.487    6.508    6.770    7.369    8.487    8.643    8.820    9.056    9.473
            0.375000  0.250000  0.500000
  -37.060  -37.055  -18.106  -18.089  -18.051  -18.033  -18.010  -18.003    3.129    4.738
    5.258    5.487    6.507    6.770    7.366    8.482    8.649    8.821    9.057    9.475
            0.373333  0.253333  0.500000
  -37.060  -37.055  -18.106  -18.089  -18.051  -18.033  -18.010  -18.003    3.133    4.740
    5.257    5.487    6.506    6.770    7.363    8.476    8.654    8.823    9.058    9.476
            0.371667  0.256667  0.500000
  -37.060  -37.055  -18.106  -18.089  -18.051  -18.033  -18.010  -18.003    3.138    4.743
    5.257    5.488    6.505    6.770    7.359    8.470    8.660    8.824    9.060    9.479
            0.370000  0.260000  0.500000
  -37.060  -37.055  -18.106  -18.089  -18.051  -18.033  -18.010  -18.003    3.142    4.746
    5.256    5.488    6.504    6.770    7.355    8.464    8.666    8.825    9.061    9.481
            0.368333  0.263333  0.500000
  -37.060  -37.055  -18.106  -18.089  -18.051  -18.033  -18.011  -18.003    3.147    4.748
    5.255    5.489    6.503    6.770    7.350    8.458    8.671    8.826    9.064    9.484
            0.366667  0.266667  0.500000
  -37.060  -37.055  -18.106  -18.089  -18.051  -18.034  -18.011  -18.003    3.152    4.752
    5.254    5.489    6.502    6.770    7.345    8.452    8.677    8.828    9.066    9.487
            0.365000  0.270000  0.500000
  -37.060  -37.055  -18.106  -18.089  -18.051  -18.034  -18.011  -18.003    3.157    4.755
    5.253    5.490    6.501    6.770    7.340    8.446    8.682    8.829    9.068    9.490
            0.363333  0.273333  0.500000
  -37.060  -37.055  -18.106  -18.089  -18.051  -18.034  -18.011  -18.003    3.163    4.758
    5.253    5.490    6.500    6.770    7.334    8.440    8.687    8.831    9.071    9.493
            0.361667  0.276667  0.500000
  -37.060  -37.055  -18.106  -18.089  -18.051  -18.034  -18.012  -18.003    3.169    4.762
    5.252    5.491    6.499    6.770    7.328    8.434    8.691    8.832    9.075    9.496
            0.360000  0.280000  0.500000
  -37.060  -37.055  -18.106  -18.089  -18.051  -18.034  -18.012  -18.003    3.175    4.766
    5.251    5.492    6.498    6.770    7.322    8.428    8.695    8.834    9.078    9.500
            0.358333  0.283333  0.500000
  -37.060  -37.055  -18.106  -18.089  -18.051  -18.035  -18.012  -18.003    3.181    4.770
    5.251    5.493    6.497    6.770    7.315    8.422    8.699    8.835    9.082    9.504
            0.356667  0.286667  0.500000
  -37.060  -37.055  -18.106  -18.089  -18.051  -18.035  -18.013  -18.003    3.188    4.775
    5.250    5.493    6.496    6.770    7.308    8.417    8.702    8.837    9.086    9.508
            0.355000  0.290000  0.500000
  -37.060  -37.055  -18.105  -18.089  -18.051  -18.035  -18.013  -18.003    3.194    4.779
    5.249    5.494    6.495    6.770    7.301    8.411    8.705    8.838    9.090    9.512
            0.353333  0.293333  0.500000
  -37.059  -37.055  -18.105  -18.089  -18.051  -18.035  -18.014  -18.003    3.202    4.784
    5.249    5.495    6.494    6.769    7.293    8.406    8.708    8.840    9.095    9.517
            0.351667  0.296667  0.500000
  -37.059  -37.055  -18.105  -18.089  -18.051  -18.036  -18.014  -18.003    3.209    4.789
    5.248    5.495    6.493    6.769    7.285    8.401    8.710    8.841    9.100    9.521
            0.350000  0.300000  0.500000
  -37.059  -37.055  -18.105  -18.089  -18.050  -18.036  -18.014  -18.003    3.216    4.794
    5.248    5.496    6.492    6.769    7.277    8.396    8.711    8.843    9.105    9.526
            0.348333  0.303333  0.500000
  -37.059  -37.055  -18.105  -18.089  -18.050  -18.036  -18.015  -18.003    3.224    4.799
    5.247    5.497    6.490    6.769    7.268    8.391    8.712    8.845    9.111    9.531
            0.346667  0.306667  0.500000
  -37.059  -37.055  -18.105  -18.089  -18.050  -18.036  -18.015  -18.003    3.232    4.805
    5.247    5.498    6.489    6.769    7.259    8.386    8.713    8.847    9.116    9.536
            0.345000  0.310000  0.500000
  -37.059  -37.055  -18.105  -18.089  -18.050  -18.037  -18.016  -18.003    3.241    4.811
    5.246    5.498    6.488    6.769    7.250    8.382    8.714    8.849    9.122    9.541
            0.343333  0.313333  0.500000
  -37.059  -37.055  -18.105  -18.088  -18.050  -18.037  -18.016  -18.003    3.249    4.817
    5.246    5.499    6.487    6.769    7.240    8.378    8.714    8.851    9.128    9.546
            0.341667  0.316667  0.500000
  -37.059  -37.055  -18.104  -18.088  -18.050  -18.037  -18.017  -18.004    3.258    4.823
    5.246    5.499    6.486    6.769    7.231    8.374    8.713    8.853    9.135    9.551
            0.340000  0.320000  0.500000
  -37.059  -37.055  -18.104  -18.088  -18.050  -18.037  -18.017  -18.004    3.267    4.829
    5.245    5.500    6.484    6.768    7.221    8.370    8.713    8.855    9.141    9.557
            0.338333  0.323333  0.500000
  -37.059  -37.055  -18.104  -18.088  -18.050  -18.038  -18.018  -18.004    3.277    4.835
    5.245    5.500    6.483    6.768    7.210    8.367    8.712    8.857    9.147    9.562
            0.336667  0.326667  0.500000
  -37.059  -37.055  -18.104  -18.088  -18.050  -18.038  -18.018  -18.004    3.286    4.842
    5.245    5.501    6.482    6.768    7.200    8.364    8.711    8.859    9.154    9.568
            0.335000  0.330000  0.500000
  -37.059  -37.055  -18.104  -18.088  -18.050  -18.038  -18.019  -18.004    3.296    4.849
    5.244    5.501    6.481    6.768    7.189    8.361    8.709    8.861    9.161    9.573
            0.333333  0.333333  0.500000
  -37.059  -37.055  -18.103  -18.088  -18.050  -18.039  -18.019  -18.004    3.306    4.855
    5.244    5.501    6.479    6.767    7.178    8.358    8.707    8.863    9.168    9.579
