 written on 29Aug2025 at 15:58:35 
           8
          83
    1    1    2    1    1    1    1    1    1    2    1    1    1    1    1
    1    1    1    1    1    1    1    1    1    1    1    1    1    1    1
    1    1    1    1    1    1    1    1    1    1    1    1    1    1    1
    1    1    1    1    1    1    1    1    1    1    1    1    1    1    1
    1    1    1    1    1    1    1    1    1    1    1    1    1    2    1
    1    1    1    1    1    2    1    1
   -5   -3    0    1    1    0.002078    0.000000
   -5   -3    0    2    1    0.000000    0.000000
   -5   -3    0    3    1   -0.002686    0.000000
   -5   -3    0    4    1   -0.003403    0.000000
   -5   -3    0    5    1    0.001355    0.000000
   -5   -3    0    6    1    0.000000   -0.000000
   -5   -3    0    7    1    0.002898    0.000000
   -5   -3    0    8    1   -0.000354    0.000000
   -5   -3    0    1    2    0.000000   -0.000000
   -5   -3    0    2    2    0.000051    0.000000
   -5   -3    0    3    2   -0.000000    0.000000
   -5   -3    0    4    2   -0.000000    0.000000
   -5   -3    0    5    2    0.000000    0.000000
   -5   -3    0    6    2    0.000113   -0.000000
   -5   -3    0    7    2    0.000000   -0.000000
   -5   -3    0    8    2    0.000000   -0.000000
   -5   -3    0    1    3   -0.001794   -0.000000
   -5   -3    0    2    3   -0.000000   -0.000000
   -5   -3    0    3    3    0.001576   -0.000000
   -5   -3    0    4    3    0.001821    0.000000
   -5   -3    0    5    3   -0.002898   -0.000000
   -5   -3    0    6    3   -0.000000    0.000000
   -5   -3    0    7    3   -0.000157   -0.000000
   -5   -3    0    8    3    0.000817    0.000000
   -5   -3    0    1    4    0.000096    0.000000
   -5   -3    0    2    4    0.000000   -0.000000
   -5   -3    0    3    4    0.001131    0.000000
   -5   -3    0    4    4   -0.002942    0.000000
   -5   -3    0    5    4    0.000354    0.000000
   -5   -3    0    6    4   -0.000000   -0.000000
   -5   -3    0    7    4    0.000817   -0.000000
   -5   -3    0    8    4   -0.003694   -0.000000
   -5   -3    0    1    5   -0.000521    0.000000
   -5   -3    0    2    5    0.000000    0.000000
   -5   -3    0    3    5   -0.000463   -0.000000
   -5   -3    0    4    5   -0.001971    0.000000
   -5   -3    0    5    5    0.002078   -0.000000
   -5   -3    0    6    5    0.000000   -0.000000
   -5   -3    0    7    5    0.001794   -0.000000
   -5   -3    0    8    5   -0.000096    0.000000
   -5   -3    0    1    6   -0.000000   -0.000000
   -5   -3    0    2    6    0.000124   -0.000000
   -5   -3    0    3    6    0.000000    0.000000
   -5   -3    0    4    6   -0.000000    0.000000
   -5   -3    0    5    6    0.000000    0.000000
   -5   -3    0    6    6    0.000051   -0.000000
   -5   -3    0    7    6    0.000000    0.000000
   -5   -3    0    8    6   -0.000000    0.000000
   -5   -3    0    1    7    0.000463   -0.000000
   -5   -3    0    2    7   -0.000000    0.000000
   -5   -3    0    3    7    0.000408    0.000000
   -5   -3    0    4    7    0.001469    0.000000
   -5   -3    0    5    7    0.002686    0.000000
   -5   -3    0    6    7    0.000000    0.000000
   -5   -3    0    7    7    0.001576   -0.000000
   -5   -3    0    8    7    0.001131   -0.000000
   -5   -3    0    1    8    0.001971   -0.000000
   -5   -3    0    2    8    0.000000    0.000000
   -5   -3    0    3    8    0.001469    0.000000
   -5   -3    0    4    8   -0.001463    0.000000
   -5   -3    0    5    8    0.003403    0.000000
   -5   -3    0    6    8    0.000000   -0.000000
   -5   -3    0    7    8    0.001821   -0.000000
   -5   -3    0    8    8   -0.002942    0.000000
   -5   -2    0    1    1   -0.002236   -0.000000
   -5   -2    0    2    1   -0.000000    0.000000
   -5   -2    0    3    1    0.000713   -0.000000
   -5   -2    0    4    1    0.000494   -0.000000
   -5   -2    0    5    1    0.000038   -0.000000
   -5   -2    0    6    1    0.000000   -0.000000
   -5   -2    0    7    1   -0.000000   -0.000000
   -5   -2    0    8    1    0.000719    0.000000
   -5   -2    0    1    2   -0.000000   -0.000000
   -5   -2    0    2    2    0.000051   -0.000000
   -5   -2    0    3    2   -0.000000   -0.000000
   -5   -2    0    4    2   -0.000000   -0.000000
   -5   -2    0    5    2    0.000000   -0.000000
   -5   -2    0    6    2    0.000145   -0.000000
   -5   -2    0    7    2    0.000000    0.000000
   -5   -2    0    8    2   -0.000000    0.000000
   -5   -2    0    1    3    0.002468    0.000000
   -5   -2    0    2    3    0.000000    0.000000
   -5   -2    0    3    3   -0.001592    0.000000
   -5   -2    0    4    3   -0.000786   -0.000000
   -5   -2    0    5    3    0.000000   -0.000000
   -5   -2    0    6    3    0.000000    0.000000
   -5   -2    0    7    3    0.000021   -0.000000
   -5   -2    0    8    3    0.000000   -0.000000
   -5   -2    0    1    4   -0.001717   -0.000000
   -5   -2    0    2    4   -0.000000    0.000000
   -5   -2    0    3    4    0.002232    0.000000
   -5   -2    0    4    4    0.004541    0.000000
   -5   -2    0    5    4   -0.000719   -0.000000
   -5   -2    0    6    4    0.000000    0.000000
   -5   -2    0    7    4    0.000000   -0.000000
   -5   -2    0    8    4    0.002977    0.000000
   -5   -2    0    1    5   -0.002605   -0.000000
   -5   -2    0    2    5   -0.000000    0.000000
   -5   -2    0    3    5    0.002421    0.000000
   -5   -2    0    4    5    0.003736   -0.000000
   -5   -2    0    5    5   -0.002236    0.000000
   -5   -2    0    6    5   -0.000000    0.000000
   -5   -2    0    7    5   -0.002468    0.000000
   -5   -2    0    8    5    0.001717   -0.000000
   -5   -2    0    1    6   -0.000000   -0.000000
   -5   -2    0    2    6   -0.000922    0.000000
   -5   -2    0    3    6   -0.000000   -0.000000
   -5   -2    0    4    6    0.000000   -0.000000
   -5   -2    0    5    6   -0.000000    0.000000
   -5   -2    0    6    6    0.000051    0.000000
   -5   -2    0    7    6   -0.000000   -0.000000
   -5   -2    0    8    6    0.000000    0.000000
   -5   -2    0    1    7   -0.002421    0.000000
   -5   -2    0    2    7    0.000000   -0.000000
   -5   -2    0    3    7   -0.008637    0.000000
   -5   -2    0    4    7   -0.004953    0.000000
   -5   -2    0    5    7   -0.000713    0.000000
   -5   -2    0    6    7    0.000000   -0.000000
   -5   -2    0    7    7   -0.001592   -0.000000
   -5   -2    0    8    7    0.002232   -0.000000
   -5   -2    0    1    8   -0.003736    0.000000
   -5   -2    0    2    8   -0.000000    0.000000
   -5   -2    0    3    8   -0.004953    0.000000
   -5   -2    0    4    8    0.000428    0.000000
   -5   -2    0    5    8   -0.000494    0.000000
   -5   -2    0    6    8    0.000000   -0.000000
   -5   -2    0    7    8   -0.000786    0.000000
   -5   -2    0    8    8    0.004541   -0.000000
   -5   -1    0    1    1    0.000287   -0.000000
   -5   -1    0    2    1    0.000000    0.000000
   -5   -1    0    3    1    0.000000    0.000000
   -5   -1    0    4    1   -0.001010    0.000000
   -5   -1    0    5    1    0.000755   -0.000000
   -5   -1    0    6    1   -0.000000    0.000000
   -5   -1    0    7    1   -0.000588   -0.000000
   -5   -1    0    8    1   -0.001868   -0.000000
   -5   -1    0    1    2   -0.000000    0.000000
   -5   -1    0    2    2    0.000148   -0.000000
   -5   -1    0    3    2   -0.000000   -0.000000
   -5   -1    0    4    2   -0.000000   -0.000000
   -5   -1    0    5    2   -0.000000   -0.000000
   -5   -1    0    6    2    0.000054   -0.000000
   -5   -1    0    7    2   -0.000000    0.000000
   -5   -1    0    8    2    0.000000    0.000000
   -5   -1    0    1    3    0.000000    0.000000
   -5   -1    0    2    3   -0.000000   -0.000000
   -5   -1    0    3    3    0.000908   -0.000000
   -5   -1    0    4    3    0.000000   -0.000000
   -5   -1    0    5    3    0.000588   -0.000000
   -5   -1    0    6    3    0.000000   -0.000000
   -5   -1    0    7    3   -0.000399    0.000000
   -5   -1    0    8    3   -0.000860   -0.000000
   -5   -1    0    1    4    0.001526   -0.000000
   -5   -1    0    2    4    0.000000    0.000000
   -5   -1    0    3    4   -0.000000    0.000000
   -5   -1    0    4    4   -0.000279   -0.000000
   -5   -1    0    5    4    0.001868    0.000000
   -5   -1    0    6    4   -0.000000   -0.000000
   -5   -1    0    7    4   -0.000860    0.000000
   -5   -1    0    8    4   -0.003139   -0.000000
   -5   -1    0    1    5    0.003287   -0.000000
   -5   -1    0    2    5    0.000000   -0.000000
   -5   -1    0    3    5   -0.000778   -0.000000
   -5   -1    0    4    5   -0.000510   -0.000000
   -5   -1    0    5    5    0.000287   -0.000000
   -5   -1    0    6    5    0.000000    0.000000
   -5   -1    0    7    5   -0.000000    0.000000
   -5   -1    0    8    5   -0.001526    0.000000
   -5   -1    0    1    6    0.000000    0.000000
   -5   -1    0    2    6    0.000124   -0.000000
   -5   -1    0    3    6   -0.000000    0.000000
   -5   -1    0    4    6   -0.000000    0.000000
   -5   -1    0    5    6    0.000000    0.000000
   -5   -1    0    6    6    0.000148    0.000000
   -5   -1    0    7    6    0.000000    0.000000
   -5   -1    0    8    6   -0.000000    0.000000
   -5   -1    0    1    7    0.000778    0.000000
   -5   -1    0    2    7    0.000000   -0.000000
   -5   -1    0    3    7    0.002749   -0.000000
   -5   -1    0    4    7   -0.000273   -0.000000
   -5   -1    0    5    7   -0.000000   -0.000000
   -5   -1    0    6    7    0.000000    0.000000
   -5   -1    0    7    7    0.000908    0.000000
   -5   -1    0    8    7   -0.000000    0.000000
   -5   -1    0    1    8    0.000510    0.000000
   -5   -1    0    2    8    0.000000    0.000000
   -5   -1    0    3    8   -0.000273   -0.000000
   -5   -1    0    4    8   -0.000182   -0.000000
   -5   -1    0    5    8    0.001010   -0.000000
   -5   -1    0    6    8   -0.000000   -0.000000
   -5   -1    0    7    8    0.000000    0.000000
   -5   -1    0    8    8   -0.000279    0.000000
   -4   -5    0    1    1   -0.000034    0.000000
   -4   -5    0    2    1   -0.000000    0.000000
   -4   -5    0    3    1    0.001254   -0.000000
   -4   -5    0    4    1   -0.000103   -0.000000
   -4   -5    0    5    1   -0.000922    0.000000
   -4   -5    0    6    1    0.000000   -0.000000
   -4   -5    0    7    1    0.003732    0.000000
   -4   -5    0    8    1    0.001856   -0.000000
   -4   -5    0    1    2   -0.000000   -0.000000
   -4   -5    0    2    2    0.000148   -0.000000
   -4   -5    0    3    2    0.000000    0.000000
   -4   -5    0    4    2   -0.000000    0.000000
   -4   -5    0    5    2    0.000000    0.000000
   -4   -5    0    6    2   -0.000721    0.000000
   -4   -5    0    7    2    0.000000    0.000000
   -4   -5    0    8    2   -0.000000   -0.000000
   -4   -5    0    1    3   -0.000336    0.000000
   -4   -5    0    2    3   -0.000000   -0.000000
   -4   -5    0    3    3    0.000446   -0.000000
   -4   -5    0    4    3    0.000659    0.000000
   -4   -5    0    5    3   -0.003732    0.000000
   -4   -5    0    6    3   -0.000000    0.000000
   -4   -5    0    7    3   -0.000442    0.000000
   -4   -5    0    8    3    0.001891    0.000000
   -4   -5    0    1    4    0.001400   -0.000000
   -4   -5    0    2    4    0.000000   -0.000000
   -4   -5    0    3    4   -0.000586   -0.000000
   -4   -5    0    4    4    0.000505   -0.000000
   -4   -5    0    5    4   -0.001856   -0.000000
   -4   -5    0    6    4   -0.000000    0.000000
   -4   -5    0    7    4    0.001891    0.000000
   -4   -5    0    8    4    0.003154    0.000000
   -4   -5    0    1    5   -0.001730   -0.000000
   -4   -5    0    2    5   -0.000000   -0.000000
   -4   -5    0    3    5    0.001737    0.000000
   -4   -5    0    4    5   -0.000070   -0.000000
   -4   -5    0    5    5   -0.000034   -0.000000
   -4   -5    0    6    5   -0.000000   -0.000000
   -4   -5    0    7    5    0.000336    0.000000
   -4   -5    0    8    5   -0.001400    0.000000
   -4   -5    0    1    6   -0.000000   -0.000000
   -4   -5    0    2    6    0.000145   -0.000000
   -4   -5    0    3    6    0.000000    0.000000
   -4   -5    0    4    6   -0.000000   -0.000000
   -4   -5    0    5    6   -0.000000   -0.000000
   -4   -5    0    6    6    0.000148    0.000000
   -4   -5    0    7    6   -0.000000    0.000000
   -4   -5    0    8    6   -0.000000    0.000000
   -4   -5    0    1    7   -0.001737    0.000000
   -4   -5    0    2    7   -0.000000   -0.000000
   -4   -5    0    3    7    0.001681   -0.000000
   -4   -5    0    4    7    0.000160    0.000000
   -4   -5    0    5    7   -0.001254   -0.000000
   -4   -5    0    6    7   -0.000000    0.000000
   -4   -5    0    7    7    0.000446   -0.000000
   -4   -5    0    8    7   -0.000586   -0.000000
   -4   -5    0    1    8    0.000070   -0.000000
   -4   -5    0    2    8    0.000000   -0.000000
   -4   -5    0    3    8    0.000160    0.000000
   -4   -5    0    4    8   -0.000217   -0.000000
   -4   -5    0    5    8    0.000103   -0.000000
   -4   -5    0    6    8    0.000000    0.000000
   -4   -5    0    7    8    0.000659   -0.000000
   -4   -5    0    8    8    0.000505    0.000000
   -4   -4    0    1    1    0.000503    0.000000
   -4   -4    0    2    1   -0.000000   -0.000000
   -4   -4    0    3    1    0.003070   -0.000000
   -4   -4    0    4    1    0.001169   -0.000000
   -4   -4    0    5    1    0.001735    0.000000
   -4   -4    0    6    1    0.000000   -0.000000
   -4   -4    0    7    1    0.002226   -0.000000
   -4   -4    0    8    1   -0.001086    0.000000
   -4   -4    0    1    2   -0.000000   -0.000000
   -4   -4    0    2    2    0.000518    0.000000
   -4   -4    0    3    2    0.000000    0.000000
   -4   -4    0    4    2    0.000000   -0.000000
   -4   -4    0    5    2    0.000000   -0.000000
   -4   -4    0    6    2    0.000054    0.000000
   -4   -4    0    7    2    0.000000    0.000000
   -4   -4    0    8    2   -0.000000   -0.000000
   -4   -4    0    1    3    0.003528    0.000000
   -4   -4    0    2    3    0.000000    0.000000
   -4   -4    0    3    3   -0.001655    0.000000
   -4   -4    0    4    3    0.002407   -0.000000
   -4   -4    0    5    3   -0.002226   -0.000000
   -4   -4    0    6    3   -0.000000   -0.000000
   -4   -4    0    7    3   -0.002057    0.000000
   -4   -4    0    8    3    0.000975    0.000000
   -4   -4    0    1    4    0.001756    0.000000
   -4   -4    0    2    4    0.000000   -0.000000
   -4   -4    0    3    4    0.002249    0.000000
   -4   -4    0    4    4    0.002018   -0.000000
   -4   -4    0    5    4    0.001086    0.000000
   -4   -4    0    6    4    0.000000   -0.000000
   -4   -4    0    7    4    0.000975    0.000000
   -4   -4    0    8    4   -0.000677   -0.000000
   -4   -4    0    1    5    0.000528    0.000000
   -4   -4    0    2    5    0.000000   -0.000000
   -4   -4    0    3    5   -0.001265    0.000000
   -4   -4    0    4    5    0.000238   -0.000000
   -4   -4    0    5    5    0.000503    0.000000
   -4   -4    0    6    5   -0.000000   -0.000000
   -4   -4    0    7    5   -0.003528   -0.000000
   -4   -4    0    8    5   -0.001756   -0.000000
   -4   -4    0    1    6    0.000000    0.000000
   -4   -4    0    2    6    0.000054   -0.000000
   -4   -4    0    3    6   -0.000000    0.000000
   -4   -4    0    4    6    0.000000   -0.000000
   -4   -4    0    5    6   -0.000000    0.000000
   -4   -4    0    6    6    0.000518   -0.000000
   -4   -4    0    7    6   -0.000000   -0.000000
   -4   -4    0    8    6   -0.000000    0.000000
   -4   -4    0    1    7    0.001265   -0.000000
   -4   -4    0    2    7    0.000000    0.000000
   -4   -4    0    3    7   -0.004181    0.000000
   -4   -4    0    4    7    0.000143    0.000000
   -4   -4    0    5    7   -0.003070    0.000000
   -4   -4    0    6    7   -0.000000   -0.000000
   -4   -4    0    7    7   -0.001655   -0.000000
   -4   -4    0    8    7    0.002249   -0.000000
   -4   -4    0    1    8   -0.000238   -0.000000
   -4   -4    0    2    8   -0.000000    0.000000
   -4   -4    0    3    8    0.000143    0.000000
   -4   -4    0    4    8    0.000045    0.000000
   -4   -4    0    5    8   -0.001169    0.000000
   -4   -4    0    6    8   -0.000000   -0.000000
   -4   -4    0    7    8    0.002407   -0.000000
   -4   -4    0    8    8    0.002018   -0.000000
   -4   -3    0    1    1   -0.000633   -0.000000
   -4   -3    0    2    1   -0.000000   -0.000000
   -4   -3    0    3    1   -0.001289    0.000000
   -4   -3    0    4    1    0.002296    0.000000
   -4   -3    0    5    1   -0.002520   -0.000000
   -4   -3    0    6    1   -0.000000    0.000000
   -4   -3    0    7    1   -0.007272    0.000000
   -4   -3    0    8    1   -0.001568   -0.000000
   -4   -3    0    1    2    0.000000   -0.000000
   -4   -3    0    2    2   -0.000615   -0.000000
   -4   -3    0    3    2   -0.000000   -0.000000
   -4   -3    0    4    2    0.000000   -0.000000
   -4   -3    0    5    2   -0.000000   -0.000000
   -4   -3    0    6    2   -0.000445    0.000000
   -4   -3    0    7    2   -0.000000    0.000000
   -4   -3    0    8    2   -0.000000    0.000000
   -4   -3    0    1    3    0.001798   -0.000000
   -4   -3    0    2    3    0.000000    0.000000
   -4   -3    0    3    3    0.000719   -0.000000
   -4   -3    0    4    3   -0.001132   -0.000000
   -4   -3    0    5    3    0.007272    0.000000
   -4   -3    0    6    3    0.000000    0.000000
   -4   -3    0    7    3    0.003638   -0.000000
   -4   -3    0    8    3   -0.002024    0.000000
   -4   -3    0    1    4    0.000311   -0.000000
   -4   -3    0    2    4    0.000000    0.000000
   -4   -3    0    3    4   -0.001166    0.000000
   -4   -3    0    4    4   -0.000573    0.000000
   -4   -3    0    5    4    0.001568   -0.000000
   -4   -3    0    6    4    0.000000    0.000000
   -4   -3    0    7    4   -0.002024    0.000000
   -4   -3    0    8    4   -0.001173   -0.000000
   -4   -3    0    1    5    0.000199   -0.000000
   -4   -3    0    2    5    0.000000    0.000000
   -4   -3    0    3    5   -0.003819   -0.000000
   -4   -3    0    4    5   -0.002084   -0.000000
   -4   -3    0    5    5   -0.000633    0.000000
   -4   -3    0    6    5   -0.000000    0.000000
   -4   -3    0    7    5   -0.001798    0.000000
   -4   -3    0    8    5   -0.000311   -0.000000
   -4   -3    0    1    6    0.000000    0.000000
   -4   -3    0    2    6    0.000259   -0.000000
   -4   -3    0    3    6   -0.000000   -0.000000
   -4   -3    0    4    6    0.000000   -0.000000
   -4   -3    0    5    6   -0.000000   -0.000000
   -4   -3    0    6    6   -0.000615    0.000000
   -4   -3    0    7    6   -0.000000    0.000000
   -4   -3    0    8    6    0.000000    0.000000
   -4   -3    0    1    7    0.003819   -0.000000
   -4   -3    0    2    7    0.000000   -0.000000
   -4   -3    0    3    7    0.000259    0.000000
   -4   -3    0    4    7    0.003303    0.000000
   -4   -3    0    5    7    0.001289    0.000000
   -4   -3    0    6    7    0.000000    0.000000
   -4   -3    0    7    7    0.000719    0.000000
   -4   -3    0    8    7   -0.001166   -0.000000
   -4   -3    0    1    8    0.002084    0.000000
   -4   -3    0    2    8   -0.000000   -0.000000
   -4   -3    0    3    8    0.003303    0.000000
   -4   -3    0    4    8    0.003112   -0.000000
   -4   -3    0    5    8   -0.002296    0.000000
   -4   -3    0    6    8   -0.000000   -0.000000
   -4   -3    0    7    8   -0.001132    0.000000
   -4   -3    0    8    8   -0.000573   -0.000000
   -4   -2    0    1    1    0.003122   -0.000000
   -4   -2    0    2    1   -0.000000   -0.000000
   -4   -2    0    3    1    0.006157   -0.000000
   -4   -2    0    4    1    0.008244    0.000000
   -4   -2    0    5    1    0.000561    0.000000
   -4   -2    0    6    1    0.000000    0.000000
   -4   -2    0    7    1   -0.001233   -0.000000
   -4   -2    0    8    1    0.002228    0.000000
   -4   -2    0    1    2    0.000000    0.000000
   -4   -2    0    2    2    0.002052   -0.000000
   -4   -2    0    3    2    0.000000   -0.000000
   -4   -2    0    4    2    0.000000   -0.000000
   -4   -2    0    5    2    0.000000   -0.000000
   -4   -2    0    6    2   -0.000445   -0.000000
   -4   -2    0    7    2   -0.000000   -0.000000
   -4   -2    0    8    2   -0.000000    0.000000
   -4   -2    0    1    3   -0.007112    0.000000
   -4   -2    0    2    3   -0.000000   -0.000000
   -4   -2    0    3    3    0.005989   -0.000000
   -4   -2    0    4    3    0.005070   -0.000000
   -4   -2    0    5    3    0.001233    0.000000
   -4   -2    0    6    3    0.000000    0.000000
   -4   -2    0    7    3   -0.005388    0.000000
   -4   -2    0    8    3   -0.000038    0.000000
   -4   -2    0    1    4   -0.001801   -0.000000
   -4   -2    0    2    4   -0.000000   -0.000000
   -4   -2    0    3    4   -0.006590   -0.000000
   -4   -2    0    4    4    0.003735   -0.000000
   -4   -2    0    5    4   -0.002228    0.000000
   -4   -2    0    6    4    0.000000    0.000000
   -4   -2    0    7    4   -0.000038   -0.000000
   -4   -2    0    8    4    0.009465    0.000000
   -4   -2    0    1    5   -0.001188   -0.000000
   -4   -2    0    2    5    0.000000   -0.000000
   -4   -2    0    3    5    0.000092    0.000000
   -4   -2    0    4    5   -0.004029   -0.000000
   -4   -2    0    5    5    0.003122    0.000000
   -4   -2    0    6    5    0.000000   -0.000000
   -4   -2    0    7    5    0.007112    0.000000
   -4   -2    0    8    5    0.001801    0.000000
   -4   -2    0    1    6    0.000000    0.000000
   -4   -2    0    2    6   -0.000964   -0.000000
   -4   -2    0    3    6   -0.000000    0.000000
   -4   -2    0    4    6   -0.000000    0.000000
   -4   -2    0    5    6   -0.000000    0.000000
   -4   -2    0    6    6    0.002052    0.000000
   -4   -2    0    7    6    0.000000   -0.000000
   -4   -2    0    8    6    0.000000   -0.000000
   -4   -2    0    1    7   -0.000092    0.000000
   -4   -2    0    2    7    0.000000   -0.000000
   -4   -2    0    3    7   -0.003740   -0.000000
   -4   -2    0    4    7   -0.014789   -0.000000
   -4   -2    0    5    7   -0.006157   -0.000000
   -4   -2    0    6    7   -0.000000   -0.000000
   -4   -2    0    7    7    0.005989    0.000000
   -4   -2    0    8    7   -0.006590   -0.000000
   -4   -2    0    1    8    0.004029   -0.000000
   -4   -2    0    2    8    0.000000   -0.000000
   -4   -2    0    3    8   -0.014789   -0.000000
   -4   -2    0    4    8   -0.008571    0.000000
   -4   -2    0    5    8   -0.008244   -0.000000
   -4   -2    0    6    8   -0.000000   -0.000000
   -4   -2    0    7    8    0.005070    0.000000
   -4   -2    0    8    8    0.003735   -0.000000
   -4   -1    0    1    1    0.000281    0.000000
   -4   -1    0    2    1    0.000000    0.000000
   -4   -1    0    3    1    0.001495   -0.000000
   -4   -1    0    4    1    0.000060   -0.000000
   -4   -1    0    5    1    0.000756   -0.000000
   -4   -1    0    6    1   -0.000000    0.000000
   -4   -1    0    7    1    0.000588    0.000000
   -4   -1    0    8    1   -0.001868    0.000000
   -4   -1    0    1    2   -0.000000    0.000000
   -4   -1    0    2    2   -0.000615   -0.000000
   -4   -1    0    3    2    0.000000    0.000000
   -4   -1    0    4    2    0.000000    0.000000
   -4   -1    0    5    2   -0.000000    0.000000
   -4   -1    0    6    2    0.000054    0.000000
   -4   -1    0    7    2    0.000000   -0.000000
   -4   -1    0    8    2    0.000000   -0.000000
   -4   -1    0    1    3   -0.001027    0.000000
   -4   -1    0    2    3   -0.000000   -0.000000
   -4   -1    0    3    3    0.000313    0.000000
   -4   -1    0    4    3   -0.001194    0.000000
   -4   -1    0    5    3   -0.000588    0.000000
   -4   -1    0    6    3   -0.000000    0.000000
   -4   -1    0    7    3   -0.000399   -0.000000
   -4   -1    0    8    3    0.000860    0.000000
   -4   -1    0    1    4    0.003621    0.000000
   -4   -1    0    2    4    0.000000   -0.000000
   -4   -1    0    3    4   -0.000154   -0.000000
   -4   -1    0    4    4   -0.001081   -0.000000
   -4   -1    0    5    4    0.001868   -0.000000
   -4   -1    0    6    4   -0.000000    0.000000
   -4   -1    0    7    4    0.000860    0.000000
   -4   -1    0    8    4   -0.003139   -0.000000
   -4   -1    0    1    5   -0.004160    0.000000
   -4   -1    0    2    5    0.000000    0.000000
   -4   -1    0    3    5   -0.002606   -0.000000
   -4   -1    0    4    5   -0.007924    0.000000
   -4   -1    0    5    5    0.000281   -0.000000
   -4   -1    0    6    5   -0.000000   -0.000000
   -4   -1    0    7    5    0.001027   -0.000000
   -4   -1    0    8    5   -0.003621   -0.000000
   -4   -1    0    1    6    0.000000   -0.000000
   -4   -1    0    2    6   -0.000964    0.000000
   -4   -1    0    3    6   -0.000000    0.000000
   -4   -1    0    4    6   -0.000000   -0.000000
   -4   -1    0    5    6    0.000000   -0.000000
   -4   -1    0    6    6   -0.000615    0.000000
   -4   -1    0    7    6    0.000000    0.000000
   -4   -1    0    8    6   -0.000000   -0.000000
   -4   -1    0    1    7    0.002606   -0.000000
   -4   -1    0    2    7    0.000000    0.000000
   -4   -1    0    3    7   -0.011261    0.000000
   -4   -1    0    4    7   -0.011422    0.000000
   -4   -1    0    5    7   -0.001495    0.000000
   -4   -1    0    6    7   -0.000000   -0.000000
   -4   -1    0    7    7    0.000313    0.000000
   -4   -1    0    8    7   -0.000154    0.000000
   -4   -1    0    1    8    0.007924   -0.000000
   -4   -1    0    2    8    0.000000    0.000000
   -4   -1    0    3    8   -0.011422    0.000000
   -4   -1    0    4    8   -0.005359    0.000000
   -4   -1    0    5    8   -0.000060   -0.000000
   -4   -1    0    6    8   -0.000000    0.000000
   -4   -1    0    7    8   -0.001194   -0.000000
   -4   -1    0    8    8   -0.001081   -0.000000
   -4    0    0    1    1   -0.000708    0.000000
   -4    0    0    2    1   -0.000000   -0.000000
   -4    0    0    3    1   -0.000255   -0.000000
   -4    0    0    4    1   -0.001612   -0.000000
   -4    0    0    5    1   -0.000565   -0.000000
   -4    0    0    6    1    0.000000    0.000000
   -4    0    0    7    1    0.000000    0.000000
   -4    0    0    8    1   -0.001052   -0.000000
   -4    0    0    1    2   -0.000000   -0.000000
   -4    0    0    2    2    0.000519   -0.000000
   -4    0    0    3    2    0.000000    0.000000
   -4    0    0    4    2    0.000000   -0.000000
   -4    0    0    5    2   -0.000000    0.000000
   -4    0    0    6    2   -0.000721   -0.000000
   -4    0    0    7    2    0.000000   -0.000000
   -4    0    0    8    2    0.000000   -0.000000
   -4    0    0    1    3    0.000256    0.000000
   -4    0    0    2    3    0.000000    0.000000
   -4    0    0    3    3    0.005042    0.000000
   -4    0    0    4    3   -0.000386    0.000000
   -4    0    0    5    3   -0.000000   -0.000000
   -4    0    0    6    3   -0.000000   -0.000000
   -4    0    0    7    3    0.006092   -0.000000
   -4    0    0    8    3    0.000000   -0.000000
   -4    0    0    1    4   -0.001612   -0.000000
   -4    0    0    2    4    0.000000    0.000000
   -4    0    0    3    4    0.000386   -0.000000
   -4    0    0    4    4   -0.003468    0.000000
   -4    0    0    5    4    0.001052    0.000000
   -4    0    0    6    4   -0.000000    0.000000
   -4    0    0    7    4    0.000000   -0.000000
   -4    0    0    8    4   -0.003449    0.000000
   -4    0    0    1    5   -0.000313    0.000000
   -4    0    0    2    5   -0.000000   -0.000000
   -4    0    0    3    5    0.000511   -0.000000
   -4    0    0    4    5    0.001461   -0.000000
   -4    0    0    5    5   -0.000708    0.000000
   -4    0    0    6    5   -0.000000   -0.000000
   -4    0    0    7    5   -0.000256    0.000000
   -4    0    0    8    5    0.001612    0.000000
   -4    0    0    1    6   -0.000000    0.000000
   -4    0    0    2    6    0.000259   -0.000000
   -4    0    0    3    6    0.000000   -0.000000
   -4    0    0    4    6   -0.000000    0.000000
   -4    0    0    5    6    0.000000   -0.000000
   -4    0    0    6    6    0.000519    0.000000
   -4    0    0    7    6    0.000000   -0.000000
   -4    0    0    8    6   -0.000000   -0.000000
   -4    0    0    1    7   -0.000511   -0.000000
   -4    0    0    2    7   -0.000000   -0.000000
   -4    0    0    3    7    0.007722   -0.000000
   -4    0    0    4    7    0.001558   -0.000000
   -4    0    0    5    7    0.000255   -0.000000
   -4    0    0    6    7   -0.000000   -0.000000
   -4    0    0    7    7    0.005042   -0.000000
   -4    0    0    8    7    0.000386   -0.000000
   -4    0    0    1    8   -0.001461    0.000000
   -4    0    0    2    8    0.000000    0.000000
   -4    0    0    3    8    0.001558   -0.000000
   -4    0    0    4    8   -0.003213    0.000000
   -4    0    0    5    8    0.001612   -0.000000
   -4    0    0    6    8   -0.000000   -0.000000
   -4    0    0    7    8   -0.000386   -0.000000
   -4    0    0    8    8   -0.003468   -0.000000
   -4    1    0    1    1    0.000287    0.000000
   -4    1    0    2    1   -0.000000   -0.000000
   -4    1    0    3    1    0.000000   -0.000000
   -4    1    0    4    1    0.001526    0.000000
   -4    1    0    5    1    0.003287    0.000000
   -4    1    0    6    1    0.000000   -0.000000
   -4    1    0    7    1    0.000778   -0.000000
   -4    1    0    8    1    0.000510   -0.000000
   -4    1    0    1    2    0.000000   -0.000000
   -4    1    0    2    2    0.000148    0.000000
   -4    1    0    3    2   -0.000000    0.000000
   -4    1    0    4    2    0.000000   -0.000000
   -4    1    0    5    2    0.000000    0.000000
   -4    1    0    6    2    0.000124    0.000000
   -4    1    0    7    2    0.000000    0.000000
   -4    1    0    8    2    0.000000   -0.000000
   -4    1    0    1    3    0.000000   -0.000000
   -4    1    0    2    3   -0.000000    0.000000
   -4    1    0    3    3    0.000908    0.000000
   -4    1    0    4    3   -0.000000   -0.000000
   -4    1    0    5    3   -0.000778    0.000000
   -4    1    0    6    3   -0.000000   -0.000000
   -4    1    0    7    3    0.002749    0.000000
   -4    1    0    8    3   -0.000273    0.000000
   -4    1    0    1    4   -0.001010   -0.000000
   -4    1    0    2    4   -0.000000    0.000000
   -4    1    0    3    4    0.000000    0.000000
   -4    1    0    4    4   -0.000279    0.000000
   -4    1    0    5    4   -0.000510    0.000000
   -4    1    0    6    4   -0.000000   -0.000000
   -4    1    0    7    4   -0.000273    0.000000
   -4    1    0    8    4   -0.000182    0.000000
   -4    1    0    1    5    0.000756    0.000000
   -4    1    0    2    5   -0.000000    0.000000
   -4    1    0    3    5    0.000588    0.000000
   -4    1    0    4    5    0.001868   -0.000000
   -4    1    0    5    5    0.000287    0.000000
   -4    1    0    6    5    0.000000   -0.000000
   -4    1    0    7    5   -0.000000    0.000000
   -4    1    0    8    5    0.001010    0.000000
   -4    1    0    1    6   -0.000000   -0.000000
   -4    1    0    2    6    0.000054    0.000000
   -4    1    0    3    6    0.000000    0.000000
   -4    1    0    4    6   -0.000000    0.000000
   -4    1    0    5    6    0.000000   -0.000000
   -4    1    0    6    6    0.000148   -0.000000
   -4    1    0    7    6    0.000000   -0.000000
   -4    1    0    8    6   -0.000000    0.000000
   -4    1    0    1    7   -0.000588    0.000000
   -4    1    0    2    7   -0.000000   -0.000000
   -4    1    0    3    7   -0.000399   -0.000000
   -4    1    0    4    7   -0.000860   -0.000000
   -4    1    0    5    7   -0.000000   -0.000000
   -4    1    0    6    7    0.000000   -0.000000
   -4    1    0    7    7    0.000908   -0.000000
   -4    1    0    8    7    0.000000   -0.000000
   -4    1    0    1    8   -0.001868    0.000000
   -4    1    0    2    8    0.000000   -0.000000
   -4    1    0    3    8   -0.000860    0.000000
   -4    1    0    4    8   -0.003139    0.000000
   -4    1    0    5    8   -0.001526   -0.000000
   -4    1    0    6    8   -0.000000   -0.000000
   -4    1    0    7    8   -0.000000   -0.000000
   -4    1    0    8    8   -0.000279   -0.000000
   -3   -6    0    1    1   -0.001366   -0.000000
   -3   -6    0    2    1   -0.000000    0.000000
   -3   -6    0    3    1    0.000000   -0.000000
   -3   -6    0    4    1    0.001965   -0.000000
   -3   -6    0    5    1   -0.001197   -0.000000
   -3   -6    0    6    1   -0.000000    0.000000
   -3   -6    0    7    1   -0.002599   -0.000000
   -3   -6    0    8    1    0.000034    0.000000
   -3   -6    0    1    2   -0.000000    0.000000
   -3   -6    0    2    2   -0.000224   -0.000000
   -3   -6    0    3    2    0.000000   -0.000000
   -3   -6    0    4    2    0.000000    0.000000
   -3   -6    0    5    2   -0.000000    0.000000
   -3   -6    0    6    2    0.000145    0.000000
   -3   -6    0    7    2   -0.000000    0.000000
   -3   -6    0    8    2    0.000000   -0.000000
   -3   -6    0    1    3    0.000000   -0.000000
   -3   -6    0    2    3   -0.000000    0.000000
   -3   -6    0    3    3    0.001016    0.000000
   -3   -6    0    4    3   -0.000000    0.000000
   -3   -6    0    5    3    0.002599   -0.000000
   -3   -6    0    6    3    0.000000    0.000000
   -3   -6    0    7    3    0.002281    0.000000
   -3   -6    0    8    3   -0.000619   -0.000000
   -3   -6    0    1    4    0.002135   -0.000000
   -3   -6    0    2    4    0.000000   -0.000000
   -3   -6    0    3    4   -0.000000    0.000000
   -3   -6    0    4    4   -0.000902    0.000000
   -3   -6    0    5    4   -0.000034    0.000000
   -3   -6    0    6    4   -0.000000   -0.000000
   -3   -6    0    7    4   -0.000619   -0.000000
   -3   -6    0    8    4   -0.000848   -0.000000
   -3   -6    0    1    5    0.001355   -0.000000
   -3   -6    0    2    5    0.000000    0.000000
   -3   -6    0    3    5    0.002898   -0.000000
   -3   -6    0    4    5    0.000354   -0.000000
   -3   -6    0    5    5   -0.001366    0.000000
   -3   -6    0    6    5   -0.000000    0.000000
   -3   -6    0    7    5   -0.000000    0.000000
   -3   -6    0    8    5   -0.002135    0.000000
   -3   -6    0    1    6    0.000000   -0.000000
   -3   -6    0    2    6    0.000113    0.000000
   -3   -6    0    3    6    0.000000    0.000000
   -3   -6    0    4    6   -0.000000   -0.000000
   -3   -6    0    5    6   -0.000000    0.000000
   -3   -6    0    6    6   -0.000224    0.000000
   -3   -6    0    7    6   -0.000000    0.000000
   -3   -6    0    8    6   -0.000000    0.000000
   -3   -6    0    1    7   -0.002898    0.000000
   -3   -6    0    2    7   -0.000000    0.000000
   -3   -6    0    3    7   -0.000157    0.000000
   -3   -6    0    4    7   -0.000817   -0.000000
   -3   -6    0    5    7   -0.000000   -0.000000
   -3   -6    0    6    7    0.000000    0.000000
   -3   -6    0    7    7    0.001016   -0.000000
   -3   -6    0    8    7   -0.000000   -0.000000
   -3   -6    0    1    8   -0.000354    0.000000
   -3   -6    0    2    8    0.000000   -0.000000
   -3   -6    0    3    8   -0.000817    0.000000
   -3   -6    0    4    8   -0.003694   -0.000000
   -3   -6    0    5    8   -0.001965    0.000000
   -3   -6    0    6    8   -0.000000    0.000000
   -3   -6    0    7    8   -0.000000    0.000000
   -3   -6    0    8    8   -0.000902   -0.000000
   -3   -5    0    1    1    0.001947    0.000000
   -3   -5    0    2    1    0.000000   -0.000000
   -3   -5    0    3    1   -0.005604   -0.000000
   -3   -5    0    4    1   -0.000917    0.000000
   -3   -5    0    5    1    0.001395    0.000000
   -3   -5    0    6    1    0.000000   -0.000000
   -3   -5    0    7    1   -0.000386   -0.000000
   -3   -5    0    8    1    0.002217   -0.000000
   -3   -5    0    1    2    0.000000   -0.000000
   -3   -5    0    2    2    0.000051    0.000000
   -3   -5    0    3    2   -0.000000   -0.000000
   -3   -5    0    4    2   -0.000000   -0.000000
   -3   -5    0    5    2    0.000000    0.000000
   -3   -5    0    6    2    0.000124    0.000000
   -3   -5    0    7    2   -0.000000    0.000000
   -3   -5    0    8    2    0.000000   -0.000000
   -3   -5    0    1    3   -0.002173   -0.000000
   -3   -5    0    2    3   -0.000000   -0.000000
   -3   -5    0    3    3   -0.001016    0.000000
   -3   -5    0    4    3    0.000017    0.000000
   -3   -5    0    5    3    0.000386    0.000000
   -3   -5    0    6    3    0.000000    0.000000
   -3   -5    0    7    3   -0.000339   -0.000000
   -3   -5    0    8    3    0.002300    0.000000
   -3   -5    0    1    4    0.000558    0.000000
   -3   -5    0    2    4    0.000000   -0.000000
   -3   -5    0    3    4    0.001505   -0.000000
   -3   -5    0    4    4   -0.000219    0.000000
   -3   -5    0    5    4   -0.002217   -0.000000
   -3   -5    0    6    4   -0.000000    0.000000
   -3   -5    0    7    4    0.002300    0.000000
   -3   -5    0    8    4   -0.000062   -0.000000
   -3   -5    0    1    5    0.002386    0.000000
   -3   -5    0    2    5    0.000000   -0.000000
   -3   -5    0    3    5    0.000000   -0.000000
   -3   -5    0    4    5   -0.001360    0.000000
   -3   -5    0    5    5    0.001947   -0.000000
   -3   -5    0    6    5    0.000000   -0.000000
   -3   -5    0    7    5    0.002173   -0.000000
   -3   -5    0    8    5   -0.000558    0.000000
   -3   -5    0    1    6    0.000000    0.000000
   -3   -5    0    2    6    0.000113   -0.000000
   -3   -5    0    3    6    0.000000    0.000000
   -3   -5    0    4    6    0.000000    0.000000
   -3   -5    0    5    6    0.000000    0.000000
   -3   -5    0    6    6    0.000051   -0.000000
   -3   -5    0    7    6    0.000000    0.000000
   -3   -5    0    8    6   -0.000000   -0.000000
   -3   -5    0    1    7   -0.000000    0.000000
   -3   -5    0    2    7    0.000000    0.000000
   -3   -5    0    3    7   -0.004315   -0.000000
   -3   -5    0    4    7   -0.000000   -0.000000
   -3   -5    0    5    7    0.005604    0.000000
   -3   -5    0    6    7    0.000000   -0.000000
   -3   -5    0    7    7   -0.001016   -0.000000
   -3   -5    0    8    7    0.001505    0.000000
   -3   -5    0    1    8    0.001360    0.000000
   -3   -5    0    2    8   -0.000000    0.000000
   -3   -5    0    3    8   -0.000000   -0.000000
   -3   -5    0    4    8    0.002169    0.000000
   -3   -5    0    5    8    0.000917    0.000000
   -3   -5    0    6    8    0.000000    0.000000
   -3   -5    0    7    8    0.000017   -0.000000
   -3   -5    0    8    8   -0.000219   -0.000000
   -3   -4    0    1    1   -0.001859    0.000000
   -3   -4    0    2    1   -0.000000   -0.000000
   -3   -4    0    3    1    0.000458    0.000000
   -3   -4    0    4    1    0.000158    0.000000
   -3   -4    0    5    1   -0.001813    0.000000
   -3   -4    0    6    1   -0.000000    0.000000
   -3   -4    0    7    1    0.003909   -0.000000
   -3   -4    0    8    1    0.003131   -0.000000
   -3   -4    0    1    2   -0.000000   -0.000000
   -3   -4    0    2    2   -0.000615   -0.000000
   -3   -4    0    3    2    0.000000   -0.000000
   -3   -4    0    4    2    0.000000   -0.000000
   -3   -4    0    5    2   -0.000000   -0.000000
   -3   -4    0    6    2    0.000259    0.000000
   -3   -4    0    7    2    0.000000    0.000000
   -3   -4    0    8    2    0.000000    0.000000
   -3   -4    0    1    3   -0.000315   -0.000000
   -3   -4    0    2    3   -0.000000    0.000000
   -3   -4    0    3    3    0.001366    0.000000
   -3   -4    0    4    3    0.001547   -0.000000
   -3   -4    0    5    3   -0.003909   -0.000000
   -3   -4    0    6    3   -0.000000   -0.000000
   -3   -4    0    7    3   -0.001439    0.000000
   -3   -4    0    8    3    0.002019    0.000000
   -3   -4    0    1    4    0.001570    0.000000
   -3   -4    0    2    4    0.000000    0.000000
   -3   -4    0    3    4   -0.002527    0.000000
   -3   -4    0    4    4    0.000007    0.000000
   -3   -4    0    5    4   -0.003131    0.000000
   -3   -4    0    6    4   -0.000000    0.000000
   -3   -4    0    7    4    0.002019    0.000000
   -3   -4    0    8    4    0.002850    0.000000
   -3   -4    0    1    5   -0.002339    0.000000
   -3   -4    0    2    5   -0.000000    0.000000
   -3   -4    0    3    5    0.005768    0.000000
   -3   -4    0    4    5    0.002031    0.000000
   -3   -4    0    5    5   -0.001859   -0.000000
   -3   -4    0    6    5   -0.000000    0.000000
   -3   -4    0    7    5    0.000315   -0.000000
   -3   -4    0    8    5   -0.001570    0.000000
   -3   -4    0    1    6   -0.000000   -0.000000
   -3   -4    0    2    6   -0.000445   -0.000000
   -3   -4    0    3    6    0.000000    0.000000
   -3   -4    0    4    6   -0.000000    0.000000
   -3   -4    0    5    6   -0.000000    0.000000
   -3   -4    0    6    6   -0.000615    0.000000
   -3   -4    0    7    6    0.000000    0.000000
   -3   -4    0    8    6   -0.000000    0.000000
   -3   -4    0    1    7   -0.005768    0.000000
   -3   -4    0    2    7   -0.000000    0.000000
   -3   -4    0    3    7    0.005326    0.000000
   -3   -4    0    4    7   -0.001449    0.000000
   -3   -4    0    5    7   -0.000458    0.000000
   -3   -4    0    6    7   -0.000000    0.000000
   -3   -4    0    7    7    0.001366   -0.000000
   -3   -4    0    8    7   -0.002527   -0.000000
   -3   -4    0    1    8   -0.002031   -0.000000
   -3   -4    0    2    8    0.000000    0.000000
   -3   -4    0    3    8   -0.001449    0.000000
   -3   -4    0    4    8   -0.003394   -0.000000
   -3   -4    0    5    8   -0.000158   -0.000000
   -3   -4    0    6    8    0.000000   -0.000000
   -3   -4    0    7    8    0.001547    0.000000
   -3   -4    0    8    8    0.000007   -0.000000
   -3   -3    0    1    1    0.000668   -0.000000
   -3   -3    0    2    1    0.000000   -0.000000
   -3   -3    0    3    1   -0.013094    0.000000
   -3   -3    0    4    1   -0.018705   -0.000000
   -3   -3    0    5    1   -0.007939   -0.000000
   -3   -3    0    6    1   -0.000000    0.000000
   -3   -3    0    7    1    0.011853   -0.000000
   -3   -3    0    8    1   -0.001228   -0.000000
   -3   -3    0    1    2    0.000000    0.000000
   -3   -3    0    2    2   -0.002781   -0.000000
   -3   -3    0    3    2   -0.000000   -0.000000
   -3   -3    0    4    2   -0.000000    0.000000
   -3   -3    0    5    2   -0.000000   -0.000000
   -3   -3    0    6    2    0.001724    0.000000
   -3   -3    0    7    2    0.000000   -0.000000
   -3   -3    0    8    2    0.000000    0.000000
   -3   -3    0    1    3    0.006470    0.000000
   -3   -3    0    2    3    0.000000   -0.000000
   -3   -3    0    3    3   -0.004727   -0.000000
   -3   -3    0    4    3   -0.000225    0.000000
   -3   -3    0    5    3   -0.011853    0.000000
   -3   -3    0    6    3   -0.000000   -0.000000
   -3   -3    0    7    3    0.000604   -0.000000
   -3   -3    0    8    3    0.002711   -0.000000
   -3   -3    0    1    4    0.003756   -0.000000
   -3   -3    0    2    4    0.000000   -0.000000
   -3   -3    0    3    4   -0.003462   -0.000000
   -3   -3    0    4    4   -0.003042   -0.000000
   -3   -3    0    5    4    0.001228   -0.000000
   -3   -3    0    6    4    0.000000    0.000000
   -3   -3    0    7    4    0.002711    0.000000
   -3   -3    0    8    4   -0.003825    0.000000
   -3   -3    0    1    5    0.001761   -0.000000
   -3   -3    0    2    5    0.000000    0.000000
   -3   -3    0    3    5   -0.002035    0.000000
   -3   -3    0    4    5   -0.001849    0.000000
   -3   -3    0    5    5    0.000668    0.000000
   -3   -3    0    6    5    0.000000   -0.000000
   -3   -3    0    7    5   -0.006470   -0.000000
   -3   -3    0    8    5   -0.003756   -0.000000
   -3   -3    0    1    6   -0.000000   -0.000000
   -3   -3    0    2    6    0.001724    0.000000
   -3   -3    0    3    6    0.000000   -0.000000
   -3   -3    0    4    6    0.000000   -0.000000
   -3   -3    0    5    6    0.000000    0.000000
   -3   -3    0    6    6   -0.002781    0.000000
   -3   -3    0    7    6   -0.000000   -0.000000
   -3   -3    0    8    6   -0.000000   -0.000000
   -3   -3    0    1    7    0.002035   -0.000000
   -3   -3    0    2    7   -0.000000   -0.000000
   -3   -3    0    3    7   -0.008479   -0.000000
   -3   -3    0    4    7    0.004242   -0.000000
   -3   -3    0    5    7    0.013094   -0.000000
   -3   -3    0    6    7    0.000000   -0.000000
   -3   -3    0    7    7   -0.004727    0.000000
   -3   -3    0    8    7   -0.003462    0.000000
   -3   -3    0    1    8    0.001849    0.000000
   -3   -3    0    2    8   -0.000000   -0.000000
   -3   -3    0    3    8    0.004242   -0.000000
   -3   -3    0    4    8    0.014945    0.000000
   -3   -3    0    5    8    0.018705    0.000000
   -3   -3    0    6    8    0.000000    0.000000
   -3   -3    0    7    8   -0.000225    0.000000
   -3   -3    0    8    8   -0.003042    0.000000
   -3   -2    0    1    1    0.000305   -0.000000
   -3   -2    0    2    1    0.000000    0.000000
   -3   -2    0    3    1   -0.000349   -0.000000
   -3   -2    0    4    1   -0.005070   -0.000000
   -3   -2    0    5    1   -0.002476    0.000000
   -3   -2    0    6    1    0.000000   -0.000000
   -3   -2    0    7    1    0.013391    0.000000
   -3   -2    0    8    1    0.000085   -0.000000
   -3   -2    0    1    2   -0.000000   -0.000000
   -3   -2    0    2    2    0.003666    0.000000
   -3   -2    0    3    2    0.000000    0.000000
   -3   -2    0    4    2    0.000000    0.000000
   -3   -2    0    5    2   -0.000000    0.000000
   -3   -2    0    6    2   -0.005604   -0.000000
   -3   -2    0    7    2    0.000000   -0.000000
   -3   -2    0    8    2    0.000000   -0.000000
   -3   -2    0    1    3    0.013463   -0.000000
   -3   -2    0    2    3    0.000000    0.000000
   -3   -2    0    3    3   -0.023791   -0.000000
   -3   -2    0    4    3   -0.013652    0.000000
   -3   -2    0    5    3   -0.013391   -0.000000
   -3   -2    0    6    3   -0.000000   -0.000000
   -3   -2    0    7    3    0.019557    0.000000
   -3   -2    0    8    3    0.010778   -0.000000
   -3   -2    0    1    4   -0.003122    0.000000
   -3   -2    0    2    4    0.000000   -0.000000
   -3   -2    0    3    4   -0.010176   -0.000000
   -3   -2    0    4    4   -0.016559    0.000000
   -3   -2    0    5    4   -0.000085    0.000000
   -3   -2    0    6    4   -0.000000   -0.000000
   -3   -2    0    7    4    0.010778   -0.000000
   -3   -2    0    8    4   -0.002696   -0.000000
   -3   -2    0    1    5   -0.000544   -0.000000
   -3   -2    0    2    5   -0.000000   -0.000000
   -3   -2    0    3    5    0.019740   -0.000000
   -3   -2    0    4    5    0.021407   -0.000000
   -3   -2    0    5    5    0.000305    0.000000
   -3   -2    0    6    5    0.000000    0.000000
   -3   -2    0    7    5   -0.013463    0.000000
   -3   -2    0    8    5    0.003122   -0.000000
   -3   -2    0    1    6   -0.000000   -0.000000
   -3   -2    0    2    6    0.008132    0.000000
   -3   -2    0    3    6    0.000000    0.000000
   -3   -2    0    4    6    0.000000   -0.000000
   -3   -2    0    5    6   -0.000000   -0.000000
   -3   -2    0    6    6    0.003666   -0.000000
   -3   -2    0    7    6   -0.000000    0.000000
   -3   -2    0    8    6   -0.000000   -0.000000
   -3   -2    0    1    7   -0.019740    0.000000
   -3   -2    0    2    7   -0.000000    0.000000
   -3   -2    0    3    7    0.025145    0.000000
   -3   -2    0    4    7   -0.002719    0.000000
   -3   -2    0    5    7    0.000349    0.000000
   -3   -2    0    6    7   -0.000000    0.000000
   -3   -2    0    7    7   -0.023791   -0.000000
   -3   -2    0    8    7   -0.010176    0.000000
   -3   -2    0    1    8   -0.021407    0.000000
   -3   -2    0    2    8   -0.000000   -0.000000
   -3   -2    0    3    8   -0.002719    0.000000
   -3   -2    0    4    8   -0.028601    0.000000
   -3   -2    0    5    8    0.005070   -0.000000
   -3   -2    0    6    8   -0.000000    0.000000
   -3   -2    0    7    8   -0.013652   -0.000000
   -3   -2    0    8    8   -0.016559    0.000000
   -3   -1    0    1    1   -0.001462   -0.000000
   -3   -1    0    2    1    0.000000   -0.000000
   -3   -1    0    3    1    0.003050    0.000000
   -3   -1    0    4    1   -0.010573   -0.000000
   -3   -1    0    5    1   -0.001992    0.000000
   -3   -1    0    6    1   -0.000000    0.000000
   -3   -1    0    7    1    0.010243    0.000000
   -3   -1    0    8    1   -0.004867   -0.000000
   -3   -1    0    1    2   -0.000000   -0.000000
   -3   -1    0    2    2    0.003666    0.000000
   -3   -1    0    3    2    0.000000   -0.000000
   -3   -1    0    4    2    0.000000   -0.000000
   -3   -1    0    5    2   -0.000000    0.000000
   -3   -1    0    6    2    0.001724   -0.000000
   -3   -1    0    7    2    0.000000    0.000000
   -3   -1    0    8    2   -0.000000    0.000000
   -3   -1    0    1    3    0.007916    0.000000
   -3   -1    0    2    3    0.000000    0.000000
   -3   -1    0    3    3   -0.021317   -0.000000
   -3   -1    0    4    3   -0.019855    0.000000
   -3   -1    0    5    3   -0.010243    0.000000
   -3   -1    0    6    3   -0.000000    0.000000
   -3   -1    0    7    3    0.008645   -0.000000
   -3   -1    0    8    3   -0.001213    0.000000
   -3   -1    0    1    4   -0.002225    0.000000
   -3   -1    0    2    4    0.000000    0.000000
   -3   -1    0    3    4   -0.007929    0.000000
   -3   -1    0    4    4   -0.017265    0.000000
   -3   -1    0    5    4    0.004867   -0.000000
   -3   -1    0    6    4    0.000000   -0.000000
   -3   -1    0    7    4   -0.001213    0.000000
   -3   -1    0    8    4   -0.006493    0.000000
   -3   -1    0    1    5    0.011911    0.000000
   -3   -1    0    2    5    0.000000   -0.000000
   -3   -1    0    3    5   -0.001897    0.000000
   -3   -1    0    4    5    0.013446    0.000000
   -3   -1    0    5    5   -0.001462   -0.000000
   -3   -1    0    6    5   -0.000000    0.000000
   -3   -1    0    7    5   -0.007916   -0.000000
   -3   -1    0    8    5    0.002225    0.000000
   -3   -1    0    1    6    0.000000    0.000000
   -3   -1    0    2    6   -0.019523    0.000000
   -3   -1    0    3    6    0.000000   -0.000000
   -3   -1    0    4    6    0.000000   -0.000000
   -3   -1    0    5    6    0.000000   -0.000000
   -3   -1    0    6    6    0.003666   -0.000000
   -3   -1    0    7    6   -0.000000   -0.000000
   -3   -1    0    8    6   -0.000000    0.000000
   -3   -1    0    1    7    0.001897   -0.000000
   -3   -1    0    2    7   -0.000000   -0.000000
   -3   -1    0    3    7    0.087079    0.000000
   -3   -1    0    4    7    0.084308   -0.000000
   -3   -1    0    5    7   -0.003050   -0.000000
   -3   -1    0    6    7   -0.000000    0.000000
   -3   -1    0    7    7   -0.021317   -0.000000
   -3   -1    0    8    7   -0.007929    0.000000
   -3   -1    0    1    8   -0.013446   -0.000000
   -3   -1    0    2    8   -0.000000   -0.000000
   -3   -1    0    3    8    0.084308   -0.000000
   -3   -1    0    4    8    0.050016    0.000000
   -3   -1    0    5    8    0.010573   -0.000000
   -3   -1    0    6    8   -0.000000    0.000000
   -3   -1    0    7    8   -0.019855   -0.000000
   -3   -1    0    8    8   -0.017265    0.000000
   -3    0    0    1    1    0.000721   -0.000000
   -3    0    0    2    1    0.000000    0.000000
   -3    0    0    3    1   -0.004235    0.000000
   -3    0    0    4    1   -0.005138    0.000000
   -3    0    0    5    1   -0.000313    0.000000
   -3    0    0    6    1   -0.000000    0.000000
   -3    0    0    7    1    0.000511   -0.000000
   -3    0    0    8    1   -0.001461   -0.000000
   -3    0    0    1    2    0.000000    0.000000
   -3    0    0    2    2   -0.002781   -0.000000
   -3    0    0    3    2   -0.000000   -0.000000
   -3    0    0    4    2   -0.000000   -0.000000
   -3    0    0    5    2   -0.000000    0.000000
   -3    0    0    6    2    0.000259    0.000000
   -3    0    0    7    2    0.000000   -0.000000
   -3    0    0    8    2    0.000000    0.000000
   -3    0    0    1    3    0.004234   -0.000000
   -3    0    0    2    3    0.000000    0.000000
   -3    0    0    3    3   -0.010967    0.000000
   -3    0    0    4    3   -0.014134   -0.000000
   -3    0    0    5    3   -0.000511   -0.000000
   -3    0    0    6    3   -0.000000   -0.000000
   -3    0    0    7    3    0.007722    0.000000
   -3    0    0    8    3   -0.001558   -0.000000
   -3    0    0    1    4   -0.005137    0.000000
   -3    0    0    2    4   -0.000000    0.000000
   -3    0    0    3    4    0.014134   -0.000000
   -3    0    0    4    4    0.003146    0.000000
   -3    0    0    5    4    0.001461    0.000000
   -3    0    0    6    4   -0.000000   -0.000000
   -3    0    0    7    4   -0.001558   -0.000000
   -3    0    0    8    4   -0.003213   -0.000000
   -3    0    0    1    5    0.002723    0.000000
   -3    0    0    2    5    0.000000    0.000000
   -3    0    0    3    5   -0.016186   -0.000000
   -3    0    0    4    5   -0.004930   -0.000000
   -3    0    0    5    5    0.000721    0.000000
   -3    0    0    6    5    0.000000   -0.000000
   -3    0    0    7    5   -0.004234    0.000000
   -3    0    0    8    5    0.005137   -0.000000
   -3    0    0    1    6   -0.000000   -0.000000
   -3    0    0    2    6    0.008132    0.000000
   -3    0    0    3    6   -0.000000    0.000000
   -3    0    0    4    6    0.000000    0.000000
   -3    0    0    5    6    0.000000   -0.000000
   -3    0    0    6    6   -0.002781    0.000000
   -3    0    0    7    6   -0.000000    0.000000
   -3    0    0    8    6    0.000000   -0.000000
   -3    0    0    1    7    0.016186    0.000000
   -3    0    0    2    7    0.000000   -0.000000
   -3    0    0    3    7   -0.036739   -0.000000
   -3    0    0    4    7    0.011855   -0.000000
   -3    0    0    5    7    0.004235   -0.000000
   -3    0    0    6    7    0.000000    0.000000
   -3    0    0    7    7   -0.010967   -0.000000
   -3    0    0    8    7    0.014134    0.000000
   -3    0    0    1    8    0.004930    0.000000
   -3    0    0    2    8   -0.000000   -0.000000
   -3    0    0    3    8    0.011855   -0.000000
   -3    0    0    4    8    0.031454   -0.000000
   -3    0    0    5    8    0.005138   -0.000000
   -3    0    0    6    8    0.000000    0.000000
   -3    0    0    7    8   -0.014134    0.000000
   -3    0    0    8    8    0.003146   -0.000000
   -3    1    0    1    1    0.000281    0.000000
   -3    1    0    2    1   -0.000000    0.000000
   -3    1    0    3    1    0.001027    0.000000
   -3    1    0    4    1    0.003621   -0.000000
   -3    1    0    5    1    0.003287    0.000000
   -3    1    0    6    1    0.000000   -0.000000
   -3    1    0    7    1   -0.000777    0.000000
   -3    1    0    8    1    0.000510   -0.000000
   -3    1    0    1    2    0.000000   -0.000000
   -3    1    0    2    2   -0.000615   -0.000000
   -3    1    0    3    2    0.000000    0.000000
   -3    1    0    4    2    0.000000    0.000000
   -3    1    0    5    2    0.000000   -0.000000
   -3    1    0    6    2    0.000124   -0.000000
   -3    1    0    7    2   -0.000000   -0.000000
   -3    1    0    8    2    0.000000    0.000000
   -3    1    0    1    3   -0.001495   -0.000000
   -3    1    0    2    3   -0.000000    0.000000
   -3    1    0    3    3    0.000313   -0.000000
   -3    1    0    4    3    0.000154    0.000000
   -3    1    0    5    3    0.000777    0.000000
   -3    1    0    6    3    0.000000   -0.000000
   -3    1    0    7    3    0.002749   -0.000000
   -3    1    0    8    3    0.000273   -0.000000
   -3    1    0    1    4    0.000060    0.000000
   -3    1    0    2    4   -0.000000    0.000000
   -3    1    0    3    4    0.001194    0.000000
   -3    1    0    4    4   -0.001081   -0.000000
   -3    1    0    5    4   -0.000510   -0.000000
   -3    1    0    6    4    0.000000    0.000000
   -3    1    0    7    4    0.000273    0.000000
   -3    1    0    8    4   -0.000182    0.000000
   -3    1    0    1    5   -0.001991    0.000000
   -3    1    0    2    5   -0.000000   -0.000000
   -3    1    0    3    5    0.010243   -0.000000
   -3    1    0    4    5    0.004866    0.000000
   -3    1    0    5    5    0.000281    0.000000
   -3    1    0    6    5    0.000000   -0.000000
   -3    1    0    7    5    0.001495   -0.000000
   -3    1    0    8    5   -0.000060    0.000000
   -3    1    0    1    6   -0.000000   -0.000000
   -3    1    0    2    6    0.001724   -0.000000
   -3    1    0    3    6    0.000000   -0.000000
   -3    1    0    4    6    0.000000   -0.000000
   -3    1    0    5    6   -0.000000   -0.000000
   -3    1    0    6    6   -0.000615    0.000000
   -3    1    0    7    6    0.000000   -0.000000
   -3    1    0    8    6   -0.000000    0.000000
   -3    1    0    1    7   -0.010243   -0.000000
   -3    1    0    2    7   -0.000000   -0.000000
   -3    1    0    3    7    0.008646    0.000000
   -3    1    0    4    7    0.001213    0.000000
   -3    1    0    5    7   -0.001027    0.000000
   -3    1    0    6    7   -0.000000    0.000000
   -3    1    0    7    7    0.000313    0.000000
   -3    1    0    8    7    0.001194   -0.000000
   -3    1    0    1    8   -0.004866   -0.000000
   -3    1    0    2    8   -0.000000    0.000000
   -3    1    0    3    8    0.001213   -0.000000
   -3    1    0    4    8   -0.006493    0.000000
   -3    1    0    5    8   -0.003621    0.000000
   -3    1    0    6    8   -0.000000    0.000000
   -3    1    0    7    8    0.000154   -0.000000
   -3    1    0    8    8   -0.001081    0.000000
   -3    2    0    1    1   -0.002237    0.000000
   -3    2    0    2    1   -0.000000   -0.000000
   -3    2    0    3    1   -0.002468    0.000000
   -3    2    0    4    1   -0.001717   -0.000000
   -3    2    0    5    1    0.000320   -0.000000
   -3    2    0    6    1    0.000000   -0.000000
   -3    2    0    7    1   -0.000000    0.000000
   -3    2    0    8    1    0.001539   -0.000000
   -3    2    0    1    2   -0.000000    0.000000
   -3    2    0    2    2    0.000051    0.000000
   -3    2    0    3    2   -0.000000   -0.000000
   -3    2    0    4    2   -0.000000    0.000000
   -3    2    0    5    2    0.000000   -0.000000
   -3    2    0    6    2    0.000145   -0.000000
   -3    2    0    7    2   -0.000000   -0.000000
   -3    2    0    8    2   -0.000000    0.000000
   -3    2    0    1    3   -0.000713   -0.000000
   -3    2    0    2    3    0.000000   -0.000000
   -3    2    0    3    3   -0.001592    0.000000
   -3    2    0    4    3   -0.002232   -0.000000
   -3    2    0    5    3    0.000000   -0.000000
   -3    2    0    6    3   -0.000000   -0.000000
   -3    2    0    7    3   -0.001545    0.000000
   -3    2    0    8    3   -0.000000    0.000000
   -3    2    0    1    4    0.000494    0.000000
   -3    2    0    2    4   -0.000000   -0.000000
   -3    2    0    3    4    0.000786   -0.000000
   -3    2    0    4    4    0.004541    0.000000
   -3    2    0    5    4   -0.001539   -0.000000
   -3    2    0    6    4    0.000000    0.000000
   -3    2    0    7    4   -0.000000    0.000000
   -3    2    0    8    4    0.004067    0.000000
   -3    2    0    1    5    0.000561   -0.000000
   -3    2    0    2    5    0.000000   -0.000000
   -3    2    0    3    5   -0.001232    0.000000
   -3    2    0    4    5   -0.002228    0.000000
   -3    2    0    5    5   -0.002237   -0.000000
   -3    2    0    6    5   -0.000000   -0.000000
   -3    2    0    7    5    0.000713    0.000000
   -3    2    0    8    5   -0.000494   -0.000000
   -3    2    0    1    6    0.000000    0.000000
   -3    2    0    2    6   -0.000445   -0.000000
   -3    2    0    3    6   -0.000000    0.000000
   -3    2    0    4    6    0.000000    0.000000
   -3    2    0    5    6   -0.000000    0.000000
   -3    2    0    6    6    0.000051   -0.000000
   -3    2    0    7    6   -0.000000   -0.000000
   -3    2    0    8    6    0.000000    0.000000
   -3    2    0    1    7    0.001232    0.000000
   -3    2    0    2    7    0.000000   -0.000000
   -3    2    0    3    7   -0.005388   -0.000000
   -3    2    0    4    7    0.000038   -0.000000
   -3    2    0    5    7    0.002468    0.000000
   -3    2    0    6    7    0.000000    0.000000
   -3    2    0    7    7   -0.001592   -0.000000
   -3    2    0    8    7    0.000786    0.000000
   -3    2    0    1    8    0.002228   -0.000000
   -3    2    0    2    8   -0.000000    0.000000
   -3    2    0    3    8    0.000038   -0.000000
   -3    2    0    4    8    0.009465    0.000000
   -3    2    0    5    8    0.001717    0.000000
   -3    2    0    6    8    0.000000    0.000000
   -3    2    0    7    8   -0.002232   -0.000000
   -3    2    0    8    8    0.004541   -0.000000
   -2   -5    0    1    1    0.001948   -0.000000
   -2   -5    0    2    1    0.000000    0.000000
   -2   -5    0    3    1    0.005603    0.000000
   -2   -5    0    4    1   -0.000917    0.000000
   -2   -5    0    5    1    0.002401    0.000000
   -2   -5    0    6    1    0.000000   -0.000000
   -2   -5    0    7    1    0.000000   -0.000000
   -2   -5    0    8    1   -0.008749    0.000000
   -2   -5    0    1    2    0.000000   -0.000000
   -2   -5    0    2    2    0.000051    0.000000
   -2   -5    0    3    2    0.000000   -0.000000
   -2   -5    0    4    2   -0.000000   -0.000000
   -2   -5    0    5    2   -0.000000   -0.000000
   -2   -5    0    6    2   -0.000922    0.000000
   -2   -5    0    7    2   -0.000000    0.000000
   -2   -5    0    8    2   -0.000000   -0.000000
   -2   -5    0    1    3    0.002173    0.000000
   -2   -5    0    2    3    0.000000    0.000000
   -2   -5    0    3    3   -0.001017    0.000000
   -2   -5    0    4    3   -0.000017   -0.000000
   -2   -5    0    5    3   -0.000000   -0.000000
   -2   -5    0    6    3    0.000000    0.000000
   -2   -5    0    7    3    0.000933    0.000000
   -2   -5    0    8    3    0.000000    0.000000
   -2   -5    0    1    4    0.000558    0.000000
   -2   -5    0    2    4    0.000000    0.000000
   -2   -5    0    3    4   -0.001505    0.000000
   -2   -5    0    4    4   -0.000219   -0.000000
   -2   -5    0    5    4    0.008749    0.000000
   -2   -5    0    6    4    0.000000   -0.000000
   -2   -5    0    7    4    0.000000   -0.000000
   -2   -5    0    8    4   -0.003030   -0.000000
   -2   -5    0    1    5   -0.001731    0.000000
   -2   -5    0    2    5   -0.000000    0.000000
   -2   -5    0    3    5   -0.001737   -0.000000
   -2   -5    0    4    5   -0.000070    0.000000
   -2   -5    0    5    5    0.001948    0.000000
   -2   -5    0    6    5    0.000000   -0.000000
   -2   -5    0    7    5   -0.002173   -0.000000
   -2   -5    0    8    5   -0.000558    0.000000
   -2   -5    0    1    6   -0.000000   -0.000000
   -2   -5    0    2    6    0.000145    0.000000
   -2   -5    0    3    6   -0.000000    0.000000
   -2   -5    0    4    6    0.000000   -0.000000
   -2   -5    0    5    6    0.000000   -0.000000
   -2   -5    0    6    6    0.000051   -0.000000
   -2   -5    0    7    6   -0.000000    0.000000
   -2   -5    0    8    6   -0.000000    0.000000
   -2   -5    0    1    7    0.001737    0.000000
   -2   -5    0    2    7    0.000000   -0.000000
   -2   -5    0    3    7    0.001681   -0.000000
   -2   -5    0    4    7   -0.000160    0.000000
   -2   -5    0    5    7   -0.005603   -0.000000
   -2   -5    0    6    7   -0.000000   -0.000000
   -2   -5    0    7    7   -0.001017   -0.000000
   -2   -5    0    8    7   -0.001505   -0.000000
   -2   -5    0    1    8    0.000070    0.000000
   -2   -5    0    2    8    0.000000   -0.000000
   -2   -5    0    3    8   -0.000160   -0.000000
   -2   -5    0    4    8   -0.000217   -0.000000
   -2   -5    0    5    8    0.000917   -0.000000
   -2   -5    0    6    8    0.000000    0.000000
   -2   -5    0    7    8   -0.000017   -0.000000
   -2   -5    0    8    8   -0.000219    0.000000
   -2   -4    0    1    1    0.002460   -0.000000
   -2   -4    0    2    1   -0.000000    0.000000
   -2   -4    0    3    1    0.000000    0.000000
   -2   -4    0    4    1    0.012616   -0.000000
   -2   -4    0    5    1    0.019630   -0.000000
   -2   -4    0    6    1    0.000000    0.000000
   -2   -4    0    7    1   -0.002547    0.000000
   -2   -4    0    8    1   -0.003845    0.000000
   -2   -4    0    1    2    0.000000    0.000000
   -2   -4    0    2    2    0.002052   -0.000000
   -2   -4    0    3    2    0.000000   -0.000000
   -2   -4    0    4    2    0.000000   -0.000000
   -2   -4    0    5    2    0.000000   -0.000000
   -2   -4    0    6    2   -0.000964    0.000000
   -2   -4    0    7    2   -0.000000   -0.000000
   -2   -4    0    8    2   -0.000000    0.000000
   -2   -4    0    1    3    0.000000   -0.000000
   -2   -4    0    2    3    0.000000    0.000000
   -2   -4    0    3    3    0.007108   -0.000000
   -2   -4    0    4    3   -0.000000   -0.000000
   -2   -4    0    5    3    0.002547   -0.000000
   -2   -4    0    6    3   -0.000000   -0.000000
   -2   -4    0    7    3    0.008428   -0.000000
   -2   -4    0    8    3   -0.003210   -0.000000
   -2   -4    0    1    4   -0.007872   -0.000000
   -2   -4    0    2    4   -0.000000    0.000000
   -2   -4    0    3    4    0.000000   -0.000000
   -2   -4    0    4    4    0.003277   -0.000000
   -2   -4    0    5    4    0.003845   -0.000000
   -2   -4    0    6    4    0.000000    0.000000
   -2   -4    0    7    4   -0.003210    0.000000
   -2   -4    0    8    4    0.000691    0.000000
   -2   -4    0    1    5   -0.002340    0.000000
   -2   -4    0    2    5   -0.000000   -0.000000
   -2   -4    0    3    5   -0.005769    0.000000
   -2   -4    0    4    5    0.002031    0.000000
   -2   -4    0    5    5    0.002460    0.000000
   -2   -4    0    6    5    0.000000    0.000000
   -2   -4    0    7    5   -0.000000   -0.000000
   -2   -4    0    8    5    0.007872   -0.000000
   -2   -4    0    1    6   -0.000000    0.000000
   -2   -4    0    2    6   -0.000445   -0.000000
   -2   -4    0    3    6   -0.000000   -0.000000
   -2   -4    0    4    6   -0.000000    0.000000
   -2   -4    0    5    6   -0.000000   -0.000000
   -2   -4    0    6    6    0.002052    0.000000
   -2   -4    0    7    6   -0.000000   -0.000000
   -2   -4    0    8    6    0.000000    0.000000
   -2   -4    0    1    7    0.005769   -0.000000
   -2   -4    0    2    7    0.000000   -0.000000
   -2   -4    0    3    7    0.005325    0.000000
   -2   -4    0    4    7    0.001449   -0.000000
   -2   -4    0    5    7   -0.000000   -0.000000
   -2   -4    0    6    7   -0.000000   -0.000000
   -2   -4    0    7    7    0.007108    0.000000
   -2   -4    0    8    7    0.000000    0.000000
   -2   -4    0    1    8   -0.002031   -0.000000
   -2   -4    0    2    8    0.000000   -0.000000
   -2   -4    0    3    8    0.001449    0.000000
   -2   -4    0    4    8   -0.003394    0.000000
   -2   -4    0    5    8   -0.012616    0.000000
   -2   -4    0    6    8   -0.000000   -0.000000
   -2   -4    0    7    8   -0.000000    0.000000
   -2   -4    0    8    8    0.003277   -0.000000
   -2   -3    0    1    1   -0.027374    0.000000
   -2   -3    0    2    1   -0.000000    0.000000
   -2   -3    0    3    1    0.000512   -0.000000
   -2   -3    0    4    1   -0.018443    0.000000
   -2   -3    0    5    1   -0.008547   -0.000000
   -2   -3    0    6    1   -0.000000   -0.000000
   -2   -3    0    7    1   -0.034246   -0.000000
   -2   -3    0    8    1   -0.004635    0.000000
   -2   -3    0    1    2   -0.000000    0.000000
   -2   -3    0    2    2    0.003666   -0.000000
   -2   -3    0    3    2    0.000000   -0.000000
   -2   -3    0    4    2   -0.000000    0.000000
   -2   -3    0    5    2   -0.000000    0.000000
   -2   -3    0    6    2    0.008132   -0.000000
   -2   -3    0    7    2   -0.000000   -0.000000
   -2   -3    0    8    2   -0.000000    0.000000
   -2   -3    0    1    3    0.002266    0.000000
   -2   -3    0    2    3   -0.000000   -0.000000
   -2   -3    0    3    3   -0.011868   -0.000000
   -2   -3    0    4    3    0.004581   -0.000000
   -2   -3    0    5    3    0.034246    0.000000
   -2   -3    0    6    3    0.000000    0.000000
   -2   -3    0    7    3   -0.008394    0.000000
   -2   -3    0    8    3   -0.015631   -0.000000
   -2   -3    0    1    4   -0.007189    0.000000
   -2   -3    0    2    4   -0.000000   -0.000000
   -2   -3    0    3    4   -0.001633   -0.000000
   -2   -3    0    4    4   -0.000802    0.000000
   -2   -3    0    5    4    0.004635    0.000000
   -2   -3    0    6    4    0.000000   -0.000000
   -2   -3    0    7    4   -0.015631   -0.000000
   -2   -3    0    8    4   -0.003110   -0.000000
   -2   -3    0    1    5   -0.008356   -0.000000
   -2   -3    0    2    5    0.000000   -0.000000
   -2   -3    0    3    5    0.000000   -0.000000
   -2   -3    0    4    5   -0.013694   -0.000000
   -2   -3    0    5    5   -0.027374   -0.000000
   -2   -3    0    6    5   -0.000000   -0.000000
   -2   -3    0    7    5   -0.002266    0.000000
   -2   -3    0    8    5    0.007189    0.000000
   -2   -3    0    1    6    0.000000   -0.000000
   -2   -3    0    2    6   -0.005604    0.000000
   -2   -3    0    3    6    0.000000    0.000000
   -2   -3    0    4    6   -0.000000    0.000000
   -2   -3    0    5    6   -0.000000    0.000000
   -2   -3    0    6    6    0.003666    0.000000
   -2   -3    0    7    6    0.000000    0.000000
   -2   -3    0    8    6    0.000000   -0.000000
   -2   -3    0    1    7   -0.000000    0.000000
   -2   -3    0    2    7   -0.000000   -0.000000
   -2   -3    0    3    7   -0.009848   -0.000000
   -2   -3    0    4    7   -0.000000    0.000000
   -2   -3    0    5    7   -0.000512    0.000000
   -2   -3    0    6    7    0.000000    0.000000
   -2   -3    0    7    7   -0.011868    0.000000
   -2   -3    0    8    7   -0.001633    0.000000
   -2   -3    0    1    8    0.013694    0.000000
   -2   -3    0    2    8   -0.000000    0.000000
   -2   -3    0    3    8   -0.000000    0.000000
   -2   -3    0    4    8    0.019917   -0.000000
   -2   -3    0    5    8    0.018443    0.000000
   -2   -3    0    6    8    0.000000    0.000000
   -2   -3    0    7    8    0.004581   -0.000000
   -2   -3    0    8    8   -0.000802   -0.000000
   -2   -2    0    1    1    0.009205    0.000000
   -2   -2    0    2    1   -0.000000    0.000000
   -2   -2    0    3    1    0.074742   -0.000000
   -2   -2    0    4    1    0.098502    0.000000
   -2   -2    0    5    1    0.018247    0.000000
   -2   -2    0    6    1    0.000000    0.000000
   -2   -2    0    7    1   -0.038917   -0.000000
   -2   -2    0    8    1    0.005883   -0.000000
   -2   -2    0    1    2    0.000000   -0.000000
   -2   -2    0    2    2   -0.019470    0.000000
   -2   -2    0    3    2    0.000000    0.000000
   -2   -2    0    4    2    0.000000    0.000000
   -2   -2    0    5    2    0.000000   -0.000000
   -2   -2    0    6    2   -0.014045   -0.000000
   -2   -2    0    7    2   -0.000000    0.000000
   -2   -2    0    8    2    0.000000    0.000000
   -2   -2    0    1    3   -0.043988    0.000000
   -2   -2    0    2    3   -0.000000   -0.000000
   -2   -2    0    3    3    0.046918   -0.000000
   -2   -2    0    4    3   -0.010902   -0.000000
   -2   -2    0    5    3    0.038917   -0.000000
   -2   -2    0    6    3    0.000000    0.000000
   -2   -2    0    7    3   -0.039289   -0.000000
   -2   -2    0    8    3   -0.036671    0.000000
   -2   -2    0    1    4   -0.005038   -0.000000
   -2   -2    0    2    4   -0.000000    0.000000
   -2   -2    0    3    4    0.031983   -0.000000
   -2   -2    0    4    4    0.031043   -0.000000
   -2   -2    0    5    4   -0.005883   -0.000000
   -2   -2    0    6    4   -0.000000    0.000000
   -2   -2    0    7    4   -0.036671    0.000000
   -2   -2    0    8    4   -0.001704    0.000000
   -2   -2    0    1    5    0.035817    0.000000
   -2   -2    0    2    5    0.000000   -0.000000
   -2   -2    0    3    5    0.005623   -0.000000
   -2   -2    0    4    5    0.029724   -0.000000
   -2   -2    0    5    5    0.009205   -0.000000
   -2   -2    0    6    5    0.000000    0.000000
   -2   -2    0    7    5    0.043988    0.000000
   -2   -2    0    8    5    0.005038    0.000000
   -2   -2    0    1    6    0.000000   -0.000000
   -2   -2    0    2    6   -0.014045    0.000000
   -2   -2    0    3    6    0.000000   -0.000000
   -2   -2    0    4    6   -0.000000   -0.000000
   -2   -2    0    5    6   -0.000000   -0.000000
   -2   -2    0    6    6   -0.019470   -0.000000
   -2   -2    0    7    6    0.000000    0.000000
   -2   -2    0    8    6    0.000000    0.000000
   -2   -2    0    1    7   -0.005623   -0.000000
   -2   -2    0    2    7   -0.000000   -0.000000
   -2   -2    0    3    7    0.034000    0.000000
   -2   -2    0    4    7   -0.009442   -0.000000
   -2   -2    0    5    7   -0.074742   -0.000000
   -2   -2    0    6    7   -0.000000    0.000000
   -2   -2    0    7    7    0.046918    0.000000
   -2   -2    0    8    7    0.031983    0.000000
   -2   -2    0    1    8   -0.029724   -0.000000
   -2   -2    0    2    8    0.000000    0.000000
   -2   -2    0    3    8   -0.009442   -0.000000
   -2   -2    0    4    8   -0.060189   -0.000000
   -2   -2    0    5    8   -0.098502   -0.000000
   -2   -2    0    6    8   -0.000000   -0.000000
   -2   -2    0    7    8   -0.010902    0.000000
   -2   -2    0    8    8    0.031043    0.000000
   -2   -1    0    1    1    0.011678   -0.000000
   -2   -1    0    2    1   -0.000000   -0.000000
   -2   -1    0    3    1    0.008465    0.000000
   -2   -1    0    4    1    0.054185    0.000000
   -2   -1    0    5    1    0.005550    0.000000
   -2   -1    0    6    1    0.000000    0.000000
   -2   -1    0    7    1   -0.034632   -0.000000
   -2   -1    0    8    1    0.014569    0.000000
   -2   -1    0    1    2   -0.000000    0.000000
   -2   -1    0    2    2    0.053490    0.000000
   -2   -1    0    3    2   -0.000000   -0.000000
   -2   -1    0    4    2    0.000000   -0.000000
   -2   -1    0    5    2    0.000000   -0.000000
   -2   -1    0    6    2   -0.014045   -0.000000
   -2   -1    0    7    2   -0.000000   -0.000000
   -2   -1    0    8    2    0.000000   -0.000000
   -2   -1    0    1    3   -0.040911    0.000000
   -2   -1    0    2    3   -0.000000    0.000000
   -2   -1    0    3    3    0.149844    0.000000
   -2   -1    0    4    3    0.090228    0.000000
   -2   -1    0    5    3    0.034632    0.000000
   -2   -1    0    6    3    0.000000    0.000000
   -2   -1    0    7    3   -0.057714   -0.000000
   -2   -1    0    8    3   -0.028034   -0.000000
   -2   -1    0    1    4    0.028214   -0.000000
   -2   -1    0    2    4    0.000000   -0.000000
   -2   -1    0    3    4    0.047655   -0.000000
   -2   -1    0    4    4    0.085078   -0.000000
   -2   -1    0    5    4   -0.014569   -0.000000
   -2   -1    0    6    4   -0.000000    0.000000
   -2   -1    0    7    4   -0.028034   -0.000000
   -2   -1    0    8    4    0.006208    0.000000
   -2   -1    0    1    5   -0.012718    0.000000
   -2   -1    0    2    5    0.000000   -0.000000
   -2   -1    0    3    5   -0.077169    0.000000
   -2   -1    0    4    5   -0.109012    0.000000
   -2   -1    0    5    5    0.011678    0.000000
   -2   -1    0    6    5   -0.000000   -0.000000
   -2   -1    0    7    5    0.040911   -0.000000
   -2   -1    0    8    5   -0.028214    0.000000
   -2   -1    0    1    6   -0.000000    0.000000
   -2   -1    0    2    6    0.019347   -0.000000
   -2   -1    0    3    6   -0.000000   -0.000000
   -2   -1    0    4    6    0.000000    0.000000
   -2   -1    0    5    6   -0.000000    0.000000
   -2   -1    0    6    6    0.053490   -0.000000
   -2   -1    0    7    6    0.000000   -0.000000
   -2   -1    0    8    6   -0.000000   -0.000000
   -2   -1    0    1    7    0.077169    0.000000
   -2   -1    0    2    7    0.000000    0.000000
   -2   -1    0    3    7   -0.157258   -0.000000
   -2   -1    0    4    7    0.002479   -0.000000
   -2   -1    0    5    7   -0.008465   -0.000000
   -2   -1    0    6    7    0.000000   -0.000000
   -2   -1    0    7    7    0.149844   -0.000000
   -2   -1    0    8    7    0.047655    0.000000
   -2   -1    0    1    8    0.109012    0.000000
   -2   -1    0    2    8   -0.000000    0.000000
   -2   -1    0    3    8    0.002479   -0.000000
   -2   -1    0    4    8    0.231730    0.000000
   -2   -1    0    5    8   -0.054185   -0.000000
   -2   -1    0    6    8   -0.000000   -0.000000
   -2   -1    0    7    8    0.090228   -0.000000
   -2   -1    0    8    8    0.085078   -0.000000
   -2    0    0    1    1    0.008305    0.000000
   -2    0    0    2    1   -0.000000   -0.000000
   -2    0    0    3    1    0.009259    0.000000
   -2    0    0    4    1    0.034938    0.000000
   -2    0    0    5    1    0.002725    0.000000
   -2    0    0    6    1   -0.000000   -0.000000
   -2    0    0    7    1   -0.016188    0.000000
   -2    0    0    8    1    0.004930   -0.000000
   -2    0    0    1    2   -0.000000   -0.000000
   -2    0    0    2    2   -0.019470    0.000000
   -2    0    0    3    2    0.000000    0.000000
   -2    0    0    4    2    0.000000   -0.000000
   -2    0    0    5    2    0.000000    0.000000
   -2    0    0    6    2    0.008132    0.000000
   -2    0    0    7    2   -0.000000    0.000000
   -2    0    0    8    2   -0.000000   -0.000000
   -2    0    0    1    3   -0.009254   -0.000000
   -2    0    0    2    3   -0.000000   -0.000000
   -2    0    0    3    3    0.077537   -0.000000
   -2    0    0    4    3    0.081700   -0.000000
   -2    0    0    5    3    0.016188   -0.000000
   -2    0    0    6    3    0.000000    0.000000
   -2    0    0    7    3   -0.036737    0.000000
   -2    0    0    8    3   -0.011854   -0.000000
   -2    0    0    1    4    0.034934    0.000000
   -2    0    0    2    4    0.000000   -0.000000
   -2    0    0    3    4   -0.081703    0.000000
   -2    0    0    4    4    0.001325   -0.000000
   -2    0    0    5    4   -0.004930   -0.000000
   -2    0    0    6    4    0.000000   -0.000000
   -2    0    0    7    4   -0.011854    0.000000
   -2    0    0    8    4    0.031455   -0.000000
   -2    0    0    1    5   -0.070643    0.000000
   -2    0    0    2    5   -0.000000    0.000000
   -2    0    0    3    5    0.147314   -0.000000
   -2    0    0    4    5    0.040322   -0.000000
   -2    0    0    5    5    0.008305   -0.000000
   -2    0    0    6    5   -0.000000   -0.000000
   -2    0    0    7    5    0.009254   -0.000000
   -2    0    0    8    5   -0.034934    0.000000
   -2    0    0    1    6   -0.000000   -0.000000
   -2    0    0    2    6    0.019347   -0.000000
   -2    0    0    3    6    0.000000    0.000000
   -2    0    0    4    6    0.000000    0.000000
   -2    0    0    5    6   -0.000000   -0.000000
   -2    0    0    6    6   -0.019470   -0.000000
   -2    0    0    7    6    0.000000    0.000000
   -2    0    0    8    6   -0.000000    0.000000
   -2    0    0    1    7   -0.147314    0.000000
   -2    0    0    2    7   -0.000000    0.000000
   -2    0    0    3    7    0.174488    0.000000
   -2    0    0    4    7   -0.090287    0.000000
   -2    0    0    5    7   -0.009259    0.000000
   -2    0    0    6    7   -0.000000    0.000000
   -2    0    0    7    7    0.077537    0.000000
   -2    0    0    8    7   -0.081703   -0.000000
   -2    0    0    1    8   -0.040322   -0.000000
   -2    0    0    2    8    0.000000   -0.000000
   -2    0    0    3    8   -0.090287    0.000000
   -2    0    0    4    8   -0.171223    0.000000
   -2    0    0    5    8   -0.034938    0.000000
   -2    0    0    6    8   -0.000000   -0.000000
   -2    0    0    7    8    0.081700   -0.000000
   -2    0    0    8    8    0.001325    0.000000
   -2    1    0    1    1   -0.001463   -0.000000
   -2    1    0    2    1   -0.000000   -0.000000
   -2    1    0    3    1   -0.007918   -0.000000
   -2    1    0    4    1   -0.002224    0.000000
   -2    1    0    5    1   -0.004160    0.000000
   -2    1    0    6    1    0.000000   -0.000000
   -2    1    0    7    1   -0.002606    0.000000
   -2    1    0    8    1    0.007925    0.000000
   -2    1    0    1    2    0.000000    0.000000
   -2    1    0    2    2    0.003666   -0.000000
   -2    1    0    3    2   -0.000000   -0.000000
   -2    1    0    4    2    0.000000    0.000000
   -2    1    0    5    2    0.000000   -0.000000
   -2    1    0    6    2   -0.000964    0.000000
   -2    1    0    7    2   -0.000000    0.000000
   -2    1    0    8    2    0.000000    0.000000
   -2    1    0    1    3   -0.003051   -0.000000
   -2    1    0    2    3   -0.000000    0.000000
   -2    1    0    3    3   -0.021316    0.000000
   -2    1    0    4    3    0.007929   -0.000000
   -2    1    0    5    3    0.002606    0.000000
   -2    1    0    6    3    0.000000   -0.000000
   -2    1    0    7    3   -0.011261   -0.000000
   -2    1    0    8    3    0.011422   -0.000000
   -2    1    0    1    4   -0.010572    0.000000
   -2    1    0    2    4    0.000000   -0.000000
   -2    1    0    3    4    0.019855   -0.000000
   -2    1    0    4    4   -0.017265    0.000000
   -2    1    0    5    4   -0.007925   -0.000000
   -2    1    0    6    4   -0.000000    0.000000
   -2    1    0    7    4    0.011422    0.000000
   -2    1    0    8    4   -0.005359    0.000000
   -2    1    0    1    5    0.005546   -0.000000
   -2    1    0    2    5    0.000000   -0.000000
   -2    1    0    3    5   -0.034629    0.000000
   -2    1    0    4    5   -0.014570    0.000000
   -2    1    0    5    5   -0.001463   -0.000000
   -2    1    0    6    5   -0.000000    0.000000
   -2    1    0    7    5    0.003051    0.000000
   -2    1    0    8    5    0.010572   -0.000000
   -2    1    0    1    6    0.000000    0.000000
   -2    1    0    2    6   -0.014045   -0.000000
   -2    1    0    3    6   -0.000000   -0.000000
   -2    1    0    4    6   -0.000000    0.000000
   -2    1    0    5    6   -0.000000    0.000000
   -2    1    0    6    6    0.003666    0.000000
   -2    1    0    7    6    0.000000   -0.000000
   -2    1    0    8    6   -0.000000   -0.000000
   -2    1    0    1    7    0.034629   -0.000000
   -2    1    0    2    7    0.000000   -0.000000
   -2    1    0    3    7   -0.057717   -0.000000
   -2    1    0    4    7    0.028034    0.000000
   -2    1    0    5    7    0.007918    0.000000
   -2    1    0    6    7    0.000000   -0.000000
   -2    1    0    7    7   -0.021316   -0.000000
   -2    1    0    8    7    0.019855    0.000000
   -2    1    0    1    8    0.014570   -0.000000
   -2    1    0    2    8    0.000000   -0.000000
   -2    1    0    3    8    0.028034    0.000000
   -2    1    0    4    8    0.006207    0.000000
   -2    1    0    5    8    0.002224   -0.000000
   -2    1    0    6    8   -0.000000   -0.000000
   -2    1    0    7    8    0.007929    0.000000
   -2    1    0    8    8   -0.017265    0.000000
   -2    2    0    1    1    0.003122    0.000000
   -2    2    0    2    1    0.000000    0.000000
   -2    2    0    3    1    0.007112    0.000000
   -2    2    0    4    1   -0.001801    0.000000
   -2    2    0    5    1   -0.002605    0.000000
   -2    2    0    6    1   -0.000000   -0.000000
   -2    2    0    7    1    0.002420   -0.000000
   -2    2    0    8    1   -0.003736    0.000000
   -2    2    0    1    2   -0.000000   -0.000000
   -2    2    0    2    2    0.002052   -0.000000
   -2    2    0    3    2    0.000000   -0.000000
   -2    2    0    4    2   -0.000000    0.000000
   -2    2    0    5    2   -0.000000   -0.000000
   -2    2    0    6    2   -0.000922   -0.000000
   -2    2    0    7    2   -0.000000   -0.000000
   -2    2    0    8    2   -0.000000   -0.000000
   -2    2    0    1    3   -0.006156    0.000000
   -2    2    0    2    3   -0.000000    0.000000
   -2    2    0    3    3    0.005989    0.000000
   -2    2    0    4    3    0.006590    0.000000
   -2    2    0    5    3   -0.002420   -0.000000
   -2    2    0    6    3    0.000000    0.000000
   -2    2    0    7    3   -0.008638    0.000000
   -2    2    0    8    3    0.004953   -0.000000
   -2    2    0    1    4    0.008244   -0.000000
   -2    2    0    2    4    0.000000   -0.000000
   -2    2    0    3    4   -0.005070    0.000000
   -2    2    0    4    4    0.003735   -0.000000
   -2    2    0    5    4    0.003736    0.000000
   -2    2    0    6    4    0.000000   -0.000000
   -2    2    0    7    4    0.004953    0.000000
   -2    2    0    8    4    0.000428   -0.000000
   -2    2    0    1    5   -0.002474   -0.000000
   -2    2    0    2    5   -0.000000    0.000000
   -2    2    0    3    5    0.013390   -0.000000
   -2    2    0    4    5   -0.000085    0.000000
   -2    2    0    5    5    0.003122   -0.000000
   -2    2    0    6    5   -0.000000   -0.000000
   -2    2    0    7    5    0.006156   -0.000000
   -2    2    0    8    5   -0.008244    0.000000
   -2    2    0    1    6    0.000000   -0.000000
   -2    2    0    2    6   -0.005604    0.000000
   -2    2    0    3    6    0.000000    0.000000
   -2    2    0    4    6   -0.000000   -0.000000
   -2    2    0    5    6    0.000000   -0.000000
   -2    2    0    6    6    0.002052    0.000000
   -2    2    0    7    6    0.000000    0.000000
   -2    2    0    8    6   -0.000000    0.000000
   -2    2    0    1    7   -0.013390    0.000000
   -2    2    0    2    7   -0.000000    0.000000
   -2    2    0    3    7    0.019558    0.000000
   -2    2    0    4    7   -0.010778    0.000000
   -2    2    0    5    7   -0.007112   -0.000000
   -2    2    0    6    7   -0.000000    0.000000
   -2    2    0    7    7    0.005989    0.000000
   -2    2    0    8    7   -0.005070    0.000000
   -2    2    0    1    8    0.000085   -0.000000
   -2    2    0    2    8    0.000000   -0.000000
   -2    2    0    3    8   -0.010778    0.000000
   -2    2    0    4    8   -0.002696    0.000000
   -2    2    0    5    8    0.001801    0.000000
   -2    2    0    6    8    0.000000   -0.000000
   -2    2    0    7    8    0.006590    0.000000
   -2    2    0    8    8    0.003735    0.000000
   -2    3    0    1    1    0.002079    0.000000
   -2    3    0    2    1    0.000000   -0.000000
   -2    3    0    3    1    0.001794   -0.000000
   -2    3    0    4    1    0.000096    0.000000
   -2    3    0    5    1   -0.001197   -0.000000
   -2    3    0    6    1   -0.000000    0.000000
   -2    3    0    7    1    0.002599    0.000000
   -2    3    0    8    1    0.000034   -0.000000
   -2    3    0    1    2    0.000000    0.000000
   -2    3    0    2    2    0.000051    0.000000
   -2    3    0    3    2    0.000000    0.000000
   -2    3    0    4    2    0.000000   -0.000000
   -2    3    0    5    2   -0.000000    0.000000
   -2    3    0    6    2    0.000145   -0.000000
   -2    3    0    7    2    0.000000    0.000000
   -2    3    0    8    2    0.000000   -0.000000
   -2    3    0    1    3    0.002686   -0.000000
   -2    3    0    2    3    0.000000    0.000000
   -2    3    0    3    3    0.001576   -0.000000
   -2    3    0    4    3   -0.001131   -0.000000
   -2    3    0    5    3   -0.002599    0.000000
   -2    3    0    6    3   -0.000000    0.000000
   -2    3    0    7    3    0.002280   -0.000000
   -2    3    0    8    3    0.000619   -0.000000
   -2    3    0    1    4   -0.003404    0.000000
   -2    3    0    2    4   -0.000000   -0.000000
   -2    3    0    3    4   -0.001820   -0.000000
   -2    3    0    4    4   -0.002942   -0.000000
   -2    3    0    5    4   -0.000034   -0.000000
   -2    3    0    6    4   -0.000000    0.000000
   -2    3    0    7    4    0.000619    0.000000
   -2    3    0    8    4   -0.000848    0.000000
   -2    3    0    1    5   -0.002521   -0.000000
   -2    3    0    2    5   -0.000000   -0.000000
   -2    3    0    3    5   -0.007272    0.000000
   -2    3    0    4    5    0.001568    0.000000
   -2    3    0    5    5    0.002079   -0.000000
   -2    3    0    6    5    0.000000    0.000000
   -2    3    0    7    5   -0.002686   -0.000000
   -2    3    0    8    5    0.003404   -0.000000
   -2    3    0    1    6   -0.000000    0.000000
   -2    3    0    2    6   -0.000445   -0.000000
   -2    3    0    3    6   -0.000000   -0.000000
   -2    3    0    4    6   -0.000000    0.000000
   -2    3    0    5    6    0.000000    0.000000
   -2    3    0    6    6    0.000051   -0.000000
   -2    3    0    7    6   -0.000000   -0.000000
   -2    3    0    8    6    0.000000    0.000000
   -2    3    0    1    7    0.007272   -0.000000
   -2    3    0    2    7    0.000000    0.000000
   -2    3    0    3    7    0.003637    0.000000
   -2    3    0    4    7    0.002024   -0.000000
   -2    3    0    5    7   -0.001794    0.000000
   -2    3    0    6    7   -0.000000   -0.000000
   -2    3    0    7    7    0.001576    0.000000
   -2    3    0    8    7   -0.001820    0.000000
   -2    3    0    1    8   -0.001568    0.000000
   -2    3    0    2    8   -0.000000    0.000000
   -2    3    0    3    8    0.002024    0.000000
   -2    3    0    4    8   -0.001173    0.000000
   -2    3    0    5    8   -0.000096    0.000000
   -2    3    0    6    8   -0.000000    0.000000
   -2    3    0    7    8   -0.001131   -0.000000
   -2    3    0    8    8   -0.002942    0.000000
   -1   -5    0    1    1   -0.000035    0.000000
   -1   -5    0    2    1   -0.000000    0.000000
   -1   -5    0    3    1   -0.001254   -0.000000
   -1   -5    0    4    1   -0.000103   -0.000000
   -1   -5    0    5    1    0.001395    0.000000
   -1   -5    0    6    1    0.000000   -0.000000
   -1   -5    0    7    1    0.000387   -0.000000
   -1   -5    0    8    1    0.002217   -0.000000
   -1   -5    0    1    2   -0.000000   -0.000000
   -1   -5    0    2    2    0.000148   -0.000000
   -1   -5    0    3    2   -0.000000   -0.000000
   -1   -5    0    4    2   -0.000000   -0.000000
   -1   -5    0    5    2    0.000000   -0.000000
   -1   -5    0    6    2    0.000124    0.000000
   -1   -5    0    7    2    0.000000   -0.000000
   -1   -5    0    8    2    0.000000    0.000000
   -1   -5    0    1    3    0.000336    0.000000
   -1   -5    0    2    3    0.000000   -0.000000
   -1   -5    0    3    3    0.000446    0.000000
   -1   -5    0    4    3   -0.000659   -0.000000
   -1   -5    0    5    3   -0.000387   -0.000000
   -1   -5    0    6    3   -0.000000    0.000000
   -1   -5    0    7    3   -0.000339   -0.000000
   -1   -5    0    8    3   -0.002300    0.000000
   -1   -5    0    1    4    0.001400    0.000000
   -1   -5    0    2    4    0.000000    0.000000
   -1   -5    0    3    4    0.000586    0.000000
   -1   -5    0    4    4    0.000505    0.000000
   -1   -5    0    5    4   -0.002217   -0.000000
   -1   -5    0    6    4   -0.000000   -0.000000
   -1   -5    0    7    4   -0.002300    0.000000
   -1   -5    0    8    4   -0.000062   -0.000000
   -1   -5    0    1    5    0.001735    0.000000
   -1   -5    0    2    5    0.000000    0.000000
   -1   -5    0    3    5    0.002226   -0.000000
   -1   -5    0    4    5    0.001086   -0.000000
   -1   -5    0    5    5   -0.000035   -0.000000
   -1   -5    0    6    5    0.000000    0.000000
   -1   -5    0    7    5   -0.000336   -0.000000
   -1   -5    0    8    5   -0.001400   -0.000000
   -1   -5    0    1    6    0.000000   -0.000000
   -1   -5    0    2    6    0.000054    0.000000
   -1   -5    0    3    6    0.000000    0.000000
   -1   -5    0    4    6    0.000000   -0.000000
   -1   -5    0    5    6   -0.000000   -0.000000
   -1   -5    0    6    6    0.000148    0.000000
   -1   -5    0    7    6    0.000000    0.000000
   -1   -5    0    8    6   -0.000000    0.000000
   -1   -5    0    1    7   -0.002226    0.000000
   -1   -5    0    2    7   -0.000000   -0.000000
   -1   -5    0    3    7   -0.002056    0.000000
   -1   -5    0    4    7   -0.000975   -0.000000
   -1   -5    0    5    7    0.001254    0.000000
   -1   -5    0    6    7    0.000000    0.000000
   -1   -5    0    7    7    0.000446   -0.000000
   -1   -5    0    8    7    0.000586    0.000000
   -1   -5    0    1    8   -0.001086    0.000000
   -1   -5    0    2    8   -0.000000   -0.000000
   -1   -5    0    3    8   -0.000975   -0.000000
   -1   -5    0    4    8   -0.000677    0.000000
   -1   -5    0    5    8    0.000103    0.000000
   -1   -5    0    6    8    0.000000    0.000000
   -1   -5    0    7    8   -0.000659   -0.000000
   -1   -5    0    8    8    0.000505   -0.000000
   -1   -4    0    1    1   -0.001859    0.000000
   -1   -4    0    2    1   -0.000000   -0.000000
   -1   -4    0    3    1   -0.000458    0.000000
   -1   -4    0    4    1    0.000158   -0.000000
   -1   -4    0    5    1    0.019630   -0.000000
   -1   -4    0    6    1    0.000000    0.000000
   -1   -4    0    7    1    0.002549   -0.000000
   -1   -4    0    8    1   -0.003845    0.000000
   -1   -4    0    1    2   -0.000000    0.000000
   -1   -4    0    2    2   -0.000615   -0.000000
   -1   -4    0    3    2   -0.000000    0.000000
   -1   -4    0    4    2    0.000000    0.000000
   -1   -4    0    5    2    0.000000    0.000000
   -1   -4    0    6    2   -0.000964   -0.000000
   -1   -4    0    7    2    0.000000   -0.000000
   -1   -4    0    8    2   -0.000000   -0.000000
   -1   -4    0    1    3    0.000315   -0.000000
   -1   -4    0    2    3    0.000000   -0.000000
   -1   -4    0    3    3    0.001366   -0.000000
   -1   -4    0    4    3   -0.001547    0.000000
   -1   -4    0    5    3   -0.002549   -0.000000
   -1   -4    0    6    3   -0.000000   -0.000000
   -1   -4    0    7    3    0.008428    0.000000
   -1   -4    0    8    3    0.003210   -0.000000
   -1   -4    0    1    4    0.001570    0.000000
   -1   -4    0    2    4    0.000000   -0.000000
   -1   -4    0    3    4    0.002527    0.000000
   -1   -4    0    4    4    0.000007   -0.000000
   -1   -4    0    5    4    0.003845   -0.000000
   -1   -4    0    6    4    0.000000    0.000000
   -1   -4    0    7    4    0.003210   -0.000000
   -1   -4    0    8    4    0.000691   -0.000000
   -1   -4    0    1    5    0.000528   -0.000000
   -1   -4    0    2    5    0.000000   -0.000000
   -1   -4    0    3    5    0.001265    0.000000
   -1   -4    0    4    5    0.000238    0.000000
   -1   -4    0    5    5   -0.001859   -0.000000
   -1   -4    0    6    5   -0.000000    0.000000
   -1   -4    0    7    5   -0.000315    0.000000
   -1   -4    0    8    5   -0.001570    0.000000
   -1   -4    0    1    6    0.000000    0.000000
   -1   -4    0    2    6    0.000054    0.000000
   -1   -4    0    3    6    0.000000    0.000000
   -1   -4    0    4    6    0.000000    0.000000
   -1   -4    0    5    6   -0.000000    0.000000
   -1   -4    0    6    6   -0.000615    0.000000
   -1   -4    0    7    6   -0.000000   -0.000000
   -1   -4    0    8    6   -0.000000   -0.000000
   -1   -4    0    1    7   -0.001265   -0.000000
   -1   -4    0    2    7   -0.000000    0.000000
   -1   -4    0    3    7   -0.004181   -0.000000
   -1   -4    0    4    7   -0.000143    0.000000
   -1   -4    0    5    7    0.000458    0.000000
   -1   -4    0    6    7    0.000000   -0.000000
   -1   -4    0    7    7    0.001366    0.000000
   -1   -4    0    8    7    0.002527   -0.000000
   -1   -4    0    1    8   -0.000238   -0.000000
   -1   -4    0    2    8   -0.000000    0.000000
   -1   -4    0    3    8   -0.000143    0.000000
   -1   -4    0    4    8    0.000045   -0.000000
   -1   -4    0    5    8   -0.000158    0.000000
   -1   -4    0    6    8    0.000000   -0.000000
   -1   -4    0    7    8   -0.001547    0.000000
   -1   -4    0    8    8    0.000007   -0.000000
   -1   -3    0    1    1   -0.027374   -0.000000
   -1   -3    0    2    1   -0.000000   -0.000000
   -1   -3    0    3    1   -0.000512    0.000000
   -1   -3    0    4    1   -0.018443   -0.000000
   -1   -3    0    5    1   -0.123775    0.000000
   -1   -3    0    6    1   -0.000000    0.000000
   -1   -3    0    7    1   -0.000004    0.000000
   -1   -3    0    8    1    0.055002   -0.000000
   -1   -3    0    1    2   -0.000000    0.000000
   -1   -3    0    2    2    0.003666    0.000000
   -1   -3    0    3    2   -0.000000    0.000000
   -1   -3    0    4    2   -0.000000    0.000000
   -1   -3    0    5    2   -0.000000    0.000000
   -1   -3    0    6    2   -0.019523   -0.000000
   -1   -3    0    7    2    0.000000    0.000000
   -1   -3    0    8    2    0.000000   -0.000000
   -1   -3    0    1    3   -0.002265    0.000000
   -1   -3    0    2    3    0.000000    0.000000
   -1   -3    0    3    3   -0.011868   -0.000000
   -1   -3    0    4    3   -0.004580   -0.000000
   -1   -3    0    5    3    0.000004    0.000000
   -1   -3    0    6    3   -0.000000    0.000000
   -1   -3    0    7    3   -0.028359    0.000000
   -1   -3    0    8    3   -0.000001    0.000000
   -1   -3    0    1    4   -0.007189   -0.000000
   -1   -3    0    2    4   -0.000000   -0.000000
   -1   -3    0    3    4    0.001634    0.000000
   -1   -3    0    4    4   -0.000802   -0.000000
   -1   -3    0    5    4   -0.055002   -0.000000
   -1   -3    0    6    4   -0.000000    0.000000
   -1   -3    0    7    4   -0.000001    0.000000
   -1   -3    0    8    4    0.020216    0.000000
   -1   -3    0    1    5    0.001761   -0.000000
   -1   -3    0    2    5    0.000000    0.000000
   -1   -3    0    3    5    0.002035   -0.000000
   -1   -3    0    4    5   -0.001849    0.000000
   -1   -3    0    5    5   -0.027374    0.000000
   -1   -3    0    6    5   -0.000000   -0.000000
   -1   -3    0    7    5    0.002265   -0.000000
   -1   -3    0    8    5    0.007189    0.000000
   -1   -3    0    1    6   -0.000000   -0.000000
   -1   -3    0    2    6    0.001724    0.000000
   -1   -3    0    3    6   -0.000000   -0.000000
   -1   -3    0    4    6    0.000000   -0.000000
   -1   -3    0    5    6   -0.000000   -0.000000
   -1   -3    0    6    6    0.003666   -0.000000
   -1   -3    0    7    6   -0.000000    0.000000
   -1   -3    0    8    6    0.000000    0.000000
   -1   -3    0    1    7   -0.002035    0.000000
   -1   -3    0    2    7    0.000000   -0.000000
   -1   -3    0    3    7   -0.008479    0.000000
   -1   -3    0    4    7   -0.004241   -0.000000
   -1   -3    0    5    7    0.000512    0.000000
   -1   -3    0    6    7   -0.000000    0.000000
   -1   -3    0    7    7   -0.011868    0.000000
   -1   -3    0    8    7    0.001634   -0.000000
   -1   -3    0    1    8    0.001849    0.000000
   -1   -3    0    2    8   -0.000000    0.000000
   -1   -3    0    3    8   -0.004241   -0.000000
   -1   -3    0    4    8    0.014945    0.000000
   -1   -3    0    5    8    0.018443   -0.000000
   -1   -3    0    6    8    0.000000   -0.000000
   -1   -3    0    7    8   -0.004580    0.000000
   -1   -3    0    8    8   -0.000802   -0.000000
   -1   -2    0    1    1    0.138933   -0.000000
   -1   -2    0    2    1    0.000000    0.000000
   -1   -2    0    3    1   -0.000002    0.000000
   -1   -2    0    4    1    0.128296   -0.000000
   -1   -2    0    5    1   -0.032517    0.000000
   -1   -2    0    6    1   -0.000000    0.000000
   -1   -2    0    7    1    0.215748    0.000000
   -1   -2    0    8    1   -0.014274    0.000000
   -1   -2    0    1    2    0.000000   -0.000000
   -1   -2    0    2    2    0.053490    0.000000
   -1   -2    0    3    2   -0.000000    0.000000
   -1   -2    0    4    2    0.000000    0.000000
   -1   -2    0    5    2    0.000000   -0.000000
   -1   -2    0    6    2    0.019347   -0.000000
   -1   -2    0    7    2    0.000000    0.000000
   -1   -2    0    8    2   -0.000000    0.000000
   -1   -2    0    1    3   -0.000001    0.000000
   -1   -2    0    2    3    0.000000    0.000000
   -1   -2    0    3    3    0.073663    0.000000
   -1   -2    0    4    3   -0.000004    0.000000
   -1   -2    0    5    3   -0.215748    0.000000
   -1   -2    0    6    3   -0.000000   -0.000000
   -1   -2    0    7    3    0.102764   -0.000000
   -1   -2    0    8    3    0.075232   -0.000000
   -1   -2    0    1    4    0.060017    0.000000
   -1   -2    0    2    4    0.000000    0.000000
   -1   -2    0    3    4   -0.000002   -0.000000
   -1   -2    0    4    4    0.034004    0.000000
   -1   -2    0    5    4    0.014274    0.000000
   -1   -2    0    6    4    0.000000    0.000000
   -1   -2    0    7    4    0.075232   -0.000000
   -1   -2    0    8    4   -0.006641    0.000000
   -1   -2    0    1    5    0.035816    0.000000
   -1   -2    0    2    5    0.000000    0.000000
   -1   -2    0    3    5   -0.005627    0.000000
   -1   -2    0    4    5    0.029723    0.000000
   -1   -2    0    5    5    0.138933   -0.000000
   -1   -2    0    6    5    0.000000   -0.000000
   -1   -2    0    7    5    0.000001   -0.000000
   -1   -2    0    8    5   -0.060017   -0.000000
   -1   -2    0    1    6    0.000000    0.000000
   -1   -2    0    2    6   -0.014045   -0.000000
   -1   -2    0    3    6   -0.000000   -0.000000
   -1   -2    0    4    6   -0.000000    0.000000
   -1   -2    0    5    6    0.000000   -0.000000
   -1   -2    0    6    6    0.053490   -0.000000
   -1   -2    0    7    6   -0.000000   -0.000000
   -1   -2    0    8    6   -0.000000    0.000000
   -1   -2    0    1    7    0.005627   -0.000000
   -1   -2    0    2    7    0.000000   -0.000000
   -1   -2    0    3    7    0.034000   -0.000000
   -1   -2    0    4    7    0.009443    0.000000
   -1   -2    0    5    7    0.000002   -0.000000
   -1   -2    0    6    7   -0.000000   -0.000000
   -1   -2    0    7    7    0.073663   -0.000000
   -1   -2    0    8    7   -0.000002    0.000000
   -1   -2    0    1    8   -0.029723   -0.000000
   -1   -2    0    2    8    0.000000   -0.000000
   -1   -2    0    3    8    0.009443    0.000000
   -1   -2    0    4    8   -0.060189    0.000000
   -1   -2    0    5    8   -0.128296   -0.000000
   -1   -2    0    6    8   -0.000000    0.000000
   -1   -2    0    7    8   -0.000004   -0.000000
   -1   -2    0    8    8    0.034004   -0.000000
   -1   -1    0    1    1   -0.120113   -0.000000
   -1   -1    0    2    1    0.000000   -0.000000
   -1   -1    0    3    1   -0.005088   -0.000000
   -1   -1    0    4    1   -0.664441   -0.000000
   -1   -1    0    5    1   -0.183017    0.000000
   -1   -1    0    6    1    0.000000   -0.000000
   -1   -1    0    7    1    0.530089   -0.000000
   -1   -1    0    8    1   -0.176690    0.000000
   -1   -1    0    1    2   -0.000000   -0.000000
   -1   -1    0    2    2    0.226236   -0.000000
   -1   -1    0    3    2   -0.000000    0.000000
   -1   -1    0    4    2   -0.000000   -0.000000
   -1   -1    0    5    2   -0.000000    0.000000
   -1   -1    0    6    2   -0.276225    0.000000
   -1   -1    0    7    2    0.000000   -0.000000
   -1   -1    0    8    2   -0.000000   -0.000000
   -1   -1    0    1    3    0.306156   -0.000000
   -1   -1    0    2    3    0.000000   -0.000000
   -1   -1    0    3    3   -0.629915    0.000000
   -1   -1    0    4    3   -0.087396   -0.000000
   -1   -1    0    5    3   -0.530089   -0.000000
   -1   -1    0    6    3   -0.000000    0.000000
   -1   -1    0    7    3    0.407791    0.000000
   -1   -1    0    8    3    0.256678    0.000000
   -1   -1    0    1    4   -0.085939   -0.000000
   -1   -1    0    2    4    0.000000   -0.000000
   -1   -1    0    3    4    0.115615    0.000000
   -1   -1    0    4    4   -0.110960    0.000000
   -1   -1    0    5    4    0.176690    0.000000
   -1   -1    0    6    4   -0.000000   -0.000000
   -1   -1    0    7    4    0.256678   -0.000000
   -1   -1    0    8    4   -0.146932   -0.000000
   -1   -1    0    1    5   -0.180896    0.000000
   -1   -1    0    2    5    0.000000   -0.000000
   -1   -1    0    3    5    0.000019    0.000000
   -1   -1    0    4    5   -0.211369    0.000000
   -1   -1    0    5    5   -0.120113    0.000000
   -1   -1    0    6    5   -0.000000   -0.000000
   -1   -1    0    7    5   -0.306155    0.000000
   -1   -1    0    8    5    0.085939   -0.000000
   -1   -1    0    1    6    0.000000    0.000000
   -1   -1    0    2    6   -0.276225    0.000000
   -1   -1    0    3    6    0.000000    0.000000
   -1   -1    0    4    6   -0.000000    0.000000
   -1   -1    0    5    6    0.000000    0.000000
   -1   -1    0    6    6    0.226236    0.000000
   -1   -1    0    7    6   -0.000000   -0.000000
   -1   -1    0    8    6   -0.000000   -0.000000
   -1   -1    0    1    7   -0.000018    0.000000
   -1   -1    0    2    7   -0.000000    0.000000
   -1   -1    0    3    7   -0.508852    0.000000
   -1   -1    0    4    7    0.000001    0.000000
   -1   -1    0    5    7    0.005088   -0.000000
   -1   -1    0    6    7    0.000000    0.000000
   -1   -1    0    7    7   -0.629915   -0.000000
   -1   -1    0    8    7    0.115615   -0.000000
   -1   -1    0    1    8    0.211369   -0.000000
   -1   -1    0    2    8   -0.000000    0.000000
   -1   -1    0    3    8    0.000001    0.000000
   -1   -1    0    4    8    0.917495   -0.000000
   -1   -1    0    5    8    0.664441    0.000000
   -1   -1    0    6    8    0.000000    0.000000
   -1   -1    0    7    8   -0.087396    0.000000
   -1   -1    0    8    8   -0.110960   -0.000000
   -1    0    0    1    1   -0.024596    0.000000
   -1    0    0    2    1    0.000000   -0.000000
   -1    0    0    3    1   -0.306213   -0.000000
   -1    0    0    4    1   -0.483031   -0.000000
   -1    0    0    5    1   -0.070659   -0.000000
   -1    0    0    6    1   -0.000000    0.000000
   -1    0    0    7    1    0.147320    0.000000
   -1    0    0    8    1   -0.040318    0.000000
   -1    0    0    1    2    0.000000   -0.000000
   -1    0    0    2    2    0.226236   -0.000000
   -1    0    0    3    2   -0.000000   -0.000000
   -1    0    0    4    2   -0.000000   -0.000000
   -1    0    0    5    2   -0.000000   -0.000000
   -1    0    0    6    2    0.019347    0.000000
   -1    0    0    7    2    0.000000    0.000000
   -1    0    0    8    2    0.000000    0.000000
   -1    0    0    1    3    0.306180   -0.000000
   -1    0    0    2    3    0.000000   -0.000000
   -1    0    0    3    3   -0.491932   -0.000000
   -1    0    0    4    3   -0.302797   -0.000000
   -1    0    0    5    3   -0.147320    0.000000
   -1    0    0    6    3   -0.000000    0.000000
   -1    0    0    7    3    0.174471    0.000000
   -1    0    0    8    3    0.090287   -0.000000
   -1    0    0    1    4   -0.483017    0.000000
   -1    0    0    2    4   -0.000000    0.000000
   -1    0    0    3    4    0.302828   -0.000000
   -1    0    0    4    4   -0.344460    0.000000
   -1    0    0    5    4    0.040318   -0.000000
   -1    0    0    6    4    0.000000    0.000000
   -1    0    0    7    4    0.090287   -0.000000
   -1    0    0    8    4   -0.171227    0.000000
   -1    0    0    1    5    0.408482   -0.000000
   -1    0    0    2    5   -0.000000    0.000000
   -1    0    0    3    5    0.546106    0.000000
   -1    0    0    4    5    3.473974   -0.000000
   -1    0    0    5    5   -0.024596   -0.000000
   -1    0    0    6    5    0.000000    0.000000
   -1    0    0    7    5   -0.306180    0.000000
   -1    0    0    8    5    0.483017    0.000000
   -1    0    0    1    6    0.000000   -0.000000
   -1    0    0    2    6   -2.923013   -0.000000
   -1    0    0    3    6    0.000000    0.000000
   -1    0    0    4    6    0.000000   -0.000000
   -1    0    0    5    6    0.000000   -0.000000
   -1    0    0    6    6    0.226236    0.000000
   -1    0    0    7    6   -0.000000    0.000000
   -1    0    0    8    6    0.000000    0.000000
   -1    0    0    1    7   -0.546107   -0.000000
   -1    0    0    2    7   -0.000000    0.000000
   -1    0    0    3    7    4.453856    0.000000
   -1    0    0    4    7    6.795035    0.000000
   -1    0    0    5    7    0.306213   -0.000000
   -1    0    0    6    7    0.000000    0.000000
   -1    0    0    7    7   -0.491932    0.000000
   -1    0    0    8    7    0.302829   -0.000000
   -1    0    0    1    8   -3.473976   -0.000000
   -1    0    0    2    8   -0.000000    0.000000
   -1    0    0    3    8    6.795034    0.000000
   -1    0    0    4    8    4.438898    0.000000
   -1    0    0    5    8    0.483031    0.000000
   -1    0    0    6    8    0.000000   -0.000000
   -1    0    0    7    8   -0.302797    0.000000
   -1    0    0    8    8   -0.344460    0.000000
   -1    1    0    1    1    0.011680    0.000000
   -1    1    0    2    1   -0.000000   -0.000000
   -1    1    0    3    1    0.040920   -0.000000
   -1    1    0    4    1    0.028211    0.000000
   -1    1    0    5    1    0.011911    0.000000
   -1    1    0    6    1    0.000000    0.000000
   -1    1    0    7    1   -0.001891   -0.000000
   -1    1    0    8    1   -0.013451   -0.000000
   -1    1    0    1    2   -0.000000    0.000000
   -1    1    0    2    2    0.053490   -0.000000
   -1    1    0    3    2    0.000000   -0.000000
   -1    1    0    4    2    0.000000    0.000000
   -1    1    0    5    2    0.000000   -0.000000
   -1    1    0    6    2   -0.019523    0.000000
   -1    1    0    7    2    0.000000   -0.000000
   -1    1    0    8    2   -0.000000   -0.000000
   -1    1    0    1    3   -0.008456   -0.000000
   -1    1    0    2    3    0.000000   -0.000000
   -1    1    0    3    3    0.149841   -0.000000
   -1    1    0    4    3   -0.047657    0.000000
   -1    1    0    5    3    0.001891    0.000000
   -1    1    0    6    3   -0.000000   -0.000000
   -1    1    0    7    3    0.087077   -0.000000
   -1    1    0    8    3   -0.084308    0.000000
   -1    1    0    1    4    0.054180    0.000000
   -1    1    0    2    4    0.000000    0.000000
   -1    1    0    3    4   -0.090232    0.000000
   -1    1    0    4    4    0.085080   -0.000000
   -1    1    0    5    4    0.013451    0.000000
   -1    1    0    6    4    0.000000   -0.000000
   -1    1    0    7    4   -0.084308    0.000000
   -1    1    0    8    4    0.050017   -0.000000
   -1    1    0    1    5   -0.182953   -0.000000
   -1    1    0    2    5   -0.000000    0.000000
   -1    1    0    3    5    0.530076   -0.000000
   -1    1    0    4    5    0.176698    0.000000
   -1    1    0    5    5    0.011680   -0.000000
   -1    1    0    6    5   -0.000000   -0.000000
   -1    1    0    7    5    0.008456   -0.000000
   -1    1    0    8    5   -0.054180    0.000000
   -1    1    0    1    6    0.000000   -0.000000
   -1    1    0    2    6   -0.276225   -0.000000
   -1    1    0    3    6    0.000000    0.000000
   -1    1    0    4    6   -0.000000   -0.000000
   -1    1    0    5    6   -0.000000   -0.000000
   -1    1    0    6    6    0.053490    0.000000
   -1    1    0    7    6   -0.000000   -0.000000
   -1    1    0    8    6   -0.000000   -0.000000
   -1    1    0    1    7   -0.530076    0.000000
   -1    1    0    2    7   -0.000000    0.000000
   -1    1    0    3    7    0.407850    0.000000
   -1    1    0    4    7   -0.256672    0.000000
   -1    1    0    5    7   -0.040920    0.000000
   -1    1    0    6    7   -0.000000   -0.000000
   -1    1    0    7    7    0.149841   -0.000000
   -1    1    0    8    7   -0.090232   -0.000000
   -1    1    0    1    8   -0.176697   -0.000000
   -1    1    0    2    8   -0.000000    0.000000
   -1    1    0    3    8   -0.256672    0.000000
   -1    1    0    4    8   -0.146926   -0.000000
   -1    1    0    5    8   -0.028211    0.000000
   -1    1    0    6    8   -0.000000    0.000000
   -1    1    0    7    8   -0.047657   -0.000000
   -1    1    0    8    8    0.085080    0.000000
   -1    2    0    1    1    0.000305   -0.000000
   -1    2    0    2    1   -0.000000    0.000000
   -1    2    0    3    1   -0.013465    0.000000
   -1    2    0    4    1   -0.003121    0.000000
   -1    2    0    5    1   -0.001188   -0.000000
   -1    2    0    6    1    0.000000    0.000000
   -1    2    0    7    1    0.000092    0.000000
   -1    2    0    8    1    0.004030   -0.000000
   -1    2    0    1    2    0.000000   -0.000000
   -1    2    0    2    2    0.003666    0.000000
   -1    2    0    3    2   -0.000000   -0.000000
   -1    2    0    4    2    0.000000    0.000000
   -1    2    0    5    2    0.000000   -0.000000
   -1    2    0    6    2   -0.000964   -0.000000
   -1    2    0    7    2   -0.000000   -0.000000
   -1    2    0    8    2    0.000000   -0.000000
   -1    2    0    1    3    0.000348   -0.000000
   -1    2    0    2    3   -0.000000    0.000000
   -1    2    0    3    3   -0.023790    0.000000
   -1    2    0    4    3    0.010176   -0.000000
   -1    2    0    5    3   -0.000092   -0.000000
   -1    2    0    6    3    0.000000   -0.000000
   -1    2    0    7    3   -0.003740   -0.000000
   -1    2    0    8    3    0.014788    0.000000
   -1    2    0    1    4   -0.005069    0.000000
   -1    2    0    2    4    0.000000   -0.000000
   -1    2    0    3    4    0.013652   -0.000000
   -1    2    0    4    4   -0.016559    0.000000
   -1    2    0    5    4   -0.004030   -0.000000
   -1    2    0    6    4   -0.000000    0.000000
   -1    2    0    7    4    0.014788    0.000000
   -1    2    0    8    4   -0.008571    0.000000
   -1    2    0    1    5    0.018243   -0.000000
   -1    2    0    2    5    0.000000   -0.000000
   -1    2    0    3    5   -0.038916    0.000000
   -1    2    0    4    5   -0.005885    0.000000
   -1    2    0    5    5    0.000305    0.000000
   -1    2    0    6    5    0.000000    0.000000
   -1    2    0    7    5   -0.000348    0.000000
   -1    2    0    8    5    0.005069   -0.000000
   -1    2    0    1    6    0.000000   -0.000000
   -1    2    0    2    6   -0.014045   -0.000000
   -1    2    0    3    6   -0.000000   -0.000000
   -1    2    0    4    6   -0.000000   -0.000000
   -1    2    0    5    6   -0.000000   -0.000000
   -1    2    0    6    6    0.003666   -0.000000
   -1    2    0    7    6    0.000000    0.000000
   -1    2    0    8    6   -0.000000    0.000000
   -1    2    0    1    7    0.038916   -0.000000
   -1    2    0    2    7    0.000000    0.000000
   -1    2    0    3    7   -0.039293    0.000000
   -1    2    0    4    7    0.036671   -0.000000
   -1    2    0    5    7    0.013465    0.000000
   -1    2    0    6    7    0.000000    0.000000
   -1    2    0    7    7   -0.023790   -0.000000
   -1    2    0    8    7    0.013652    0.000000
   -1    2    0    1    8    0.005885   -0.000000
   -1    2    0    2    8    0.000000   -0.000000
   -1    2    0    3    8    0.036671   -0.000000
   -1    2    0    4    8   -0.001705   -0.000000
   -1    2    0    5    8    0.003121    0.000000
   -1    2    0    6    8   -0.000000   -0.000000
   -1    2    0    7    8    0.010176    0.000000
   -1    2    0    8    8   -0.016559    0.000000
   -1    3    0    1    1   -0.000633   -0.000000
   -1    3    0    2    1   -0.000000   -0.000000
   -1    3    0    3    1   -0.001798   -0.000000
   -1    3    0    4    1    0.000311    0.000000
   -1    3    0    5    1   -0.000520    0.000000
   -1    3    0    6    1   -0.000000   -0.000000
   -1    3    0    7    1   -0.000463   -0.000000
   -1    3    0    8    1    0.001971    0.000000
   -1    3    0    1    2   -0.000000    0.000000
   -1    3    0    2    2   -0.000615   -0.000000
   -1    3    0    3    2   -0.000000    0.000000
   -1    3    0    4    2    0.000000    0.000000
   -1    3    0    5    2   -0.000000    0.000000
   -1    3    0    6    2    0.000124   -0.000000
   -1    3    0    7    2    0.000000    0.000000
   -1    3    0    8    2    0.000000   -0.000000
   -1    3    0    1    3    0.001289    0.000000
   -1    3    0    2    3    0.000000   -0.000000
   -1    3    0    3    3    0.000719   -0.000000
   -1    3    0    4    3    0.001166   -0.000000
   -1    3    0    5    3    0.000463    0.000000
   -1    3    0    6    3   -0.000000   -0.000000
   -1    3    0    7    3    0.000408    0.000000
   -1    3    0    8    3   -0.001469   -0.000000
   -1    3    0    1    4    0.002296   -0.000000
   -1    3    0    2    4    0.000000    0.000000
   -1    3    0    3    4    0.001132    0.000000
   -1    3    0    4    4   -0.000573   -0.000000
   -1    3    0    5    4   -0.001971    0.000000
   -1    3    0    6    4   -0.000000   -0.000000
   -1    3    0    7    4   -0.001469   -0.000000
   -1    3    0    8    4   -0.001463    0.000000
   -1    3    0    1    5   -0.007938   -0.000000
   -1    3    0    2    5   -0.000000   -0.000000
   -1    3    0    3    5    0.011853   -0.000000
   -1    3    0    4    5    0.001228   -0.000000
   -1    3    0    5    5   -0.000633    0.000000
   -1    3    0    6    5   -0.000000   -0.000000
   -1    3    0    7    5   -0.001289    0.000000
   -1    3    0    8    5   -0.002296    0.000000
   -1    3    0    1    6   -0.000000    0.000000
   -1    3    0    2    6    0.001724    0.000000
   -1    3    0    3    6    0.000000    0.000000
   -1    3    0    4    6    0.000000    0.000000
   -1    3    0    5    6   -0.000000    0.000000
   -1    3    0    6    6   -0.000615    0.000000
   -1    3    0    7    6   -0.000000   -0.000000
   -1    3    0    8    6   -0.000000   -0.000000
   -1    3    0    1    7   -0.011853   -0.000000
   -1    3    0    2    7   -0.000000   -0.000000
   -1    3    0    3    7    0.000605   -0.000000
   -1    3    0    4    7   -0.002711    0.000000
   -1    3    0    5    7    0.001798   -0.000000
   -1    3    0    6    7    0.000000   -0.000000
   -1    3    0    7    7    0.000719    0.000000
   -1    3    0    8    7    0.001132   -0.000000
   -1    3    0    1    8   -0.001228   -0.000000
   -1    3    0    2    8    0.000000    0.000000
   -1    3    0    3    8   -0.002711    0.000000
   -1    3    0    4    8   -0.003825   -0.000000
   -1    3    0    5    8   -0.000311   -0.000000
   -1    3    0    6    8    0.000000    0.000000
   -1    3    0    7    8    0.001166    0.000000
   -1    3    0    8    8   -0.000573    0.000000
    0   -4    0    1    1    0.000503   -0.000000
    0   -4    0    2    1   -0.000000    0.000000
    0   -4    0    3    1   -0.003070    0.000000
    0   -4    0    4    1    0.001169    0.000000
    0   -4    0    5    1   -0.001813   -0.000000
    0   -4    0    6    1   -0.000000    0.000000
    0   -4    0    7    1   -0.003909    0.000000
    0   -4    0    8    1    0.003131   -0.000000
    0   -4    0    1    2   -0.000000   -0.000000
    0   -4    0    2    2    0.000519    0.000000
    0   -4    0    3    2   -0.000000    0.000000
    0   -4    0    4    2    0.000000   -0.000000
    0   -4    0    5    2   -0.000000    0.000000
    0   -4    0    6    2    0.000259   -0.000000
    0   -4    0    7    2   -0.000000    0.000000
    0   -4    0    8    2    0.000000   -0.000000
    0   -4    0    1    3   -0.003528    0.000000
    0   -4    0    2    3   -0.000000    0.000000
    0   -4    0    3    3   -0.001655   -0.000000
    0   -4    0    4    3   -0.002407   -0.000000
    0   -4    0    5    3    0.003909    0.000000
    0   -4    0    6    3    0.000000   -0.000000
    0   -4    0    7    3   -0.001439   -0.000000
    0   -4    0    8    3   -0.002019    0.000000
    0   -4    0    1    4    0.001756   -0.000000
    0   -4    0    2    4    0.000000   -0.000000
    0   -4    0    3    4   -0.002249   -0.000000
    0   -4    0    4    4    0.002018    0.000000
    0   -4    0    5    4   -0.003131    0.000000
    0   -4    0    6    4   -0.000000    0.000000
    0   -4    0    7    4   -0.002019   -0.000000
    0   -4    0    8    4    0.002850    0.000000
    0   -4    0    1    5   -0.000921   -0.000000
    0   -4    0    2    5    0.000000    0.000000
    0   -4    0    3    5    0.003733    0.000000
    0   -4    0    4    5   -0.001856    0.000000
    0   -4    0    5    5    0.000503   -0.000000
    0   -4    0    6    5   -0.000000   -0.000000
    0   -4    0    7    5    0.003528   -0.000000
    0   -4    0    8    5   -0.001756   -0.000000
    0   -4    0    1    6    0.000000    0.000000
    0   -4    0    2    6   -0.000721    0.000000
    0   -4    0    3    6    0.000000   -0.000000
    0   -4    0    4    6   -0.000000   -0.000000
    0   -4    0    5    6   -0.000000    0.000000
    0   -4    0    6    6    0.000519   -0.000000
    0   -4    0    7    6    0.000000    0.000000
    0   -4    0    8    6   -0.000000    0.000000
    0   -4    0    1    7   -0.003733    0.000000
    0   -4    0    2    7   -0.000000    0.000000
    0   -4    0    3    7   -0.000442   -0.000000
    0   -4    0    4    7   -0.001891   -0.000000
    0   -4    0    5    7    0.003070   -0.000000
    0   -4    0    6    7    0.000000    0.000000
    0   -4    0    7    7   -0.001655   -0.000000
    0   -4    0    8    7   -0.002249    0.000000
    0   -4    0    1    8    0.001856   -0.000000
    0   -4    0    2    8   -0.000000    0.000000
    0   -4    0    3    8   -0.001891   -0.000000
    0   -4    0    4    8    0.003154   -0.000000
    0   -4    0    5    8   -0.001169   -0.000000
    0   -4    0    6    8   -0.000000    0.000000
    0   -4    0    7    8   -0.002407    0.000000
    0   -4    0    8    8    0.002018    0.000000
    0   -3    0    1    1    0.000669    0.000000
    0   -3    0    2    1    0.000000    0.000000
    0   -3    0    3    1    0.013094   -0.000000
    0   -3    0    4    1   -0.018705   -0.000000
    0   -3    0    5    1   -0.008551    0.000000
    0   -3    0    6    1   -0.000000   -0.000000
    0   -3    0    7    1    0.034245    0.000000
    0   -3    0    8    1   -0.004634   -0.000000
    0   -3    0    1    2    0.000000   -0.000000
    0   -3    0    2    2   -0.002781   -0.000000
    0   -3    0    3    2    0.000000   -0.000000
    0   -3    0    4    2   -0.000000   -0.000000
    0   -3    0    5    2   -0.000000    0.000000
    0   -3    0    6    2    0.008132   -0.000000
    0   -3    0    7    2    0.000000    0.000000
    0   -3    0    8    2   -0.000000    0.000000
    0   -3    0    1    3   -0.006470   -0.000000
    0   -3    0    2    3   -0.000000    0.000000
    0   -3    0    3    3   -0.004728   -0.000000
    0   -3    0    4    3    0.000226    0.000000
    0   -3    0    5    3   -0.034245   -0.000000
    0   -3    0    6    3   -0.000000    0.000000
    0   -3    0    7    3   -0.008398   -0.000000
    0   -3    0    8    3    0.015631   -0.000000
    0   -3    0    1    4    0.003756    0.000000
    0   -3    0    2    4    0.000000    0.000000
    0   -3    0    3    4    0.003462   -0.000000
    0   -3    0    4    4   -0.003042   -0.000000
    0   -3    0    5    4    0.004634    0.000000
    0   -3    0    6    4    0.000000   -0.000000
    0   -3    0    7    4    0.015631    0.000000
    0   -3    0    8    4   -0.003111   -0.000000
    0   -3    0    1    5    0.000199    0.000000
    0   -3    0    2    5    0.000000    0.000000
    0   -3    0    3    5    0.003819    0.000000
    0   -3    0    4    5   -0.002084   -0.000000
    0   -3    0    5    5    0.000669    0.000000
    0   -3    0    6    5    0.000000   -0.000000
    0   -3    0    7    5    0.006470    0.000000
    0   -3    0    8    5   -0.003756    0.000000
    0   -3    0    1    6    0.000000   -0.000000
    0   -3    0    2    6    0.000259    0.000000
    0   -3    0    3    6    0.000000   -0.000000
    0   -3    0    4    6    0.000000    0.000000
    0   -3    0    5    6    0.000000   -0.000000
    0   -3    0    6    6   -0.002781    0.000000
    0   -3    0    7    6    0.000000   -0.000000
    0   -3    0    8    6   -0.000000    0.000000
    0   -3    0    1    7   -0.003819   -0.000000
    0   -3    0    2    7   -0.000000   -0.000000
    0   -3    0    3    7    0.000260   -0.000000
    0   -3    0    4    7   -0.003304    0.000000
    0   -3    0    5    7   -0.013094   -0.000000
    0   -3    0    6    7   -0.000000    0.000000
    0   -3    0    7    7   -0.004728    0.000000
    0   -3    0    8    7    0.003462    0.000000
    0   -3    0    1    8    0.002084    0.000000
    0   -3    0    2    8   -0.000000   -0.000000
    0   -3    0    3    8   -0.003304    0.000000
    0   -3    0    4    8    0.003112    0.000000
    0   -3    0    5    8    0.018705    0.000000
    0   -3    0    6    8    0.000000    0.000000
    0   -3    0    7    8    0.000226   -0.000000
    0   -3    0    8    8   -0.003042    0.000000
    0   -2    0    1    1    0.009203    0.000000
    0   -2    0    2    1   -0.000000    0.000000
    0   -2    0    3    1   -0.074738   -0.000000
    0   -2    0    4    1    0.098503   -0.000000
    0   -2    0    5    1   -0.032490    0.000000
    0   -2    0    6    1   -0.000000   -0.000000
    0   -2    0    7    1   -0.215744   -0.000000
    0   -2    0    8    1   -0.014277    0.000000
    0   -2    0    1    2    0.000000   -0.000000
    0   -2    0    2    2   -0.019470   -0.000000
    0   -2    0    3    2   -0.000000    0.000000
    0   -2    0    4    2    0.000000   -0.000000
    0   -2    0    5    2    0.000000   -0.000000
    0   -2    0    6    2    0.019347   -0.000000
    0   -2    0    7    2   -0.000000    0.000000
    0   -2    0    8    2   -0.000000   -0.000000
    0   -2    0    1    3    0.043990   -0.000000
    0   -2    0    2    3    0.000000   -0.000000
    0   -2    0    3    3    0.046920    0.000000
    0   -2    0    4    3    0.010897   -0.000000
    0   -2    0    5    3    0.215744   -0.000000
    0   -2    0    6    3    0.000000    0.000000
    0   -2    0    7    3    0.102786    0.000000
    0   -2    0    8    3   -0.075232   -0.000000
    0   -2    0    1    4   -0.005041    0.000000
    0   -2    0    2    4   -0.000000   -0.000000
    0   -2    0    3    4   -0.031983    0.000000
    0   -2    0    4    4    0.031044   -0.000000
    0   -2    0    5    4    0.014277    0.000000
    0   -2    0    6    4    0.000000   -0.000000
    0   -2    0    7    4   -0.075232    0.000000
    0   -2    0    8    4   -0.006639   -0.000000
    0   -2    0    1    5   -0.000547    0.000000
    0   -2    0    2    5   -0.000000   -0.000000
    0   -2    0    3    5   -0.019741    0.000000
    0   -2    0    4    5    0.021407   -0.000000
    0   -2    0    5    5    0.009203   -0.000000
    0   -2    0    6    5    0.000000    0.000000
    0   -2    0    7    5   -0.043990    0.000000
    0   -2    0    8    5    0.005041    0.000000
    0   -2    0    1    6   -0.000000    0.000000
    0   -2    0    2    6    0.008132    0.000000
    0   -2    0    3    6   -0.000000    0.000000
    0   -2    0    4    6    0.000000   -0.000000
    0   -2    0    5    6   -0.000000    0.000000
    0   -2    0    6    6   -0.019470    0.000000
    0   -2    0    7    6   -0.000000    0.000000
    0   -2    0    8    6    0.000000   -0.000000
    0   -2    0    1    7    0.019741    0.000000
    0   -2    0    2    7    0.000000    0.000000
    0   -2    0    3    7    0.025142    0.000000
    0   -2    0    4    7    0.002720    0.000000
    0   -2    0    5    7    0.074738    0.000000
    0   -2    0    6    7    0.000000    0.000000
    0   -2    0    7    7    0.046920   -0.000000
    0   -2    0    8    7   -0.031983   -0.000000
    0   -2    0    1    8   -0.021407    0.000000
    0   -2    0    2    8   -0.000000    0.000000
    0   -2    0    3    8    0.002720    0.000000
    0   -2    0    4    8   -0.028601    0.000000
    0   -2    0    5    8   -0.098503   -0.000000
    0   -2    0    6    8   -0.000000   -0.000000
    0   -2    0    7    8    0.010897    0.000000
    0   -2    0    8    8    0.031044   -0.000000
    0   -1    0    1    1   -0.120131    0.000000
    0   -1    0    2    1    0.000000   -0.000000
    0   -1    0    3    1    0.005054   -0.000000
    0   -1    0    4    1   -0.664437    0.000000
    0   -1    0    5    1  -11.630295   -0.000000
    0   -1    0    6    1   -0.000000    0.000000
    0   -1    0    7    1   -0.000434   -0.000000
    0   -1    0    8    1    1.829479    0.000000
    0   -1    0    1    2   -0.000000   -0.000000
    0   -1    0    2    2    0.226236   -0.000000
    0   -1    0    3    2    0.000000   -0.000000
    0   -1    0    4    2   -0.000000   -0.000000
    0   -1    0    5    2   -0.000001   -0.000000
    0   -1    0    6    2   -2.923013    0.000000
    0   -1    0    7    2   -0.000000    0.000000
    0   -1    0    8    2    0.000000    0.000000
    0   -1    0    1    3   -0.306186   -0.000000
    0   -1    0    2    3   -0.000000    0.000000
    0   -1    0    3    3   -0.629900   -0.000000
    0   -1    0    4    3    0.087440   -0.000000
    0   -1    0    5    3    0.000432   -0.000000
    0   -1    0    6    3   -0.000000    0.000000
    0   -1    0    7    3   -3.749073   -0.000000
    0   -1    0    8    3   -0.000030    0.000000
    0   -1    0    1    4   -0.085942   -0.000000
    0   -1    0    2    4    0.000000   -0.000000
    0   -1    0    3    4   -0.115608   -0.000000
    0   -1    0    4    4   -0.110957   -0.000000
    0   -1    0    5    4   -1.829479   -0.000000
    0   -1    0    6    4   -0.000000    0.000000
    0   -1    0    7    4   -0.000030    0.000000
    0   -1    0    8    4    0.621308    0.000000
    0   -1    0    1    5   -0.012709    0.000000
    0   -1    0    2    5    0.000000   -0.000000
    0   -1    0    3    5    0.077179   -0.000000
    0   -1    0    4    5   -0.109014    0.000000
    0   -1    0    5    5   -0.120131   -0.000000
    0   -1    0    6    5   -0.000000    0.000000
    0   -1    0    7    5    0.306186    0.000000
    0   -1    0    8    5    0.085942   -0.000000
    0   -1    0    1    6   -0.000000   -0.000000
    0   -1    0    2    6    0.019347   -0.000000
    0   -1    0    3    6    0.000000   -0.000000
    0   -1    0    4    6    0.000000    0.000000
    0   -1    0    5    6    0.000000    0.000000
    0   -1    0    6    6    0.226236    0.000000
    0   -1    0    7    6    0.000000    0.000000
    0   -1    0    8    6   -0.000000    0.000000
    0   -1    0    1    7   -0.077179   -0.000000
    0   -1    0    2    7   -0.000000    0.000000
    0   -1    0    3    7   -0.157248    0.000000
    0   -1    0    4    7   -0.002481    0.000000
    0   -1    0    5    7   -0.005054    0.000000
    0   -1    0    6    7   -0.000000    0.000000
    0   -1    0    7    7   -0.629900    0.000000
    0   -1    0    8    7   -0.115608    0.000000
    0   -1    0    1    8    0.109014    0.000000
    0   -1    0    2    8   -0.000000    0.000000
    0   -1    0    3    8   -0.002481   -0.000000
    0   -1    0    4    8    0.231734    0.000000
    0   -1    0    5    8    0.664437    0.000000
    0   -1    0    6    8    0.000000   -0.000000
    0   -1    0    7    8    0.087440    0.000000
    0   -1    0    8    8   -0.110957    0.000000
    0    0    0    1    1   -2.857422    0.000000
    0    0    0    2    1   -0.000000    0.000000
    0    0    0    3    1    0.000194    0.000000
    0    0    0    4    1    4.989856    0.000000
    0    0    0    5    1    0.408418    0.000000
    0    0    0    6    1    0.000000   -0.000000
    0    0    0    7    1    0.546344    0.000000
    0    0    0    8    1   -3.474374   -0.000000
    0    0    0    1    2   -0.000000   -0.000000
    0    0    0    2    2   -1.999728    0.000000
    0    0    0    3    2    0.000000   -0.000000
    0    0    0    4    2    0.000000   -0.000000
    0    0    0    5    2   -0.000000   -0.000000
    0    0    0    6    2   -2.923013    0.000000
    0    0    0    7    2    0.000000    0.000000
    0    0    0    8    2   -0.000000   -0.000000
    0    0    0    1    3    0.000194   -0.000000
    0    0    0    2    3    0.000000    0.000000
    0    0    0    3    3    2.956213   -0.000000
    0    0    0    4    3   -0.000167    0.000000
    0    0    0    5    3   -0.546346    0.000000
    0    0    0    6    3   -0.000000   -0.000000
    0    0    0    7    3    4.453643    0.000000
    0    0    0    8    3   -6.794834   -0.000000
    0    0    0    1    4    4.989856   -0.000000
    0    0    0    2    4    0.000000    0.000000
    0    0    0    3    4   -0.000167   -0.000000
    0    0    0    4    4   -1.634326    0.000000
    0    0    0    5    4    3.474376   -0.000000
    0    0    0    6    4    0.000000    0.000000
    0    0    0    7    4   -6.794832    0.000000
    0    0    0    8    4    4.439046   -0.000000
    0    0    0    1    5    0.408418   -0.000000
    0    0    0    2    5   -0.000000    0.000000
    0    0    0    3    5   -0.546346   -0.000000
    0    0    0    4    5    3.474376    0.000000
    0    0    0    5    5   -2.857422   -0.000000
    0    0    0    6    5   -0.000000    0.000000
    0    0    0    7    5   -0.000197   -0.000000
    0    0    0    8    5   -4.989856    0.000000
    0    0    0    1    6    0.000000    0.000000
    0    0    0    2    6   -2.923013   -0.000000
    0    0    0    3    6   -0.000000    0.000000
    0    0    0    4    6    0.000000   -0.000000
    0    0    0    5    6   -0.000000   -0.000000
    0    0    0    6    6   -1.999728    0.000000
    0    0    0    7    6    0.000000    0.000000
    0    0    0    8    6   -0.000000   -0.000000
    0    0    0    1    7    0.546344   -0.000000
    0    0    0    2    7    0.000000   -0.000000
    0    0    0    3    7    4.453643   -0.000000
    0    0    0    4    7   -6.794832   -0.000000
    0    0    0    5    7   -0.000197    0.000000
    0    0    0    6    7    0.000000   -0.000000
    0    0    0    7    7    2.956213    0.000000
    0    0    0    8    7   -0.000169    0.000000
    0    0    0    1    8   -3.474374    0.000000
    0    0    0    2    8   -0.000000    0.000000
    0    0    0    3    8   -6.794834    0.000000
    0    0    0    4    8    4.439046    0.000000
    0    0    0    5    8   -4.989856   -0.000000
    0    0    0    6    8   -0.000000    0.000000
    0    0    0    7    8   -0.000169   -0.000000
    0    0    0    8    8   -1.634326    0.000000
    0    1    0    1    1   -0.120131   -0.000000
    0    1    0    2    1   -0.000000    0.000000
    0    1    0    3    1   -0.306186    0.000000
    0    1    0    4    1   -0.085942    0.000000
    0    1    0    5    1   -0.012709   -0.000000
    0    1    0    6    1   -0.000000    0.000000
    0    1    0    7    1   -0.077179    0.000000
    0    1    0    8    1    0.109014   -0.000000
    0    1    0    1    2    0.000000    0.000000
    0    1    0    2    2    0.226236    0.000000
    0    1    0    3    2   -0.000000   -0.000000
    0    1    0    4    2    0.000000    0.000000
    0    1    0    5    2    0.000000    0.000000
    0    1    0    6    2    0.019347    0.000000
    0    1    0    7    2   -0.000000   -0.000000
    0    1    0    8    2   -0.000000   -0.000000
    0    1    0    1    3    0.005054    0.000000
    0    1    0    2    3    0.000000    0.000000
    0    1    0    3    3   -0.629900    0.000000
    0    1    0    4    3   -0.115608    0.000000
    0    1    0    5    3    0.077179    0.000000
    0    1    0    6    3    0.000000    0.000000
    0    1    0    7    3   -0.157248   -0.000000
    0    1    0    8    3   -0.002481    0.000000
    0    1    0    1    4   -0.664437   -0.000000
    0    1    0    2    4   -0.000000    0.000000
    0    1    0    3    4    0.087440    0.000000
    0    1    0    4    4   -0.110957    0.000000
    0    1    0    5    4   -0.109014   -0.000000
    0    1    0    6    4    0.000000   -0.000000
    0    1    0    7    4   -0.002481   -0.000000
    0    1    0    8    4    0.231734   -0.000000
    0    1    0    1    5  -11.630295    0.000000
    0    1    0    2    5   -0.000001    0.000000
    0    1    0    3    5    0.000432    0.000000
    0    1    0    4    5   -1.829479    0.000000
    0    1    0    5    5   -0.120131    0.000000
    0    1    0    6    5    0.000000   -0.000000
    0    1    0    7    5   -0.005054   -0.000000
    0    1    0    8    5    0.664437   -0.000000
    0    1    0    1    6   -0.000000   -0.000000
    0    1    0    2    6   -2.923013   -0.000000
    0    1    0    3    6   -0.000000   -0.000000
    0    1    0    4    6   -0.000000   -0.000000
    0    1    0    5    6   -0.000000   -0.000000
    0    1    0    6    6    0.226236   -0.000000
    0    1    0    7    6   -0.000000   -0.000000
    0    1    0    8    6    0.000000    0.000000
    0    1    0    1    7   -0.000434    0.000000
    0    1    0    2    7   -0.000000   -0.000000
    0    1    0    3    7   -3.749073    0.000000
    0    1    0    4    7   -0.000030   -0.000000
    0    1    0    5    7    0.306186   -0.000000
    0    1    0    6    7    0.000000   -0.000000
    0    1    0    7    7   -0.629900   -0.000000
    0    1    0    8    7    0.087440   -0.000000
    0    1    0    1    8    1.829479   -0.000000
    0    1    0    2    8    0.000000   -0.000000
    0    1    0    3    8   -0.000030   -0.000000
    0    1    0    4    8    0.621308   -0.000000
    0    1    0    5    8    0.085942    0.000000
    0    1    0    6    8   -0.000000   -0.000000
    0    1    0    7    8   -0.115608   -0.000000
    0    1    0    8    8   -0.110957   -0.000000
    0    2    0    1    1    0.009203   -0.000000
    0    2    0    2    1    0.000000    0.000000
    0    2    0    3    1    0.043990    0.000000
    0    2    0    4    1   -0.005041   -0.000000
    0    2    0    5    1   -0.000547   -0.000000
    0    2    0    6    1   -0.000000   -0.000000
    0    2    0    7    1    0.019741   -0.000000
    0    2    0    8    1   -0.021407   -0.000000
    0    2    0    1    2   -0.000000   -0.000000
    0    2    0    2    2   -0.019470    0.000000
    0    2    0    3    2    0.000000    0.000000
    0    2    0    4    2   -0.000000    0.000000
    0    2    0    5    2   -0.000000    0.000000
    0    2    0    6    2    0.008132   -0.000000
    0    2    0    7    2    0.000000   -0.000000
    0    2    0    8    2   -0.000000   -0.000000
    0    2    0    1    3   -0.074738    0.000000
    0    2    0    2    3   -0.000000   -0.000000
    0    2    0    3    3    0.046920   -0.000000
    0    2    0    4    3   -0.031983   -0.000000
    0    2    0    5    3   -0.019741   -0.000000
    0    2    0    6    3   -0.000000   -0.000000
    0    2    0    7    3    0.025142   -0.000000
    0    2    0    8    3    0.002720   -0.000000
    0    2    0    1    4    0.098503    0.000000
    0    2    0    2    4    0.000000    0.000000
    0    2    0    3    4    0.010897    0.000000
    0    2    0    4    4    0.031044    0.000000
    0    2    0    5    4    0.021407    0.000000
    0    2    0    6    4    0.000000    0.000000
    0    2    0    7    4    0.002720   -0.000000
    0    2    0    8    4   -0.028601   -0.000000
    0    2    0    1    5   -0.032490   -0.000000
    0    2    0    2    5    0.000000    0.000000
    0    2    0    3    5    0.215744    0.000000
    0    2    0    4    5    0.014277   -0.000000
    0    2    0    5    5    0.009203    0.000000
    0    2    0    6    5   -0.000000   -0.000000
    0    2    0    7    5    0.074738   -0.000000
    0    2    0    8    5   -0.098503    0.000000
    0    2    0    1    6   -0.000000    0.000000
    0    2    0    2    6    0.019347    0.000000
    0    2    0    3    6    0.000000   -0.000000
    0    2    0    4    6    0.000000    0.000000
    0    2    0    5    6    0.000000   -0.000000
    0    2    0    6    6   -0.019470   -0.000000
    0    2    0    7    6    0.000000   -0.000000
    0    2    0    8    6   -0.000000    0.000000
    0    2    0    1    7   -0.215744    0.000000
    0    2    0    2    7   -0.000000   -0.000000
    0    2    0    3    7    0.102786   -0.000000
    0    2    0    4    7   -0.075232   -0.000000
    0    2    0    5    7   -0.043990   -0.000000
    0    2    0    6    7   -0.000000   -0.000000
    0    2    0    7    7    0.046920    0.000000
    0    2    0    8    7    0.010897   -0.000000
    0    2    0    1    8   -0.014277   -0.000000
    0    2    0    2    8   -0.000000    0.000000
    0    2    0    3    8   -0.075232    0.000000
    0    2    0    4    8   -0.006639    0.000000
    0    2    0    5    8    0.005041   -0.000000
    0    2    0    6    8    0.000000    0.000000
    0    2    0    7    8   -0.031983    0.000000
    0    2    0    8    8    0.031044    0.000000
    0    3    0    1    1    0.000669   -0.000000
    0    3    0    2    1    0.000000    0.000000
    0    3    0    3    1   -0.006470    0.000000
    0    3    0    4    1    0.003756   -0.000000
    0    3    0    5    1    0.000199   -0.000000
    0    3    0    6    1    0.000000    0.000000
    0    3    0    7    1   -0.003819    0.000000
    0    3    0    8    1    0.002084   -0.000000
    0    3    0    1    2    0.000000   -0.000000
    0    3    0    2    2   -0.002781    0.000000
    0    3    0    3    2   -0.000000   -0.000000
    0    3    0    4    2    0.000000   -0.000000
    0    3    0    5    2    0.000000   -0.000000
    0    3    0    6    2    0.000259   -0.000000
    0    3    0    7    2   -0.000000    0.000000
    0    3    0    8    2   -0.000000    0.000000
    0    3    0    1    3    0.013094    0.000000
    0    3    0    2    3    0.000000    0.000000
    0    3    0    3    3   -0.004728    0.000000
    0    3    0    4    3    0.003462    0.000000
    0    3    0    5    3    0.003819   -0.000000
    0    3    0    6    3    0.000000    0.000000
    0    3    0    7    3    0.000260    0.000000
    0    3    0    8    3   -0.003304   -0.000000
    0    3    0    1    4   -0.018705    0.000000
    0    3    0    2    4   -0.000000    0.000000
    0    3    0    3    4    0.000226   -0.000000
    0    3    0    4    4   -0.003042    0.000000
    0    3    0    5    4   -0.002084    0.000000
    0    3    0    6    4    0.000000   -0.000000
    0    3    0    7    4   -0.003304   -0.000000
    0    3    0    8    4    0.003112   -0.000000
    0    3    0    1    5   -0.008551   -0.000000
    0    3    0    2    5   -0.000000   -0.000000
    0    3    0    3    5   -0.034245    0.000000
    0    3    0    4    5    0.004634   -0.000000
    0    3    0    5    5    0.000669   -0.000000
    0    3    0    6    5    0.000000    0.000000
    0    3    0    7    5   -0.013094    0.000000
    0    3    0    8    5    0.018705   -0.000000
    0    3    0    1    6   -0.000000    0.000000
    0    3    0    2    6    0.008132    0.000000
    0    3    0    3    6   -0.000000   -0.000000
    0    3    0    4    6    0.000000    0.000000
    0    3    0    5    6    0.000000    0.000000
    0    3    0    6    6   -0.002781   -0.000000
    0    3    0    7    6   -0.000000   -0.000000
    0    3    0    8    6    0.000000   -0.000000
    0    3    0    1    7    0.034245   -0.000000
    0    3    0    2    7    0.000000   -0.000000
    0    3    0    3    7   -0.008398    0.000000
    0    3    0    4    7    0.015631   -0.000000
    0    3    0    5    7    0.006470   -0.000000
    0    3    0    6    7    0.000000    0.000000
    0    3    0    7    7   -0.004728   -0.000000
    0    3    0    8    7    0.000226    0.000000
    0    3    0    1    8   -0.004634    0.000000
    0    3    0    2    8   -0.000000   -0.000000
    0    3    0    3    8    0.015631    0.000000
    0    3    0    4    8   -0.003111    0.000000
    0    3    0    5    8   -0.003756   -0.000000
    0    3    0    6    8   -0.000000   -0.000000
    0    3    0    7    8    0.003462   -0.000000
    0    3    0    8    8   -0.003042   -0.000000
    0    4    0    1    1    0.000503    0.000000
    0    4    0    2    1   -0.000000    0.000000
    0    4    0    3    1   -0.003528   -0.000000
    0    4    0    4    1    0.001756    0.000000
    0    4    0    5    1   -0.000921    0.000000
    0    4    0    6    1    0.000000   -0.000000
    0    4    0    7    1   -0.003733   -0.000000
    0    4    0    8    1    0.001856    0.000000
    0    4    0    1    2   -0.000000   -0.000000
    0    4    0    2    2    0.000519   -0.000000
    0    4    0    3    2   -0.000000   -0.000000
    0    4    0    4    2    0.000000    0.000000
    0    4    0    5    2    0.000000   -0.000000
    0    4    0    6    2   -0.000721   -0.000000
    0    4    0    7    2   -0.000000   -0.000000
    0    4    0    8    2   -0.000000   -0.000000
    0    4    0    1    3   -0.003070   -0.000000
    0    4    0    2    3   -0.000000   -0.000000
    0    4    0    3    3   -0.001655    0.000000
    0    4    0    4    3   -0.002249    0.000000
    0    4    0    5    3    0.003733   -0.000000
    0    4    0    6    3    0.000000    0.000000
    0    4    0    7    3   -0.000442    0.000000
    0    4    0    8    3   -0.001891    0.000000
    0    4    0    1    4    0.001169   -0.000000
    0    4    0    2    4    0.000000    0.000000
    0    4    0    3    4   -0.002407    0.000000
    0    4    0    4    4    0.002018   -0.000000
    0    4    0    5    4   -0.001856   -0.000000
    0    4    0    6    4   -0.000000    0.000000
    0    4    0    7    4   -0.001891    0.000000
    0    4    0    8    4    0.003154    0.000000
    0    4    0    1    5   -0.001813    0.000000
    0    4    0    2    5   -0.000000   -0.000000
    0    4    0    3    5    0.003909   -0.000000
    0    4    0    4    5   -0.003131   -0.000000
    0    4    0    5    5    0.000503    0.000000
    0    4    0    6    5   -0.000000   -0.000000
    0    4    0    7    5    0.003070    0.000000
    0    4    0    8    5   -0.001169    0.000000
    0    4    0    1    6   -0.000000   -0.000000
    0    4    0    2    6    0.000259    0.000000
    0    4    0    3    6    0.000000    0.000000
    0    4    0    4    6   -0.000000   -0.000000
    0    4    0    5    6   -0.000000    0.000000
    0    4    0    6    6    0.000519    0.000000
    0    4    0    7    6    0.000000   -0.000000
    0    4    0    8    6   -0.000000   -0.000000
    0    4    0    1    7   -0.003909   -0.000000
    0    4    0    2    7   -0.000000   -0.000000
    0    4    0    3    7   -0.001439    0.000000
    0    4    0    4    7   -0.002019    0.000000
    0    4    0    5    7    0.003528    0.000000
    0    4    0    6    7    0.000000   -0.000000
    0    4    0    7    7   -0.001655    0.000000
    0    4    0    8    7   -0.002407   -0.000000
    0    4    0    1    8    0.003131    0.000000
    0    4    0    2    8    0.000000    0.000000
    0    4    0    3    8   -0.002019   -0.000000
    0    4    0    4    8    0.002850   -0.000000
    0    4    0    5    8   -0.001756    0.000000
    0    4    0    6    8   -0.000000   -0.000000
    0    4    0    7    8   -0.002249   -0.000000
    0    4    0    8    8    0.002018   -0.000000
    1   -3    0    1    1   -0.000633    0.000000
    1   -3    0    2    1   -0.000000   -0.000000
    1   -3    0    3    1    0.001289   -0.000000
    1   -3    0    4    1    0.002296    0.000000
    1   -3    0    5    1   -0.007938    0.000000
    1   -3    0    6    1   -0.000000   -0.000000
    1   -3    0    7    1   -0.011853    0.000000
    1   -3    0    8    1   -0.001228    0.000000
    1   -3    0    1    2   -0.000000    0.000000
    1   -3    0    2    2   -0.000615    0.000000
    1   -3    0    3    2    0.000000    0.000000
    1   -3    0    4    2    0.000000   -0.000000
    1   -3    0    5    2   -0.000000    0.000000
    1   -3    0    6    2    0.001724   -0.000000
    1   -3    0    7    2   -0.000000    0.000000
    1   -3    0    8    2    0.000000   -0.000000
    1   -3    0    1    3   -0.001798    0.000000
    1   -3    0    2    3   -0.000000   -0.000000
    1   -3    0    3    3    0.000719    0.000000
    1   -3    0    4    3    0.001132   -0.000000
    1   -3    0    5    3    0.011853    0.000000
    1   -3    0    6    3    0.000000   -0.000000
    1   -3    0    7    3    0.000605    0.000000
    1   -3    0    8    3   -0.002711   -0.000000
    1   -3    0    1    4    0.000311   -0.000000
    1   -3    0    2    4    0.000000   -0.000000
    1   -3    0    3    4    0.001166    0.000000
    1   -3    0    4    4   -0.000573    0.000000
    1   -3    0    5    4    0.001228    0.000000
    1   -3    0    6    4    0.000000   -0.000000
    1   -3    0    7    4   -0.002711   -0.000000
    1   -3    0    8    4   -0.003825    0.000000
    1   -3    0    1    5   -0.000520   -0.000000
    1   -3    0    2    5   -0.000000   -0.000000
    1   -3    0    3    5    0.000463   -0.000000
    1   -3    0    4    5   -0.001971   -0.000000
    1   -3    0    5    5   -0.000633   -0.000000
    1   -3    0    6    5   -0.000000   -0.000000
    1   -3    0    7    5    0.001798    0.000000
    1   -3    0    8    5   -0.000311    0.000000
    1   -3    0    1    6   -0.000000    0.000000
    1   -3    0    2    6    0.000124    0.000000
    1   -3    0    3    6   -0.000000    0.000000
    1   -3    0    4    6   -0.000000    0.000000
    1   -3    0    5    6   -0.000000    0.000000
    1   -3    0    6    6   -0.000615   -0.000000
    1   -3    0    7    6    0.000000    0.000000
    1   -3    0    8    6    0.000000   -0.000000
    1   -3    0    1    7   -0.000463    0.000000
    1   -3    0    2    7    0.000000   -0.000000
    1   -3    0    3    7    0.000408   -0.000000
    1   -3    0    4    7   -0.001469    0.000000
    1   -3    0    5    7   -0.001289   -0.000000
    1   -3    0    6    7   -0.000000    0.000000
    1   -3    0    7    7    0.000719   -0.000000
    1   -3    0    8    7    0.001166   -0.000000
    1   -3    0    1    8    0.001971   -0.000000
    1   -3    0    2    8    0.000000    0.000000
    1   -3    0    3    8   -0.001469    0.000000
    1   -3    0    4    8   -0.001463   -0.000000
    1   -3    0    5    8   -0.002296   -0.000000
    1   -3    0    6    8   -0.000000    0.000000
    1   -3    0    7    8    0.001132    0.000000
    1   -3    0    8    8   -0.000573   -0.000000
    1   -2    0    1    1    0.000305    0.000000
    1   -2    0    2    1    0.000000    0.000000
    1   -2    0    3    1    0.000348    0.000000
    1   -2    0    4    1   -0.005069   -0.000000
    1   -2    0    5    1    0.018243    0.000000
    1   -2    0    6    1    0.000000    0.000000
    1   -2    0    7    1    0.038916    0.000000
    1   -2    0    8    1    0.005885    0.000000
    1   -2    0    1    2   -0.000000   -0.000000
    1   -2    0    2    2    0.003666   -0.000000
    1   -2    0    3    2   -0.000000   -0.000000
    1   -2    0    4    2    0.000000    0.000000
    1   -2    0    5    2    0.000000    0.000000
    1   -2    0    6    2   -0.014045    0.000000
    1   -2    0    7    2    0.000000   -0.000000
    1   -2    0    8    2    0.000000    0.000000
    1   -2    0    1    3   -0.013465   -0.000000
    1   -2    0    2    3   -0.000000    0.000000
    1   -2    0    3    3   -0.023790   -0.000000
    1   -2    0    4    3    0.013652    0.000000
    1   -2    0    5    3   -0.038916   -0.000000
    1   -2    0    6    3   -0.000000    0.000000
    1   -2    0    7    3   -0.039293   -0.000000
    1   -2    0    8    3    0.036671    0.000000
    1   -2    0    1    4   -0.003121   -0.000000
    1   -2    0    2    4    0.000000   -0.000000
    1   -2    0    3    4    0.010176    0.000000
    1   -2    0    4    4   -0.016559   -0.000000
    1   -2    0    5    4   -0.005885   -0.000000
    1   -2    0    6    4   -0.000000    0.000000
    1   -2    0    7    4    0.036671    0.000000
    1   -2    0    8    4   -0.001705    0.000000
    1   -2    0    1    5   -0.001188    0.000000
    1   -2    0    2    5    0.000000    0.000000
    1   -2    0    3    5   -0.000092    0.000000
    1   -2    0    4    5   -0.004030    0.000000
    1   -2    0    5    5    0.000305   -0.000000
    1   -2    0    6    5   -0.000000    0.000000
    1   -2    0    7    5    0.013465   -0.000000
    1   -2    0    8    5    0.003121   -0.000000
    1   -2    0    1    6    0.000000   -0.000000
    1   -2    0    2    6   -0.000964    0.000000
    1   -2    0    3    6    0.000000    0.000000
    1   -2    0    4    6   -0.000000   -0.000000
    1   -2    0    5    6    0.000000   -0.000000
    1   -2    0    6    6    0.003666    0.000000
    1   -2    0    7    6    0.000000   -0.000000
    1   -2    0    8    6   -0.000000    0.000000
    1   -2    0    1    7    0.000092   -0.000000
    1   -2    0    2    7   -0.000000    0.000000
    1   -2    0    3    7   -0.003740    0.000000
    1   -2    0    4    7    0.014788   -0.000000
    1   -2    0    5    7   -0.000348   -0.000000
    1   -2    0    6    7    0.000000   -0.000000
    1   -2    0    7    7   -0.023790    0.000000
    1   -2    0    8    7    0.010176   -0.000000
    1   -2    0    1    8    0.004030    0.000000
    1   -2    0    2    8    0.000000    0.000000
    1   -2    0    3    8    0.014788   -0.000000
    1   -2    0    4    8   -0.008571   -0.000000
    1   -2    0    5    8    0.005069    0.000000
    1   -2    0    6    8   -0.000000   -0.000000
    1   -2    0    7    8    0.013652   -0.000000
    1   -2    0    8    8   -0.016559   -0.000000
    1   -1    0    1    1    0.011680   -0.000000
    1   -1    0    2    1   -0.000000   -0.000000
    1   -1    0    3    1   -0.008456    0.000000
    1   -1    0    4    1    0.054180   -0.000000
    1   -1    0    5    1   -0.182953    0.000000
    1   -1    0    6    1    0.000000    0.000000
    1   -1    0    7    1   -0.530076   -0.000000
    1   -1    0    8    1   -0.176697    0.000000
    1   -1    0    1    2   -0.000000    0.000000
    1   -1    0    2    2    0.053490    0.000000
    1   -1    0    3    2    0.000000    0.000000
    1   -1    0    4    2    0.000000   -0.000000
    1   -1    0    5    2   -0.000000   -0.000000
    1   -1    0    6    2   -0.276225    0.000000
    1   -1    0    7    2   -0.000000   -0.000000
    1   -1    0    8    2   -0.000000   -0.000000
    1   -1    0    1    3    0.040920    0.000000
    1   -1    0    2    3    0.000000    0.000000
    1   -1    0    3    3    0.149841    0.000000
    1   -1    0    4    3   -0.090232   -0.000000
    1   -1    0    5    3    0.530076    0.000000
    1   -1    0    6    3    0.000000   -0.000000
    1   -1    0    7    3    0.407850   -0.000000
    1   -1    0    8    3   -0.256672   -0.000000
    1   -1    0    1    4    0.028211   -0.000000
    1   -1    0    2    4    0.000000   -0.000000
    1   -1    0    3    4   -0.047657   -0.000000
    1   -1    0    4    4    0.085080    0.000000
    1   -1    0    5    4    0.176698   -0.000000
    1   -1    0    6    4   -0.000000    0.000000
    1   -1    0    7    4   -0.256672   -0.000000
    1   -1    0    8    4   -0.146926    0.000000
    1   -1    0    1    5    0.011911   -0.000000
    1   -1    0    2    5    0.000000    0.000000
    1   -1    0    3    5    0.001891   -0.000000
    1   -1    0    4    5    0.013451   -0.000000
    1   -1    0    5    5    0.011680    0.000000
    1   -1    0    6    5   -0.000000    0.000000
    1   -1    0    7    5   -0.040920   -0.000000
    1   -1    0    8    5   -0.028211   -0.000000
    1   -1    0    1    6    0.000000   -0.000000
    1   -1    0    2    6   -0.019523   -0.000000
    1   -1    0    3    6   -0.000000    0.000000
    1   -1    0    4    6    0.000000    0.000000
    1   -1    0    5    6   -0.000000    0.000000
    1   -1    0    6    6    0.053490   -0.000000
    1   -1    0    7    6   -0.000000    0.000000
    1   -1    0    8    6   -0.000000   -0.000000
    1   -1    0    1    7   -0.001891    0.000000
    1   -1    0    2    7    0.000000    0.000000
    1   -1    0    3    7    0.087077    0.000000
    1   -1    0    4    7   -0.084308   -0.000000
    1   -1    0    5    7    0.008456    0.000000
    1   -1    0    6    7   -0.000000    0.000000
    1   -1    0    7    7    0.149841    0.000000
    1   -1    0    8    7   -0.047657    0.000000
    1   -1    0    1    8   -0.013451    0.000000
    1   -1    0    2    8   -0.000000    0.000000
    1   -1    0    3    8   -0.084308   -0.000000
    1   -1    0    4    8    0.050017    0.000000
    1   -1    0    5    8   -0.054180   -0.000000
    1   -1    0    6    8   -0.000000    0.000000
    1   -1    0    7    8   -0.090232    0.000000
    1   -1    0    8    8    0.085080   -0.000000
    1    0    0    1    1   -0.024596   -0.000000
    1    0    0    2    1    0.000000    0.000000
    1    0    0    3    1    0.306180    0.000000
    1    0    0    4    1   -0.483017   -0.000000
    1    0    0    5    1    0.408482    0.000000
    1    0    0    6    1    0.000000    0.000000
    1    0    0    7    1   -0.546107    0.000000
    1    0    0    8    1   -3.473976    0.000000
    1    0    0    1    2    0.000000    0.000000
    1    0    0    2    2    0.226236    0.000000
    1    0    0    3    2    0.000000    0.000000
    1    0    0    4    2   -0.000000   -0.000000
    1    0    0    5    2   -0.000000   -0.000000
    1    0    0    6    2   -2.923013    0.000000
    1    0    0    7    2   -0.000000   -0.000000
    1    0    0    8    2   -0.000000   -0.000000
    1    0    0    1    3   -0.306213    0.000000
    1    0    0    2    3   -0.000000    0.000000
    1    0    0    3    3   -0.491932    0.000000
    1    0    0    4    3    0.302828    0.000000
    1    0    0    5    3    0.546106   -0.000000
    1    0    0    6    3    0.000000   -0.000000
    1    0    0    7    3    4.453856   -0.000000
    1    0    0    8    3    6.795034   -0.000000
    1    0    0    1    4   -0.483031    0.000000
    1    0    0    2    4   -0.000000    0.000000
    1    0    0    3    4   -0.302797    0.000000
    1    0    0    4    4   -0.344460   -0.000000
    1    0    0    5    4    3.473974    0.000000
    1    0    0    6    4    0.000000    0.000000
    1    0    0    7    4    6.795035   -0.000000
    1    0    0    8    4    4.438898   -0.000000
    1    0    0    1    5   -0.070659    0.000000
    1    0    0    2    5   -0.000000    0.000000
    1    0    0    3    5   -0.147320   -0.000000
    1    0    0    4    5    0.040318    0.000000
    1    0    0    5    5   -0.024596    0.000000
    1    0    0    6    5    0.000000    0.000000
    1    0    0    7    5    0.306213    0.000000
    1    0    0    8    5    0.483031   -0.000000
    1    0    0    1    6   -0.000000   -0.000000
    1    0    0    2    6    0.019347   -0.000000
    1    0    0    3    6   -0.000000   -0.000000
    1    0    0    4    6    0.000000   -0.000000
    1    0    0    5    6    0.000000   -0.000000
    1    0    0    6    6    0.226236   -0.000000
    1    0    0    7    6    0.000000   -0.000000
    1    0    0    8    6    0.000000    0.000000
    1    0    0    1    7    0.147320   -0.000000
    1    0    0    2    7    0.000000   -0.000000
    1    0    0    3    7    0.174471   -0.000000
    1    0    0    4    7    0.090287    0.000000
    1    0    0    5    7   -0.306180   -0.000000
    1    0    0    6    7   -0.000000   -0.000000
    1    0    0    7    7   -0.491932   -0.000000
    1    0    0    8    7   -0.302797   -0.000000
    1    0    0    1    8   -0.040318   -0.000000
    1    0    0    2    8    0.000000   -0.000000
    1    0    0    3    8    0.090287    0.000000
    1    0    0    4    8   -0.171227   -0.000000
    1    0    0    5    8    0.483017   -0.000000
    1    0    0    6    8    0.000000   -0.000000
    1    0    0    7    8    0.302829    0.000000
    1    0    0    8    8   -0.344460   -0.000000
    1    1    0    1    1   -0.120113    0.000000
    1    1    0    2    1   -0.000000    0.000000
    1    1    0    3    1    0.306156    0.000000
    1    1    0    4    1   -0.085939    0.000000
    1    1    0    5    1   -0.180896   -0.000000
    1    1    0    6    1    0.000000   -0.000000
    1    1    0    7    1   -0.000018   -0.000000
    1    1    0    8    1    0.211369    0.000000
    1    1    0    1    2    0.000000    0.000000
    1    1    0    2    2    0.226236    0.000000
    1    1    0    3    2    0.000000    0.000000
    1    1    0    4    2    0.000000    0.000000
    1    1    0    5    2    0.000000    0.000000
    1    1    0    6    2   -0.276225   -0.000000
    1    1    0    7    2   -0.000000   -0.000000
    1    1    0    8    2   -0.000000   -0.000000
    1    1    0    1    3   -0.005088    0.000000
    1    1    0    2    3   -0.000000   -0.000000
    1    1    0    3    3   -0.629915   -0.000000
    1    1    0    4    3    0.115615   -0.000000
    1    1    0    5    3    0.000019   -0.000000
    1    1    0    6    3    0.000000   -0.000000
    1    1    0    7    3   -0.508852   -0.000000
    1    1    0    8    3    0.000001   -0.000000
    1    1    0    1    4   -0.664441    0.000000
    1    1    0    2    4   -0.000000    0.000000
    1    1    0    3    4   -0.087396    0.000000
    1    1    0    4    4   -0.110960   -0.000000
    1    1    0    5    4   -0.211369   -0.000000
    1    1    0    6    4   -0.000000   -0.000000
    1    1    0    7    4    0.000001   -0.000000
    1    1    0    8    4    0.917495    0.000000
    1    1    0    1    5   -0.183017   -0.000000
    1    1    0    2    5   -0.000000   -0.000000
    1    1    0    3    5   -0.530089    0.000000
    1    1    0    4    5    0.176690   -0.000000
    1    1    0    5    5   -0.120113   -0.000000
    1    1    0    6    5    0.000000   -0.000000
    1    1    0    7    5    0.005088    0.000000
    1    1    0    8    5    0.664441   -0.000000
    1    1    0    1    6    0.000000    0.000000
    1    1    0    2    6   -0.276225   -0.000000
    1    1    0    3    6   -0.000000   -0.000000
    1    1    0    4    6   -0.000000    0.000000
    1    1    0    5    6   -0.000000    0.000000
    1    1    0    6    6    0.226236   -0.000000
    1    1    0    7    6    0.000000   -0.000000
    1    1    0    8    6    0.000000   -0.000000
    1    1    0    1    7    0.530089    0.000000
    1    1    0    2    7    0.000000    0.000000
    1    1    0    3    7    0.407791   -0.000000
    1    1    0    4    7    0.256678    0.000000
    1    1    0    5    7   -0.306155   -0.000000
    1    1    0    6    7   -0.000000    0.000000
    1    1    0    7    7   -0.629915    0.000000
    1    1    0    8    7   -0.087396   -0.000000
    1    1    0    1    8   -0.176690   -0.000000
    1    1    0    2    8   -0.000000    0.000000
    1    1    0    3    8    0.256678   -0.000000
    1    1    0    4    8   -0.146932    0.000000
    1    1    0    5    8    0.085939    0.000000
    1    1    0    6    8   -0.000000    0.000000
    1    1    0    7    8    0.115615    0.000000
    1    1    0    8    8   -0.110960    0.000000
    1    2    0    1    1    0.138933    0.000000
    1    2    0    2    1    0.000000    0.000000
    1    2    0    3    1   -0.000001   -0.000000
    1    2    0    4    1    0.060017   -0.000000
    1    2    0    5    1    0.035816   -0.000000
    1    2    0    6    1    0.000000   -0.000000
    1    2    0    7    1    0.005627    0.000000
    1    2    0    8    1   -0.029723    0.000000
    1    2    0    1    2    0.000000   -0.000000
    1    2    0    2    2    0.053490   -0.000000
    1    2    0    3    2    0.000000   -0.000000
    1    2    0    4    2    0.000000   -0.000000
    1    2    0    5    2    0.000000   -0.000000
    1    2    0    6    2   -0.014045    0.000000
    1    2    0    7    2    0.000000    0.000000
    1    2    0    8    2    0.000000    0.000000
    1    2    0    1    3   -0.000002   -0.000000
    1    2    0    2    3   -0.000000   -0.000000
    1    2    0    3    3    0.073663   -0.000000
    1    2    0    4    3   -0.000002    0.000000
    1    2    0    5    3   -0.005627   -0.000000
    1    2    0    6    3   -0.000000    0.000000
    1    2    0    7    3    0.034000    0.000000
    1    2    0    8    3    0.009443   -0.000000
    1    2    0    1    4    0.128296    0.000000
    1    2    0    2    4    0.000000   -0.000000
    1    2    0    3    4   -0.000004   -0.000000
    1    2    0    4    4    0.034004   -0.000000
    1    2    0    5    4    0.029723   -0.000000
    1    2    0    6    4   -0.000000   -0.000000
    1    2    0    7    4    0.009443   -0.000000
    1    2    0    8    4   -0.060189   -0.000000
    1    2    0    1    5   -0.032517   -0.000000
    1    2    0    2    5    0.000000    0.000000
    1    2    0    3    5   -0.215748   -0.000000
    1    2    0    4    5    0.014274   -0.000000
    1    2    0    5    5    0.138933    0.000000
    1    2    0    6    5    0.000000    0.000000
    1    2    0    7    5    0.000002    0.000000
    1    2    0    8    5   -0.128296    0.000000
    1    2    0    1    6   -0.000000   -0.000000
    1    2    0    2    6    0.019347    0.000000
    1    2    0    3    6   -0.000000    0.000000
    1    2    0    4    6    0.000000   -0.000000
    1    2    0    5    6    0.000000    0.000000
    1    2    0    6    6    0.053490    0.000000
    1    2    0    7    6   -0.000000    0.000000
    1    2    0    8    6   -0.000000   -0.000000
    1    2    0    1    7    0.215748   -0.000000
    1    2    0    2    7    0.000000   -0.000000
    1    2    0    3    7    0.102764    0.000000
    1    2    0    4    7    0.075232    0.000000
    1    2    0    5    7    0.000001    0.000000
    1    2    0    6    7   -0.000000    0.000000
    1    2    0    7    7    0.073663    0.000000
    1    2    0    8    7   -0.000004    0.000000
    1    2    0    1    8   -0.014274   -0.000000
    1    2    0    2    8   -0.000000   -0.000000
    1    2    0    3    8    0.075232    0.000000
    1    2    0    4    8   -0.006641   -0.000000
    1    2    0    5    8   -0.060017    0.000000
    1    2    0    6    8   -0.000000   -0.000000
    1    2    0    7    8   -0.000002   -0.000000
    1    2    0    8    8    0.034004    0.000000
    1    3    0    1    1   -0.027374    0.000000
    1    3    0    2    1   -0.000000   -0.000000
    1    3    0    3    1   -0.002265   -0.000000
    1    3    0    4    1   -0.007189    0.000000
    1    3    0    5    1    0.001761    0.000000
    1    3    0    6    1   -0.000000    0.000000
    1    3    0    7    1   -0.002035   -0.000000
    1    3    0    8    1    0.001849   -0.000000
    1    3    0    1    2   -0.000000    0.000000
    1    3    0    2    2    0.003666   -0.000000
    1    3    0    3    2    0.000000   -0.000000
    1    3    0    4    2   -0.000000    0.000000
    1    3    0    5    2    0.000000   -0.000000
    1    3    0    6    2    0.001724   -0.000000
    1    3    0    7    2    0.000000    0.000000
    1    3    0    8    2   -0.000000   -0.000000
    1    3    0    1    3   -0.000512   -0.000000
    1    3    0    2    3   -0.000000   -0.000000
    1    3    0    3    3   -0.011868    0.000000
    1    3    0    4    3    0.001634   -0.000000
    1    3    0    5    3    0.002035    0.000000
    1    3    0    6    3   -0.000000    0.000000
    1    3    0    7    3   -0.008479   -0.000000
    1    3    0    8    3   -0.004241    0.000000
    1    3    0    1    4   -0.018443    0.000000
    1    3    0    2    4   -0.000000   -0.000000
    1    3    0    3    4   -0.004580    0.000000
    1    3    0    4    4   -0.000802    0.000000
    1    3    0    5    4   -0.001849   -0.000000
    1    3    0    6    4    0.000000    0.000000
    1    3    0    7    4   -0.004241    0.000000
    1    3    0    8    4    0.014945   -0.000000
    1    3    0    1    5   -0.123775   -0.000000
    1    3    0    2    5   -0.000000   -0.000000
    1    3    0    3    5    0.000004   -0.000000
    1    3    0    4    5   -0.055002    0.000000
    1    3    0    5    5   -0.027374   -0.000000
    1    3    0    6    5   -0.000000    0.000000
    1    3    0    7    5    0.000512   -0.000000
    1    3    0    8    5    0.018443    0.000000
    1    3    0    1    6   -0.000000   -0.000000
    1    3    0    2    6   -0.019523    0.000000
    1    3    0    3    6   -0.000000   -0.000000
    1    3    0    4    6   -0.000000   -0.000000
    1    3    0    5    6   -0.000000    0.000000
    1    3    0    6    6    0.003666    0.000000
    1    3    0    7    6   -0.000000   -0.000000
    1    3    0    8    6    0.000000    0.000000
    1    3    0    1    7   -0.000004   -0.000000
    1    3    0    2    7    0.000000   -0.000000
    1    3    0    3    7   -0.028359   -0.000000
    1    3    0    4    7   -0.000001   -0.000000
    1    3    0    5    7    0.002265    0.000000
    1    3    0    6    7   -0.000000   -0.000000
    1    3    0    7    7   -0.011868   -0.000000
    1    3    0    8    7   -0.004580   -0.000000
    1    3    0    1    8    0.055002    0.000000
    1    3    0    2    8    0.000000    0.000000
    1    3    0    3    8   -0.000001   -0.000000
    1    3    0    4    8    0.020216   -0.000000
    1    3    0    5    8    0.007189   -0.000000
    1    3    0    6    8    0.000000   -0.000000
    1    3    0    7    8    0.001634    0.000000
    1    3    0    8    8   -0.000802    0.000000
    1    4    0    1    1   -0.001859   -0.000000
    1    4    0    2    1   -0.000000   -0.000000
    1    4    0    3    1    0.000315    0.000000
    1    4    0    4    1    0.001570   -0.000000
    1    4    0    5    1    0.000528    0.000000
    1    4    0    6    1    0.000000   -0.000000
    1    4    0    7    1   -0.001265    0.000000
    1    4    0    8    1   -0.000238    0.000000
    1    4    0    1    2   -0.000000    0.000000
    1    4    0    2    2   -0.000615    0.000000
    1    4    0    3    2    0.000000    0.000000
    1    4    0    4    2    0.000000    0.000000
    1    4    0    5    2    0.000000    0.000000
    1    4    0    6    2    0.000054   -0.000000
    1    4    0    7    2   -0.000000   -0.000000
    1    4    0    8    2   -0.000000   -0.000000
    1    4    0    1    3   -0.000458   -0.000000
    1    4    0    2    3   -0.000000   -0.000000
    1    4    0    3    3    0.001366    0.000000
    1    4    0    4    3    0.002527   -0.000000
    1    4    0    5    3    0.001265   -0.000000
    1    4    0    6    3    0.000000   -0.000000
    1    4    0    7    3   -0.004181    0.000000
    1    4    0    8    3   -0.000143   -0.000000
    1    4    0    1    4    0.000158    0.000000
    1    4    0    2    4    0.000000   -0.000000
    1    4    0    3    4   -0.001547   -0.000000
    1    4    0    4    4    0.000007    0.000000
    1    4    0    5    4    0.000238   -0.000000
    1    4    0    6    4    0.000000   -0.000000
    1    4    0    7    4   -0.000143   -0.000000
    1    4    0    8    4    0.000045    0.000000
    1    4    0    1    5    0.019630    0.000000
    1    4    0    2    5    0.000000   -0.000000
    1    4    0    3    5   -0.002549    0.000000
    1    4    0    4    5    0.003845    0.000000
    1    4    0    5    5   -0.001859    0.000000
    1    4    0    6    5   -0.000000   -0.000000
    1    4    0    7    5    0.000458   -0.000000
    1    4    0    8    5   -0.000158   -0.000000
    1    4    0    1    6    0.000000   -0.000000
    1    4    0    2    6   -0.000964    0.000000
    1    4    0    3    6   -0.000000    0.000000
    1    4    0    4    6    0.000000   -0.000000
    1    4    0    5    6   -0.000000   -0.000000
    1    4    0    6    6   -0.000615   -0.000000
    1    4    0    7    6    0.000000    0.000000
    1    4    0    8    6    0.000000    0.000000
    1    4    0    1    7    0.002549    0.000000
    1    4    0    2    7    0.000000    0.000000
    1    4    0    3    7    0.008428   -0.000000
    1    4    0    4    7    0.003210    0.000000
    1    4    0    5    7   -0.000315   -0.000000
    1    4    0    6    7   -0.000000    0.000000
    1    4    0    7    7    0.001366   -0.000000
    1    4    0    8    7   -0.001547   -0.000000
    1    4    0    1    8   -0.003845   -0.000000
    1    4    0    2    8   -0.000000    0.000000
    1    4    0    3    8    0.003210    0.000000
    1    4    0    4    8    0.000691    0.000000
    1    4    0    5    8   -0.001570   -0.000000
    1    4    0    6    8   -0.000000    0.000000
    1    4    0    7    8    0.002527    0.000000
    1    4    0    8    8    0.000007    0.000000
    1    5    0    1    1   -0.000035   -0.000000
    1    5    0    2    1   -0.000000    0.000000
    1    5    0    3    1    0.000336   -0.000000
    1    5    0    4    1    0.001400   -0.000000
    1    5    0    5    1    0.001735   -0.000000
    1    5    0    6    1    0.000000    0.000000
    1    5    0    7    1   -0.002226   -0.000000
    1    5    0    8    1   -0.001086   -0.000000
    1    5    0    1    2   -0.000000   -0.000000
    1    5    0    2    2    0.000148    0.000000
    1    5    0    3    2    0.000000    0.000000
    1    5    0    4    2    0.000000   -0.000000
    1    5    0    5    2    0.000000   -0.000000
    1    5    0    6    2    0.000054   -0.000000
    1    5    0    7    2   -0.000000    0.000000
    1    5    0    8    2   -0.000000    0.000000
    1    5    0    1    3   -0.001254    0.000000
    1    5    0    2    3   -0.000000    0.000000
    1    5    0    3    3    0.000446   -0.000000
    1    5    0    4    3    0.000586   -0.000000
    1    5    0    5    3    0.002226    0.000000
    1    5    0    6    3    0.000000   -0.000000
    1    5    0    7    3   -0.002056   -0.000000
    1    5    0    8    3   -0.000975    0.000000
    1    5    0    1    4   -0.000103    0.000000
    1    5    0    2    4   -0.000000    0.000000
    1    5    0    3    4   -0.000659    0.000000
    1    5    0    4    4    0.000505   -0.000000
    1    5    0    5    4    0.001086    0.000000
    1    5    0    6    4    0.000000    0.000000
    1    5    0    7    4   -0.000975    0.000000
    1    5    0    8    4   -0.000677   -0.000000
    1    5    0    1    5    0.001395   -0.000000
    1    5    0    2    5    0.000000    0.000000
    1    5    0    3    5   -0.000387    0.000000
    1    5    0    4    5   -0.002217    0.000000
    1    5    0    5    5   -0.000035    0.000000
    1    5    0    6    5   -0.000000    0.000000
    1    5    0    7    5    0.001254   -0.000000
    1    5    0    8    5    0.000103   -0.000000
    1    5    0    1    6    0.000000    0.000000
    1    5    0    2    6    0.000124   -0.000000
    1    5    0    3    6   -0.000000   -0.000000
    1    5    0    4    6   -0.000000    0.000000
    1    5    0    5    6    0.000000   -0.000000
    1    5    0    6    6    0.000148   -0.000000
    1    5    0    7    6    0.000000   -0.000000
    1    5    0    8    6    0.000000   -0.000000
    1    5    0    1    7    0.000387    0.000000
    1    5    0    2    7    0.000000    0.000000
    1    5    0    3    7   -0.000339    0.000000
    1    5    0    4    7   -0.002300   -0.000000
    1    5    0    5    7   -0.000336    0.000000
    1    5    0    6    7    0.000000   -0.000000
    1    5    0    7    7    0.000446    0.000000
    1    5    0    8    7   -0.000659    0.000000
    1    5    0    1    8    0.002217    0.000000
    1    5    0    2    8    0.000000   -0.000000
    1    5    0    3    8   -0.002300   -0.000000
    1    5    0    4    8   -0.000062    0.000000
    1    5    0    5    8   -0.001400    0.000000
    1    5    0    6    8   -0.000000   -0.000000
    1    5    0    7    8    0.000586   -0.000000
    1    5    0    8    8    0.000505    0.000000
    2   -3    0    1    1    0.002079   -0.000000
    2   -3    0    2    1    0.000000   -0.000000
    2   -3    0    3    1    0.002686    0.000000
    2   -3    0    4    1   -0.003404   -0.000000
    2   -3    0    5    1   -0.002521    0.000000
    2   -3    0    6    1   -0.000000   -0.000000
    2   -3    0    7    1    0.007272    0.000000
    2   -3    0    8    1   -0.001568   -0.000000
    2   -3    0    1    2    0.000000    0.000000
    2   -3    0    2    2    0.000051   -0.000000
    2   -3    0    3    2    0.000000   -0.000000
    2   -3    0    4    2   -0.000000    0.000000
    2   -3    0    5    2   -0.000000    0.000000
    2   -3    0    6    2   -0.000445    0.000000
    2   -3    0    7    2    0.000000   -0.000000
    2   -3    0    8    2   -0.000000   -0.000000
    2   -3    0    1    3    0.001794    0.000000
    2   -3    0    2    3    0.000000   -0.000000
    2   -3    0    3    3    0.001576    0.000000
    2   -3    0    4    3   -0.001820    0.000000
    2   -3    0    5    3   -0.007272   -0.000000
    2   -3    0    6    3   -0.000000    0.000000
    2   -3    0    7    3    0.003637   -0.000000
    2   -3    0    8    3    0.002024   -0.000000
    2   -3    0    1    4    0.000096   -0.000000
    2   -3    0    2    4    0.000000    0.000000
    2   -3    0    3    4   -0.001131    0.000000
    2   -3    0    4    4   -0.002942    0.000000
    2   -3    0    5    4    0.001568   -0.000000
    2   -3    0    6    4   -0.000000   -0.000000
    2   -3    0    7    4    0.002024    0.000000
    2   -3    0    8    4   -0.001173   -0.000000
    2   -3    0    1    5   -0.001197    0.000000
    2   -3    0    2    5   -0.000000   -0.000000
    2   -3    0    3    5   -0.002599   -0.000000
    2   -3    0    4    5   -0.000034    0.000000
    2   -3    0    5    5    0.002079    0.000000
    2   -3    0    6    5    0.000000   -0.000000
    2   -3    0    7    5   -0.001794   -0.000000
    2   -3    0    8    5   -0.000096   -0.000000
    2   -3    0    1    6   -0.000000   -0.000000
    2   -3    0    2    6    0.000145    0.000000
    2   -3    0    3    6   -0.000000   -0.000000
    2   -3    0    4    6   -0.000000   -0.000000
    2   -3    0    5    6    0.000000   -0.000000
    2   -3    0    6    6    0.000051    0.000000
    2   -3    0    7    6   -0.000000    0.000000
    2   -3    0    8    6   -0.000000   -0.000000
    2   -3    0    1    7    0.002599   -0.000000
    2   -3    0    2    7    0.000000   -0.000000
    2   -3    0    3    7    0.002280    0.000000
    2   -3    0    4    7    0.000619   -0.000000
    2   -3    0    5    7   -0.002686    0.000000
    2   -3    0    6    7   -0.000000    0.000000
    2   -3    0    7    7    0.001576   -0.000000
    2   -3    0    8    7   -0.001131    0.000000
    2   -3    0    1    8    0.000034    0.000000
    2   -3    0    2    8    0.000000    0.000000
    2   -3    0    3    8    0.000619    0.000000
    2   -3    0    4    8   -0.000848   -0.000000
    2   -3    0    5    8    0.003404    0.000000
    2   -3    0    6    8    0.000000   -0.000000
    2   -3    0    7    8   -0.001820   -0.000000
    2   -3    0    8    8   -0.002942   -0.000000
    2   -2    0    1    1    0.003122   -0.000000
    2   -2    0    2    1   -0.000000    0.000000
    2   -2    0    3    1   -0.006156   -0.000000
    2   -2    0    4    1    0.008244    0.000000
    2   -2    0    5    1   -0.002474    0.000000
    2   -2    0    6    1    0.000000    0.000000
    2   -2    0    7    1   -0.013390   -0.000000
    2   -2    0    8    1    0.000085    0.000000
    2   -2    0    1    2    0.000000   -0.000000
    2   -2    0    2    2    0.002052    0.000000
    2   -2    0    3    2   -0.000000   -0.000000
    2   -2    0    4    2    0.000000    0.000000
    2   -2    0    5    2   -0.000000   -0.000000
    2   -2    0    6    2   -0.005604   -0.000000
    2   -2    0    7    2   -0.000000   -0.000000
    2   -2    0    8    2    0.000000    0.000000
    2   -2    0    1    3    0.007112   -0.000000
    2   -2    0    2    3    0.000000    0.000000
    2   -2    0    3    3    0.005989   -0.000000
    2   -2    0    4    3   -0.005070   -0.000000
    2   -2    0    5    3    0.013390    0.000000
    2   -2    0    6    3    0.000000   -0.000000
    2   -2    0    7    3    0.019558   -0.000000
    2   -2    0    8    3   -0.010778   -0.000000
    2   -2    0    1    4   -0.001801   -0.000000
    2   -2    0    2    4   -0.000000   -0.000000
    2   -2    0    3    4    0.006590   -0.000000
    2   -2    0    4    4    0.003735    0.000000
    2   -2    0    5    4   -0.000085   -0.000000
    2   -2    0    6    4   -0.000000    0.000000
    2   -2    0    7    4   -0.010778   -0.000000
    2   -2    0    8    4   -0.002696   -0.000000
    2   -2    0    1    5   -0.002605   -0.000000
    2   -2    0    2    5   -0.000000    0.000000
    2   -2    0    3    5   -0.002420    0.000000
    2   -2    0    4    5    0.003736   -0.000000
    2   -2    0    5    5    0.003122    0.000000
    2   -2    0    6    5    0.000000    0.000000
    2   -2    0    7    5   -0.007112    0.000000
    2   -2    0    8    5    0.001801   -0.000000
    2   -2    0    1    6   -0.000000    0.000000
    2   -2    0    2    6   -0.000922    0.000000
    2   -2    0    3    6    0.000000   -0.000000
    2   -2    0    4    6    0.000000    0.000000
    2   -2    0    5    6   -0.000000    0.000000
    2   -2    0    6    6    0.002052   -0.000000
    2   -2    0    7    6   -0.000000   -0.000000
    2   -2    0    8    6    0.000000    0.000000
    2   -2    0    1    7    0.002420    0.000000
    2   -2    0    2    7   -0.000000    0.000000
    2   -2    0    3    7   -0.008638   -0.000000
    2   -2    0    4    7    0.004953   -0.000000
    2   -2    0    5    7    0.006156    0.000000
    2   -2    0    6    7    0.000000   -0.000000
    2   -2    0    7    7    0.005989   -0.000000
    2   -2    0    8    7    0.006590   -0.000000
    2   -2    0    1    8   -0.003736   -0.000000
    2   -2    0    2    8   -0.000000    0.000000
    2   -2    0    3    8    0.004953    0.000000
    2   -2    0    4    8    0.000428    0.000000
    2   -2    0    5    8   -0.008244   -0.000000
    2   -2    0    6    8   -0.000000   -0.000000
    2   -2    0    7    8   -0.005070   -0.000000
    2   -2    0    8    8    0.003735   -0.000000
    2   -1    0    1    1   -0.001463    0.000000
    2   -1    0    2    1    0.000000   -0.000000
    2   -1    0    3    1   -0.003051    0.000000
    2   -1    0    4    1   -0.010572   -0.000000
    2   -1    0    5    1    0.005546    0.000000
    2   -1    0    6    1    0.000000   -0.000000
    2   -1    0    7    1    0.034629    0.000000
    2   -1    0    8    1    0.014570    0.000000
    2   -1    0    1    2   -0.000000    0.000000
    2   -1    0    2    2    0.003666    0.000000
    2   -1    0    3    2   -0.000000   -0.000000
    2   -1    0    4    2    0.000000    0.000000
    2   -1    0    5    2    0.000000    0.000000
    2   -1    0    6    2   -0.014045    0.000000
    2   -1    0    7    2    0.000000    0.000000
    2   -1    0    8    2    0.000000    0.000000
    2   -1    0    1    3   -0.007918    0.000000
    2   -1    0    2    3   -0.000000    0.000000
    2   -1    0    3    3   -0.021316   -0.000000
    2   -1    0    4    3    0.019855    0.000000
    2   -1    0    5    3   -0.034629   -0.000000
    2   -1    0    6    3   -0.000000    0.000000
    2   -1    0    7    3   -0.057717    0.000000
    2   -1    0    8    3    0.028034   -0.000000
    2   -1    0    1    4   -0.002224   -0.000000
    2   -1    0    2    4    0.000000   -0.000000
    2   -1    0    3    4    0.007929    0.000000
    2   -1    0    4    4   -0.017265   -0.000000
    2   -1    0    5    4   -0.014570   -0.000000
    2   -1    0    6    4   -0.000000   -0.000000
    2   -1    0    7    4    0.028034   -0.000000
    2   -1    0    8    4    0.006207   -0.000000
    2   -1    0    1    5   -0.004160   -0.000000
    2   -1    0    2    5    0.000000    0.000000
    2   -1    0    3    5    0.002606   -0.000000
    2   -1    0    4    5   -0.007925    0.000000
    2   -1    0    5    5   -0.001463    0.000000
    2   -1    0    6    5   -0.000000   -0.000000
    2   -1    0    7    5    0.007918   -0.000000
    2   -1    0    8    5    0.002224    0.000000
    2   -1    0    1    6    0.000000    0.000000
    2   -1    0    2    6   -0.000964   -0.000000
    2   -1    0    3    6    0.000000    0.000000
    2   -1    0    4    6   -0.000000   -0.000000
    2   -1    0    5    6   -0.000000   -0.000000
    2   -1    0    6    6    0.003666   -0.000000
    2   -1    0    7    6    0.000000    0.000000
    2   -1    0    8    6   -0.000000    0.000000
    2   -1    0    1    7   -0.002606   -0.000000
    2   -1    0    2    7   -0.000000   -0.000000
    2   -1    0    3    7   -0.011261    0.000000
    2   -1    0    4    7    0.011422   -0.000000
    2   -1    0    5    7    0.003051   -0.000000
    2   -1    0    6    7    0.000000    0.000000
    2   -1    0    7    7   -0.021316    0.000000
    2   -1    0    8    7    0.007929   -0.000000
    2   -1    0    1    8    0.007925   -0.000000
    2   -1    0    2    8    0.000000   -0.000000
    2   -1    0    3    8    0.011422    0.000000
    2   -1    0    4    8   -0.005359   -0.000000
    2   -1    0    5    8    0.010572    0.000000
    2   -1    0    6    8   -0.000000    0.000000
    2   -1    0    7    8    0.019855   -0.000000
    2   -1    0    8    8   -0.017265   -0.000000
    2    0    0    1    1    0.008305   -0.000000
    2    0    0    2    1   -0.000000    0.000000
    2    0    0    3    1   -0.009254    0.000000
    2    0    0    4    1    0.034934   -0.000000
    2    0    0    5    1   -0.070643   -0.000000
    2    0    0    6    1   -0.000000    0.000000
    2    0    0    7    1   -0.147314   -0.000000
    2    0    0    8    1   -0.040322    0.000000
    2    0    0    1    2   -0.000000    0.000000
    2    0    0    2    2   -0.019470   -0.000000
    2    0    0    3    2   -0.000000    0.000000
    2    0    0    4    2    0.000000    0.000000
    2    0    0    5    2   -0.000000   -0.000000
    2    0    0    6    2    0.019347    0.000000
    2    0    0    7    2   -0.000000   -0.000000
    2    0    0    8    2    0.000000    0.000000
    2    0    0    1    3    0.009259   -0.000000
    2    0    0    2    3    0.000000   -0.000000
    2    0    0    3    3    0.077537    0.000000
    2    0    0    4    3   -0.081703   -0.000000
    2    0    0    5    3    0.147314    0.000000
    2    0    0    6    3    0.000000   -0.000000
    2    0    0    7    3    0.174488   -0.000000
    2    0    0    8    3   -0.090287   -0.000000
    2    0    0    1    4    0.034938   -0.000000
    2    0    0    2    4    0.000000    0.000000
    2    0    0    3    4    0.081700    0.000000
    2    0    0    4    4    0.001325    0.000000
    2    0    0    5    4    0.040322    0.000000
    2    0    0    6    4    0.000000   -0.000000
    2    0    0    7    4   -0.090287   -0.000000
    2    0    0    8    4   -0.171223   -0.000000
    2    0    0    1    5    0.002725   -0.000000
    2    0    0    2    5    0.000000   -0.000000
    2    0    0    3    5    0.016188    0.000000
    2    0    0    4    5   -0.004930    0.000000
    2    0    0    5    5    0.008305    0.000000
    2    0    0    6    5   -0.000000    0.000000
    2    0    0    7    5   -0.009259   -0.000000
    2    0    0    8    5   -0.034938   -0.000000
    2    0    0    1    6   -0.000000    0.000000
    2    0    0    2    6    0.008132   -0.000000
    2    0    0    3    6    0.000000   -0.000000
    2    0    0    4    6    0.000000    0.000000
    2    0    0    5    6   -0.000000    0.000000
    2    0    0    6    6   -0.019470    0.000000
    2    0    0    7    6   -0.000000   -0.000000
    2    0    0    8    6   -0.000000    0.000000
    2    0    0    1    7   -0.016188   -0.000000
    2    0    0    2    7   -0.000000   -0.000000
    2    0    0    3    7   -0.036737   -0.000000
    2    0    0    4    7   -0.011854   -0.000000
    2    0    0    5    7    0.009254    0.000000
    2    0    0    6    7    0.000000   -0.000000
    2    0    0    7    7    0.077537   -0.000000
    2    0    0    8    7    0.081700    0.000000
    2    0    0    1    8    0.004930    0.000000
    2    0    0    2    8   -0.000000    0.000000
    2    0    0    3    8   -0.011854    0.000000
    2    0    0    4    8    0.031455    0.000000
    2    0    0    5    8   -0.034934   -0.000000
    2    0    0    6    8   -0.000000   -0.000000
    2    0    0    7    8   -0.081703    0.000000
    2    0    0    8    8    0.001325   -0.000000
    2    1    0    1    1    0.011678    0.000000
    2    1    0    2    1   -0.000000   -0.000000
    2    1    0    3    1   -0.040911   -0.000000
    2    1    0    4    1    0.028214    0.000000
    2    1    0    5    1   -0.012718   -0.000000
    2    1    0    6    1   -0.000000   -0.000000
    2    1    0    7    1    0.077169   -0.000000
    2    1    0    8    1    0.109012   -0.000000
    2    1    0    1    2   -0.000000    0.000000
    2    1    0    2    2    0.053490   -0.000000
    2    1    0    3    2   -0.000000   -0.000000
    2    1    0    4    2    0.000000    0.000000
    2    1    0    5    2    0.000000    0.000000
    2    1    0    6    2    0.019347    0.000000
    2    1    0    7    2    0.000000   -0.000000
    2    1    0    8    2   -0.000000   -0.000000
    2    1    0    1    3    0.008465   -0.000000
    2    1    0    2    3   -0.000000    0.000000
    2    1    0    3    3    0.149844   -0.000000
    2    1    0    4    3    0.047655    0.000000
    2    1    0    5    3   -0.077169   -0.000000
    2    1    0    6    3   -0.000000    0.000000
    2    1    0    7    3   -0.157258    0.000000
    2    1    0    8    3    0.002479    0.000000
    2    1    0    1    4    0.054185   -0.000000
    2    1    0    2    4    0.000000    0.000000
    2    1    0    3    4    0.090228   -0.000000
    2    1    0    4    4    0.085078    0.000000
    2    1    0    5    4   -0.109012   -0.000000
    2    1    0    6    4    0.000000   -0.000000
    2    1    0    7    4    0.002479    0.000000
    2    1    0    8    4    0.231730   -0.000000
    2    1    0    1    5    0.005550   -0.000000
    2    1    0    2    5    0.000000    0.000000
    2    1    0    3    5    0.034632   -0.000000
    2    1    0    4    5   -0.014569    0.000000
    2    1    0    5    5    0.011678   -0.000000
    2    1    0    6    5   -0.000000   -0.000000
    2    1    0    7    5   -0.008465    0.000000
    2    1    0    8    5   -0.054185    0.000000
    2    1    0    1    6    0.000000   -0.000000
    2    1    0    2    6   -0.014045    0.000000
    2    1    0    3    6    0.000000   -0.000000
    2    1    0    4    6   -0.000000   -0.000000
    2    1    0    5    6   -0.000000    0.000000
    2    1    0    6    6    0.053490    0.000000
    2    1    0    7    6    0.000000    0.000000
    2    1    0    8    6   -0.000000    0.000000
    2    1    0    1    7   -0.034632    0.000000
    2    1    0    2    7   -0.000000    0.000000
    2    1    0    3    7   -0.057714    0.000000
    2    1    0    4    7   -0.028034    0.000000
    2    1    0    5    7    0.040911    0.000000
    2    1    0    6    7    0.000000    0.000000
    2    1    0    7    7    0.149844    0.000000
    2    1    0    8    7    0.090228    0.000000
    2    1    0    1    8    0.014569   -0.000000
    2    1    0    2    8    0.000000    0.000000
    2    1    0    3    8   -0.028034    0.000000
    2    1    0    4    8    0.006208   -0.000000
    2    1    0    5    8   -0.028214   -0.000000
    2    1    0    6    8   -0.000000    0.000000
    2    1    0    7    8    0.047655   -0.000000
    2    1    0    8    8    0.085078    0.000000
    2    2    0    1    1    0.009205   -0.000000
    2    2    0    2    1    0.000000    0.000000
    2    2    0    3    1   -0.043988   -0.000000
    2    2    0    4    1   -0.005038    0.000000
    2    2    0    5    1    0.035817   -0.000000
    2    2    0    6    1    0.000000    0.000000
    2    2    0    7    1   -0.005623    0.000000
    2    2    0    8    1   -0.029724    0.000000
    2    2    0    1    2   -0.000000   -0.000000
    2    2    0    2    2   -0.019470   -0.000000
    2    2    0    3    2   -0.000000    0.000000
    2    2    0    4    2   -0.000000   -0.000000
    2    2    0    5    2    0.000000    0.000000
    2    2    0    6    2   -0.014045   -0.000000
    2    2    0    7    2   -0.000000    0.000000
    2    2    0    8    2    0.000000   -0.000000
    2    2    0    1    3    0.074742    0.000000
    2    2    0    2    3    0.000000   -0.000000
    2    2    0    3    3    0.046918    0.000000
    2    2    0    4    3    0.031983    0.000000
    2    2    0    5    3    0.005623    0.000000
    2    2    0    6    3    0.000000    0.000000
    2    2    0    7    3    0.034000   -0.000000
    2    2    0    8    3   -0.009442    0.000000
    2    2    0    1    4    0.098502   -0.000000
    2    2    0    2    4    0.000000   -0.000000
    2    2    0    3    4   -0.010902    0.000000
    2    2    0    4    4    0.031043    0.000000
    2    2    0    5    4    0.029724    0.000000
    2    2    0    6    4   -0.000000    0.000000
    2    2    0    7    4   -0.009442    0.000000
    2    2    0    8    4   -0.060189    0.000000
    2    2    0    1    5    0.018247   -0.000000
    2    2    0    2    5    0.000000    0.000000
    2    2    0    3    5    0.038917    0.000000
    2    2    0    4    5   -0.005883    0.000000
    2    2    0    5    5    0.009205    0.000000
    2    2    0    6    5   -0.000000    0.000000
    2    2    0    7    5   -0.074742    0.000000
    2    2    0    8    5   -0.098502    0.000000
    2    2    0    1    6    0.000000   -0.000000
    2    2    0    2    6   -0.014045    0.000000
    2    2    0    3    6    0.000000   -0.000000
    2    2    0    4    6   -0.000000   -0.000000
    2    2    0    5    6    0.000000   -0.000000
    2    2    0    6    6   -0.019470    0.000000
    2    2    0    7    6   -0.000000   -0.000000
    2    2    0    8    6   -0.000000    0.000000
    2    2    0    1    7   -0.038917    0.000000
    2    2    0    2    7   -0.000000   -0.000000
    2    2    0    3    7   -0.039289    0.000000
    2    2    0    4    7   -0.036671   -0.000000
    2    2    0    5    7    0.043988   -0.000000
    2    2    0    6    7    0.000000   -0.000000
    2    2    0    7    7    0.046918   -0.000000
    2    2    0    8    7   -0.010902   -0.000000
    2    2    0    1    8    0.005883    0.000000
    2    2    0    2    8    0.000000   -0.000000
    2    2    0    3    8   -0.036671   -0.000000
    2    2    0    4    8   -0.001704   -0.000000
    2    2    0    5    8    0.005038   -0.000000
    2    2    0    6    8    0.000000   -0.000000
    2    2    0    7    8    0.031983   -0.000000
    2    2    0    8    8    0.031043   -0.000000
    2    3    0    1    1   -0.027374   -0.000000
    2    3    0    2    1   -0.000000   -0.000000
    2    3    0    3    1    0.002266   -0.000000
    2    3    0    4    1   -0.007189   -0.000000
    2    3    0    5    1   -0.008356    0.000000
    2    3    0    6    1    0.000000    0.000000
    2    3    0    7    1   -0.000000   -0.000000
    2    3    0    8    1    0.013694   -0.000000
    2    3    0    1    2   -0.000000   -0.000000
    2    3    0    2    2    0.003666    0.000000
    2    3    0    3    2   -0.000000    0.000000
    2    3    0    4    2   -0.000000    0.000000
    2    3    0    5    2    0.000000    0.000000
    2    3    0    6    2   -0.005604   -0.000000
    2    3    0    7    2   -0.000000    0.000000
    2    3    0    8    2   -0.000000   -0.000000
    2    3    0    1    3    0.000512    0.000000
    2    3    0    2    3    0.000000    0.000000
    2    3    0    3    3   -0.011868    0.000000
    2    3    0    4    3   -0.001633    0.000000
    2    3    0    5    3    0.000000    0.000000
    2    3    0    6    3    0.000000   -0.000000
    2    3    0    7    3   -0.009848    0.000000
    2    3    0    8    3   -0.000000   -0.000000
    2    3    0    1    4   -0.018443   -0.000000
    2    3    0    2    4   -0.000000   -0.000000
    2    3    0    3    4    0.004581    0.000000
    2    3    0    4    4   -0.000802   -0.000000
    2    3    0    5    4   -0.013694    0.000000
    2    3    0    6    4   -0.000000   -0.000000
    2    3    0    7    4   -0.000000   -0.000000
    2    3    0    8    4    0.019917    0.000000
    2    3    0    1    5   -0.008547    0.000000
    2    3    0    2    5   -0.000000   -0.000000
    2    3    0    3    5    0.034246   -0.000000
    2    3    0    4    5    0.004635   -0.000000
    2    3    0    5    5   -0.027374    0.000000
    2    3    0    6    5   -0.000000   -0.000000
    2    3    0    7    5   -0.000512   -0.000000
    2    3    0    8    5    0.018443   -0.000000
    2    3    0    1    6   -0.000000    0.000000
    2    3    0    2    6    0.008132    0.000000
    2    3    0    3    6    0.000000   -0.000000
    2    3    0    4    6    0.000000    0.000000
    2    3    0    5    6   -0.000000    0.000000
    2    3    0    6    6    0.003666   -0.000000
    2    3    0    7    6    0.000000   -0.000000
    2    3    0    8    6    0.000000   -0.000000
    2    3    0    1    7   -0.034246    0.000000
    2    3    0    2    7   -0.000000    0.000000
    2    3    0    3    7   -0.008394   -0.000000
    2    3    0    4    7   -0.015631    0.000000
    2    3    0    5    7   -0.002266   -0.000000
    2    3    0    6    7    0.000000   -0.000000
    2    3    0    7    7   -0.011868   -0.000000
    2    3    0    8    7    0.004581    0.000000
    2    3    0    1    8   -0.004635   -0.000000
    2    3    0    2    8   -0.000000   -0.000000
    2    3    0    3    8   -0.015631    0.000000
    2    3    0    4    8   -0.003110    0.000000
    2    3    0    5    8    0.007189   -0.000000
    2    3    0    6    8    0.000000    0.000000
    2    3    0    7    8   -0.001633   -0.000000
    2    3    0    8    8   -0.000802    0.000000
    2    4    0    1    1    0.002460    0.000000
    2    4    0    2    1    0.000000   -0.000000
    2    4    0    3    1    0.000000    0.000000
    2    4    0    4    1   -0.007872    0.000000
    2    4    0    5    1   -0.002340   -0.000000
    2    4    0    6    1   -0.000000   -0.000000
    2    4    0    7    1    0.005769    0.000000
    2    4    0    8    1   -0.002031    0.000000
    2    4    0    1    2   -0.000000   -0.000000
    2    4    0    2    2    0.002052    0.000000
    2    4    0    3    2    0.000000   -0.000000
    2    4    0    4    2   -0.000000   -0.000000
    2    4    0    5    2   -0.000000    0.000000
    2    4    0    6    2   -0.000445    0.000000
    2    4    0    7    2    0.000000    0.000000
    2    4    0    8    2    0.000000    0.000000
    2    4    0    1    3    0.000000   -0.000000
    2    4    0    2    3    0.000000    0.000000
    2    4    0    3    3    0.007108    0.000000
    2    4    0    4    3    0.000000    0.000000
    2    4    0    5    3   -0.005769   -0.000000
    2    4    0    6    3   -0.000000    0.000000
    2    4    0    7    3    0.005325   -0.000000
    2    4    0    8    3    0.001449   -0.000000
    2    4    0    1    4    0.012616    0.000000
    2    4    0    2    4    0.000000    0.000000
    2    4    0    3    4   -0.000000    0.000000
    2    4    0    4    4    0.003277    0.000000
    2    4    0    5    4    0.002031   -0.000000
    2    4    0    6    4   -0.000000   -0.000000
    2    4    0    7    4    0.001449    0.000000
    2    4    0    8    4   -0.003394   -0.000000
    2    4    0    1    5    0.019630    0.000000
    2    4    0    2    5    0.000000    0.000000
    2    4    0    3    5    0.002547    0.000000
    2    4    0    4    5    0.003845    0.000000
    2    4    0    5    5    0.002460   -0.000000
    2    4    0    6    5   -0.000000    0.000000
    2    4    0    7    5   -0.000000    0.000000
    2    4    0    8    5   -0.012616   -0.000000
    2    4    0    1    6    0.000000   -0.000000
    2    4    0    2    6   -0.000964   -0.000000
    2    4    0    3    6   -0.000000    0.000000
    2    4    0    4    6    0.000000   -0.000000
    2    4    0    5    6    0.000000   -0.000000
    2    4    0    6    6    0.002052   -0.000000
    2    4    0    7    6   -0.000000    0.000000
    2    4    0    8    6   -0.000000    0.000000
    2    4    0    1    7   -0.002547   -0.000000
    2    4    0    2    7   -0.000000    0.000000
    2    4    0    3    7    0.008428    0.000000
    2    4    0    4    7   -0.003210   -0.000000
    2    4    0    5    7   -0.000000    0.000000
    2    4    0    6    7   -0.000000    0.000000
    2    4    0    7    7    0.007108   -0.000000
    2    4    0    8    7   -0.000000   -0.000000
    2    4    0    1    8   -0.003845   -0.000000
    2    4    0    2    8   -0.000000   -0.000000
    2    4    0    3    8   -0.003210    0.000000
    2    4    0    4    8    0.000691   -0.000000
    2    4    0    5    8    0.007872    0.000000
    2    4    0    6    8    0.000000   -0.000000
    2    4    0    7    8    0.000000   -0.000000
    2    4    0    8    8    0.003277    0.000000
    2    5    0    1    1    0.001948    0.000000
    2    5    0    2    1    0.000000    0.000000
    2    5    0    3    1    0.002173   -0.000000
    2    5    0    4    1    0.000558   -0.000000
    2    5    0    5    1   -0.001731   -0.000000
    2    5    0    6    1   -0.000000    0.000000
    2    5    0    7    1    0.001737   -0.000000
    2    5    0    8    1    0.000070   -0.000000
    2    5    0    1    2    0.000000   -0.000000
    2    5    0    2    2    0.000051   -0.000000
    2    5    0    3    2    0.000000   -0.000000
    2    5    0    4    2    0.000000   -0.000000
    2    5    0    5    2   -0.000000   -0.000000
    2    5    0    6    2    0.000145   -0.000000
    2    5    0    7    2    0.000000    0.000000
    2    5    0    8    2    0.000000    0.000000
    2    5    0    1    3    0.005603   -0.000000
    2    5    0    2    3    0.000000    0.000000
    2    5    0    3    3   -0.001017   -0.000000
    2    5    0    4    3   -0.001505   -0.000000
    2    5    0    5    3   -0.001737    0.000000
    2    5    0    6    3   -0.000000   -0.000000
    2    5    0    7    3    0.001681    0.000000
    2    5    0    8    3   -0.000160    0.000000
    2    5    0    1    4   -0.000917   -0.000000
    2    5    0    2    4   -0.000000    0.000000
    2    5    0    3    4   -0.000017    0.000000
    2    5    0    4    4   -0.000219    0.000000
    2    5    0    5    4   -0.000070   -0.000000
    2    5    0    6    4    0.000000    0.000000
    2    5    0    7    4   -0.000160   -0.000000
    2    5    0    8    4   -0.000217    0.000000
    2    5    0    1    5    0.002401   -0.000000
    2    5    0    2    5   -0.000000    0.000000
    2    5    0    3    5   -0.000000    0.000000
    2    5    0    4    5    0.008749   -0.000000
    2    5    0    5    5    0.001948   -0.000000
    2    5    0    6    5    0.000000    0.000000
    2    5    0    7    5   -0.005603    0.000000
    2    5    0    8    5    0.000917    0.000000
    2    5    0    1    6    0.000000    0.000000
    2    5    0    2    6   -0.000922   -0.000000
    2    5    0    3    6    0.000000   -0.000000
    2    5    0    4    6    0.000000    0.000000
    2    5    0    5    6    0.000000    0.000000
    2    5    0    6    6    0.000051    0.000000
    2    5    0    7    6   -0.000000    0.000000
    2    5    0    8    6    0.000000   -0.000000
    2    5    0    1    7    0.000000    0.000000
    2    5    0    2    7   -0.000000   -0.000000
    2    5    0    3    7    0.000933   -0.000000
    2    5    0    4    7    0.000000    0.000000
    2    5    0    5    7   -0.002173    0.000000
    2    5    0    6    7   -0.000000   -0.000000
    2    5    0    7    7   -0.001017    0.000000
    2    5    0    8    7   -0.000017    0.000000
    2    5    0    1    8   -0.008749   -0.000000
    2    5    0    2    8   -0.000000    0.000000
    2    5    0    3    8    0.000000   -0.000000
    2    5    0    4    8   -0.003030    0.000000
    2    5    0    5    8   -0.000558   -0.000000
    2    5    0    6    8   -0.000000   -0.000000
    2    5    0    7    8   -0.001505    0.000000
    2    5    0    8    8   -0.000219   -0.000000
    3   -2    0    1    1   -0.002237   -0.000000
    3   -2    0    2    1   -0.000000   -0.000000
    3   -2    0    3    1   -0.000713    0.000000
    3   -2    0    4    1    0.000494   -0.000000
    3   -2    0    5    1    0.000561    0.000000
    3   -2    0    6    1    0.000000   -0.000000
    3   -2    0    7    1    0.001232   -0.000000
    3   -2    0    8    1    0.002228    0.000000
    3   -2    0    1    2   -0.000000    0.000000
    3   -2    0    2    2    0.000051   -0.000000
    3   -2    0    3    2    0.000000    0.000000
    3   -2    0    4    2   -0.000000    0.000000
    3   -2    0    5    2    0.000000    0.000000
    3   -2    0    6    2   -0.000445    0.000000
    3   -2    0    7    2    0.000000    0.000000
    3   -2    0    8    2   -0.000000   -0.000000
    3   -2    0    1    3   -0.002468   -0.000000
    3   -2    0    2    3   -0.000000    0.000000
    3   -2    0    3    3   -0.001592   -0.000000
    3   -2    0    4    3    0.000786    0.000000
    3   -2    0    5    3   -0.001232   -0.000000
    3   -2    0    6    3   -0.000000   -0.000000
    3   -2    0    7    3   -0.005388    0.000000
    3   -2    0    8    3    0.000038    0.000000
    3   -2    0    1    4   -0.001717    0.000000
    3   -2    0    2    4   -0.000000   -0.000000
    3   -2    0    3    4   -0.002232    0.000000
    3   -2    0    4    4    0.004541   -0.000000
    3   -2    0    5    4   -0.002228   -0.000000
    3   -2    0    6    4    0.000000   -0.000000
    3   -2    0    7    4    0.000038    0.000000
    3   -2    0    8    4    0.009465   -0.000000
    3   -2    0    1    5    0.000320    0.000000
    3   -2    0    2    5    0.000000    0.000000
    3   -2    0    3    5    0.000000    0.000000
    3   -2    0    4    5   -0.001539    0.000000
    3   -2    0    5    5   -0.002237    0.000000
    3   -2    0    6    5   -0.000000   -0.000000
    3   -2    0    7    5    0.002468   -0.000000
    3   -2    0    8    5    0.001717   -0.000000
    3   -2    0    1    6    0.000000    0.000000
    3   -2    0    2    6    0.000145    0.000000
    3   -2    0    3    6   -0.000000    0.000000
    3   -2    0    4    6    0.000000   -0.000000
    3   -2    0    5    6   -0.000000    0.000000
    3   -2    0    6    6    0.000051    0.000000
    3   -2    0    7    6    0.000000   -0.000000
    3   -2    0    8    6    0.000000   -0.000000
    3   -2    0    1    7   -0.000000   -0.000000
    3   -2    0    2    7   -0.000000    0.000000
    3   -2    0    3    7   -0.001545   -0.000000
    3   -2    0    4    7   -0.000000   -0.000000
    3   -2    0    5    7    0.000713   -0.000000
    3   -2    0    6    7   -0.000000    0.000000
    3   -2    0    7    7   -0.001592    0.000000
    3   -2    0    8    7   -0.002232    0.000000
    3   -2    0    1    8    0.001539    0.000000
    3   -2    0    2    8   -0.000000   -0.000000
    3   -2    0    3    8   -0.000000   -0.000000
    3   -2    0    4    8    0.004067   -0.000000
    3   -2    0    5    8   -0.000494    0.000000
    3   -2    0    6    8    0.000000   -0.000000
    3   -2    0    7    8    0.000786   -0.000000
    3   -2    0    8    8    0.004541    0.000000
    3   -1    0    1    1    0.000281   -0.000000
    3   -1    0    2    1    0.000000    0.000000
    3   -1    0    3    1   -0.001495    0.000000
    3   -1    0    4    1    0.000060   -0.000000
    3   -1    0    5    1   -0.001991   -0.000000
    3   -1    0    6    1   -0.000000    0.000000
    3   -1    0    7    1   -0.010243    0.000000
    3   -1    0    8    1   -0.004866    0.000000
    3   -1    0    1    2   -0.000000   -0.000000
    3   -1    0    2    2   -0.000615    0.000000
    3   -1    0    3    2   -0.000000   -0.000000
    3   -1    0    4    2   -0.000000   -0.000000
    3   -1    0    5    2   -0.000000    0.000000
    3   -1    0    6    2    0.001724    0.000000
    3   -1    0    7    2   -0.000000    0.000000
    3   -1    0    8    2   -0.000000   -0.000000
    3   -1    0    1    3    0.001027   -0.000000
    3   -1    0    2    3    0.000000   -0.000000
    3   -1    0    3    3    0.000313    0.000000
    3   -1    0    4    3    0.001194   -0.000000
    3   -1    0    5    3    0.010243    0.000000
    3   -1    0    6    3    0.000000    0.000000
    3   -1    0    7    3    0.008646   -0.000000
    3   -1    0    8    3    0.001213    0.000000
    3   -1    0    1    4    0.003621    0.000000
    3   -1    0    2    4    0.000000   -0.000000
    3   -1    0    3    4    0.000154   -0.000000
    3   -1    0    4    4   -0.001081    0.000000
    3   -1    0    5    4    0.004866   -0.000000
    3   -1    0    6    4    0.000000    0.000000
    3   -1    0    7    4    0.001213   -0.000000
    3   -1    0    8    4   -0.006493   -0.000000
    3   -1    0    1    5    0.003287   -0.000000
    3   -1    0    2    5    0.000000    0.000000
    3   -1    0    3    5    0.000777   -0.000000
    3   -1    0    4    5   -0.000510    0.000000
    3   -1    0    5    5    0.000281   -0.000000
    3   -1    0    6    5   -0.000000    0.000000
    3   -1    0    7    5   -0.001027   -0.000000
    3   -1    0    8    5   -0.003621   -0.000000
    3   -1    0    1    6    0.000000    0.000000
    3   -1    0    2    6    0.000124    0.000000
    3   -1    0    3    6    0.000000    0.000000
    3   -1    0    4    6    0.000000   -0.000000
    3   -1    0    5    6    0.000000    0.000000
    3   -1    0    6    6   -0.000615   -0.000000
    3   -1    0    7    6   -0.000000   -0.000000
    3   -1    0    8    6   -0.000000   -0.000000
    3   -1    0    1    7   -0.000777   -0.000000
    3   -1    0    2    7   -0.000000    0.000000
    3   -1    0    3    7    0.002749    0.000000
    3   -1    0    4    7    0.000273   -0.000000
    3   -1    0    5    7    0.001495    0.000000
    3   -1    0    6    7    0.000000    0.000000
    3   -1    0    7    7    0.000313   -0.000000
    3   -1    0    8    7    0.000154    0.000000
    3   -1    0    1    8    0.000510    0.000000
    3   -1    0    2    8    0.000000   -0.000000
    3   -1    0    3    8    0.000273    0.000000
    3   -1    0    4    8   -0.000182   -0.000000
    3   -1    0    5    8   -0.000060   -0.000000
    3   -1    0    6    8   -0.000000   -0.000000
    3   -1    0    7    8    0.001194    0.000000
    3   -1    0    8    8   -0.001081   -0.000000
    3    0    0    1    1    0.000721    0.000000
    3    0    0    2    1    0.000000   -0.000000
    3    0    0    3    1    0.004234    0.000000
    3    0    0    4    1   -0.005137   -0.000000
    3    0    0    5    1    0.002723   -0.000000
    3    0    0    6    1   -0.000000    0.000000
    3    0    0    7    1    0.016186   -0.000000
    3    0    0    8    1    0.004930   -0.000000
    3    0    0    1    2    0.000000   -0.000000
    3    0    0    2    2   -0.002781    0.000000
    3    0    0    3    2    0.000000   -0.000000
    3    0    0    4    2   -0.000000   -0.000000
    3    0    0    5    2    0.000000   -0.000000
    3    0    0    6    2    0.008132   -0.000000
    3    0    0    7    2    0.000000    0.000000
    3    0    0    8    2   -0.000000    0.000000
    3    0    0    1    3   -0.004235   -0.000000
    3    0    0    2    3   -0.000000    0.000000
    3    0    0    3    3   -0.010967   -0.000000
    3    0    0    4    3    0.014134    0.000000
    3    0    0    5    3   -0.016186    0.000000
    3    0    0    6    3   -0.000000   -0.000000
    3    0    0    7    3   -0.036739    0.000000
    3    0    0    8    3    0.011855    0.000000
    3    0    0    1    4   -0.005138   -0.000000
    3    0    0    2    4   -0.000000    0.000000
    3    0    0    3    4   -0.014134    0.000000
    3    0    0    4    4    0.003146   -0.000000
    3    0    0    5    4   -0.004930    0.000000
    3    0    0    6    4    0.000000   -0.000000
    3    0    0    7    4    0.011855    0.000000
    3    0    0    8    4    0.031454    0.000000
    3    0    0    1    5   -0.000313   -0.000000
    3    0    0    2    5   -0.000000   -0.000000
    3    0    0    3    5   -0.000511    0.000000
    3    0    0    4    5    0.001461   -0.000000
    3    0    0    5    5    0.000721   -0.000000
    3    0    0    6    5    0.000000    0.000000
    3    0    0    7    5    0.004235    0.000000
    3    0    0    8    5    0.005138    0.000000
    3    0    0    1    6   -0.000000   -0.000000
    3    0    0    2    6    0.000259   -0.000000
    3    0    0    3    6   -0.000000    0.000000
    3    0    0    4    6   -0.000000    0.000000
    3    0    0    5    6    0.000000    0.000000
    3    0    0    6    6   -0.002781   -0.000000
    3    0    0    7    6    0.000000   -0.000000
    3    0    0    8    6    0.000000   -0.000000
    3    0    0    1    7    0.000511    0.000000
    3    0    0    2    7    0.000000    0.000000
    3    0    0    3    7    0.007722   -0.000000
    3    0    0    4    7   -0.001558    0.000000
    3    0    0    5    7   -0.004234   -0.000000
    3    0    0    6    7   -0.000000   -0.000000
    3    0    0    7    7   -0.010967    0.000000
    3    0    0    8    7   -0.014134   -0.000000
    3    0    0    1    8   -0.001461    0.000000
    3    0    0    2    8    0.000000   -0.000000
    3    0    0    3    8   -0.001558    0.000000
    3    0    0    4    8   -0.003213    0.000000
    3    0    0    5    8    0.005137    0.000000
    3    0    0    6    8    0.000000    0.000000
    3    0    0    7    8    0.014134   -0.000000
    3    0    0    8    8    0.003146    0.000000
    3    1    0    1    1   -0.001462    0.000000
    3    1    0    2    1   -0.000000    0.000000
    3    1    0    3    1    0.007916   -0.000000
    3    1    0    4    1   -0.002225   -0.000000
    3    1    0    5    1    0.011911   -0.000000
    3    1    0    6    1    0.000000   -0.000000
    3    1    0    7    1    0.001897    0.000000
    3    1    0    8    1   -0.013446    0.000000
    3    1    0    1    2    0.000000    0.000000
    3    1    0    2    2    0.003666   -0.000000
    3    1    0    3    2    0.000000   -0.000000
    3    1    0    4    2    0.000000   -0.000000
    3    1    0    5    2    0.000000    0.000000
    3    1    0    6    2   -0.019523   -0.000000
    3    1    0    7    2   -0.000000    0.000000
    3    1    0    8    2   -0.000000    0.000000
    3    1    0    1    3    0.003050   -0.000000
    3    1    0    2    3    0.000000    0.000000
    3    1    0    3    3   -0.021317    0.000000
    3    1    0    4    3   -0.007929   -0.000000
    3    1    0    5    3   -0.001897   -0.000000
    3    1    0    6    3    0.000000    0.000000
    3    1    0    7    3    0.087079   -0.000000
    3    1    0    8    3    0.084308    0.000000
    3    1    0    1    4   -0.010573    0.000000
    3    1    0    2    4    0.000000    0.000000
    3    1    0    3    4   -0.019855   -0.000000
    3    1    0    4    4   -0.017265   -0.000000
    3    1    0    5    4    0.013446   -0.000000
    3    1    0    6    4    0.000000    0.000000
    3    1    0    7    4    0.084308    0.000000
    3    1    0    8    4    0.050016   -0.000000
    3    1    0    1    5   -0.001992   -0.000000
    3    1    0    2    5   -0.000000   -0.000000
    3    1    0    3    5   -0.010243   -0.000000
    3    1    0    4    5    0.004867    0.000000
    3    1    0    5    5   -0.001462    0.000000
    3    1    0    6    5    0.000000    0.000000
    3    1    0    7    5   -0.003050    0.000000
    3    1    0    8    5    0.010573    0.000000
    3    1    0    1    6   -0.000000   -0.000000
    3    1    0    2    6    0.001724    0.000000
    3    1    0    3    6   -0.000000   -0.000000
    3    1    0    4    6    0.000000    0.000000
    3    1    0    5    6   -0.000000   -0.000000
    3    1    0    6    6    0.003666    0.000000
    3    1    0    7    6   -0.000000   -0.000000
    3    1    0    8    6   -0.000000   -0.000000
    3    1    0    1    7    0.010243   -0.000000
    3    1    0    2    7    0.000000   -0.000000
    3    1    0    3    7    0.008645    0.000000
    3    1    0    4    7   -0.001213   -0.000000
    3    1    0    5    7   -0.007916    0.000000
    3    1    0    6    7   -0.000000    0.000000
    3    1    0    7    7   -0.021317    0.000000
    3    1    0    8    7   -0.019855    0.000000
    3    1    0    1    8   -0.004867    0.000000
    3    1    0    2    8   -0.000000   -0.000000
    3    1    0    3    8   -0.001213   -0.000000
    3    1    0    4    8   -0.006493   -0.000000
    3    1    0    5    8    0.002225   -0.000000
    3    1    0    6    8   -0.000000   -0.000000
    3    1    0    7    8   -0.007929   -0.000000
    3    1    0    8    8   -0.017265   -0.000000
    3    2    0    1    1    0.000305    0.000000
    3    2    0    2    1   -0.000000    0.000000
    3    2    0    3    1    0.013463    0.000000
    3    2    0    4    1   -0.003122   -0.000000
    3    2    0    5    1   -0.000544    0.000000
    3    2    0    6    1   -0.000000    0.000000
    3    2    0    7    1   -0.019740   -0.000000
    3    2    0    8    1   -0.021407   -0.000000
    3    2    0    1    2    0.000000   -0.000000
    3    2    0    2    2    0.003666   -0.000000
    3    2    0    3    2    0.000000   -0.000000
    3    2    0    4    2    0.000000    0.000000
    3    2    0    5    2   -0.000000    0.000000
    3    2    0    6    2    0.008132   -0.000000
    3    2    0    7    2   -0.000000   -0.000000
    3    2    0    8    2   -0.000000    0.000000
    3    2    0    1    3   -0.000349    0.000000
    3    2    0    2    3    0.000000   -0.000000
    3    2    0    3    3   -0.023791    0.000000
    3    2    0    4    3   -0.010176    0.000000
    3    2    0    5    3    0.019740    0.000000
    3    2    0    6    3    0.000000   -0.000000
    3    2    0    7    3    0.025145   -0.000000
    3    2    0    8    3   -0.002719   -0.000000
    3    2    0    1    4   -0.005070    0.000000
    3    2    0    2    4    0.000000   -0.000000
    3    2    0    3    4   -0.013652   -0.000000
    3    2    0    4    4   -0.016559   -0.000000
    3    2    0    5    4    0.021407    0.000000
    3    2    0    6    4    0.000000    0.000000
    3    2    0    7    4   -0.002719   -0.000000
    3    2    0    8    4   -0.028601   -0.000000
    3    2    0    1    5   -0.002476   -0.000000
    3    2    0    2    5   -0.000000   -0.000000
    3    2    0    3    5   -0.013391    0.000000
    3    2    0    4    5   -0.000085   -0.000000
    3    2    0    5    5    0.000305   -0.000000
    3    2    0    6    5   -0.000000    0.000000
    3    2    0    7    5    0.000349   -0.000000
    3    2    0    8    5    0.005070    0.000000
    3    2    0    1    6    0.000000    0.000000
    3    2    0    2    6   -0.005604    0.000000
    3    2    0    3    6   -0.000000    0.000000
    3    2    0    4    6   -0.000000    0.000000
    3    2    0    5    6    0.000000   -0.000000
    3    2    0    6    6    0.003666    0.000000
    3    2    0    7    6   -0.000000   -0.000000
    3    2    0    8    6   -0.000000   -0.000000
    3    2    0    1    7    0.013391   -0.000000
    3    2    0    2    7    0.000000    0.000000
    3    2    0    3    7    0.019557   -0.000000
    3    2    0    4    7    0.010778    0.000000
    3    2    0    5    7   -0.013463   -0.000000
    3    2    0    6    7   -0.000000   -0.000000
    3    2    0    7    7   -0.023791    0.000000
    3    2    0    8    7   -0.013652    0.000000
    3    2    0    1    8    0.000085    0.000000
    3    2    0    2    8    0.000000    0.000000
    3    2    0    3    8    0.010778    0.000000
    3    2    0    4    8   -0.002696    0.000000
    3    2    0    5    8    0.003122    0.000000
    3    2    0    6    8   -0.000000    0.000000
    3    2    0    7    8   -0.010176   -0.000000
    3    2    0    8    8   -0.016559   -0.000000
    3    3    0    1    1    0.000668    0.000000
    3    3    0    2    1    0.000000   -0.000000
    3    3    0    3    1    0.006470   -0.000000
    3    3    0    4    1    0.003756    0.000000
    3    3    0    5    1    0.001761    0.000000
    3    3    0    6    1   -0.000000    0.000000
    3    3    0    7    1    0.002035    0.000000
    3    3    0    8    1    0.001849   -0.000000
    3    3    0    1    2    0.000000    0.000000
    3    3    0    2    2   -0.002781    0.000000
    3    3    0    3    2    0.000000    0.000000
    3    3    0    4    2    0.000000    0.000000
    3    3    0    5    2    0.000000   -0.000000
    3    3    0    6    2    0.001724   -0.000000
    3    3    0    7    2   -0.000000    0.000000
    3    3    0    8    2   -0.000000    0.000000
    3    3    0    1    3   -0.013094   -0.000000
    3    3    0    2    3   -0.000000    0.000000
    3    3    0    3    3   -0.004727    0.000000
    3    3    0    4    3   -0.003462    0.000000
    3    3    0    5    3   -0.002035   -0.000000
    3    3    0    6    3    0.000000    0.000000
    3    3    0    7    3   -0.008479    0.000000
    3    3    0    8    3    0.004242    0.000000
    3    3    0    1    4   -0.018705    0.000000
    3    3    0    2    4   -0.000000   -0.000000
    3    3    0    3    4   -0.000225   -0.000000
    3    3    0    4    4   -0.003042    0.000000
    3    3    0    5    4   -0.001849   -0.000000
    3    3    0    6    4    0.000000    0.000000
    3    3    0    7    4    0.004242    0.000000
    3    3    0    8    4    0.014945   -0.000000
    3    3    0    1    5   -0.007939    0.000000
    3    3    0    2    5   -0.000000    0.000000
    3    3    0    3    5   -0.011853   -0.000000
    3    3    0    4    5    0.001228    0.000000
    3    3    0    5    5    0.000668   -0.000000
    3    3    0    6    5    0.000000   -0.000000
    3    3    0    7    5    0.013094    0.000000
    3    3    0    8    5    0.018705   -0.000000
    3    3    0    1    6   -0.000000   -0.000000
    3    3    0    2    6    0.001724   -0.000000
    3    3    0    3    6   -0.000000    0.000000
    3    3    0    4    6    0.000000   -0.000000
    3    3    0    5    6    0.000000    0.000000
    3    3    0    6    6   -0.002781   -0.000000
    3    3    0    7    6    0.000000    0.000000
    3    3    0    8    6    0.000000   -0.000000
    3    3    0    1    7    0.011853    0.000000
    3    3    0    2    7    0.000000    0.000000
    3    3    0    3    7    0.000604    0.000000
    3    3    0    4    7    0.002711   -0.000000
    3    3    0    5    7   -0.006470    0.000000
    3    3    0    6    7   -0.000000    0.000000
    3    3    0    7    7   -0.004727   -0.000000
    3    3    0    8    7   -0.000225   -0.000000
    3    3    0    1    8   -0.001228    0.000000
    3    3    0    2    8    0.000000   -0.000000
    3    3    0    3    8    0.002711    0.000000
    3    3    0    4    8   -0.003825   -0.000000
    3    3    0    5    8   -0.003756    0.000000
    3    3    0    6    8   -0.000000    0.000000
    3    3    0    7    8   -0.003462   -0.000000
    3    3    0    8    8   -0.003042   -0.000000
    3    4    0    1    1   -0.001859   -0.000000
    3    4    0    2    1   -0.000000    0.000000
    3    4    0    3    1   -0.000315    0.000000
    3    4    0    4    1    0.001570   -0.000000
    3    4    0    5    1   -0.002339   -0.000000
    3    4    0    6    1   -0.000000    0.000000
    3    4    0    7    1   -0.005768   -0.000000
    3    4    0    8    1   -0.002031    0.000000
    3    4    0    1    2   -0.000000    0.000000
    3    4    0    2    2   -0.000615    0.000000
    3    4    0    3    2   -0.000000   -0.000000
    3    4    0    4    2    0.000000   -0.000000
    3    4    0    5    2   -0.000000   -0.000000
    3    4    0    6    2   -0.000445    0.000000
    3    4    0    7    2   -0.000000   -0.000000
    3    4    0    8    2    0.000000   -0.000000
    3    4    0    1    3    0.000458   -0.000000
    3    4    0    2    3    0.000000    0.000000
    3    4    0    3    3    0.001366   -0.000000
    3    4    0    4    3   -0.002527   -0.000000
    3    4    0    5    3    0.005768   -0.000000
    3    4    0    6    3    0.000000   -0.000000
    3    4    0    7    3    0.005326   -0.000000
    3    4    0    8    3   -0.001449   -0.000000
    3    4    0    1    4    0.000158   -0.000000
    3    4    0    2    4    0.000000    0.000000
    3    4    0    3    4    0.001547    0.000000
    3    4    0    4    4    0.000007   -0.000000
    3    4    0    5    4    0.002031   -0.000000
    3    4    0    6    4   -0.000000   -0.000000
    3    4    0    7    4   -0.001449   -0.000000
    3    4    0    8    4   -0.003394    0.000000
    3    4    0    1    5   -0.001813   -0.000000
    3    4    0    2    5   -0.000000    0.000000
    3    4    0    3    5   -0.003909    0.000000
    3    4    0    4    5   -0.003131   -0.000000
    3    4    0    5    5   -0.001859    0.000000
    3    4    0    6    5   -0.000000   -0.000000
    3    4    0    7    5   -0.000458   -0.000000
    3    4    0    8    5   -0.000158    0.000000
    3    4    0    1    6   -0.000000   -0.000000
    3    4    0    2    6    0.000259   -0.000000
    3    4    0    3    6   -0.000000    0.000000
    3    4    0    4    6   -0.000000   -0.000000
    3    4    0    5    6   -0.000000   -0.000000
    3    4    0    6    6   -0.000615   -0.000000
    3    4    0    7    6   -0.000000   -0.000000
    3    4    0    8    6    0.000000    0.000000
    3    4    0    1    7    0.003909    0.000000
    3    4    0    2    7    0.000000   -0.000000
    3    4    0    3    7   -0.001439   -0.000000
    3    4    0    4    7    0.002019   -0.000000
    3    4    0    5    7    0.000315    0.000000
    3    4    0    6    7    0.000000   -0.000000
    3    4    0    7    7    0.001366    0.000000
    3    4    0    8    7    0.001547   -0.000000
    3    4    0    1    8    0.003131    0.000000
    3    4    0    2    8    0.000000   -0.000000
    3    4    0    3    8    0.002019   -0.000000
    3    4    0    4    8    0.002850   -0.000000
    3    4    0    5    8   -0.001570   -0.000000
    3    4    0    6    8   -0.000000   -0.000000
    3    4    0    7    8   -0.002527    0.000000
    3    4    0    8    8    0.000007    0.000000
    3    5    0    1    1    0.001947   -0.000000
    3    5    0    2    1    0.000000    0.000000
    3    5    0    3    1   -0.002173    0.000000
    3    5    0    4    1    0.000558   -0.000000
    3    5    0    5    1    0.002386   -0.000000
    3    5    0    6    1    0.000000   -0.000000
    3    5    0    7    1   -0.000000   -0.000000
    3    5    0    8    1    0.001360   -0.000000
    3    5    0    1    2    0.000000    0.000000
    3    5    0    2    2    0.000051   -0.000000
    3    5    0    3    2   -0.000000    0.000000
    3    5    0    4    2    0.000000    0.000000
    3    5    0    5    2    0.000000    0.000000
    3    5    0    6    2    0.000113    0.000000
    3    5    0    7    2    0.000000   -0.000000
    3    5    0    8    2   -0.000000   -0.000000
    3    5    0    1    3   -0.005604    0.000000
    3    5    0    2    3   -0.000000    0.000000
    3    5    0    3    3   -0.001016   -0.000000
    3    5    0    4    3    0.001505    0.000000
    3    5    0    5    3    0.000000    0.000000
    3    5    0    6    3    0.000000   -0.000000
    3    5    0    7    3   -0.004315    0.000000
    3    5    0    8    3   -0.000000    0.000000
    3    5    0    1    4   -0.000917   -0.000000
    3    5    0    2    4   -0.000000    0.000000
    3    5    0    3    4    0.000017   -0.000000
    3    5    0    4    4   -0.000219   -0.000000
    3    5    0    5    4   -0.001360   -0.000000
    3    5    0    6    4    0.000000   -0.000000
    3    5    0    7    4   -0.000000    0.000000
    3    5    0    8    4    0.002169   -0.000000
    3    5    0    1    5    0.001395   -0.000000
    3    5    0    2    5    0.000000   -0.000000
    3    5    0    3    5    0.000386   -0.000000
    3    5    0    4    5   -0.002217    0.000000
    3    5    0    5    5    0.001947    0.000000
    3    5    0    6    5    0.000000   -0.000000
    3    5    0    7    5    0.005604   -0.000000
    3    5    0    8    5    0.000917   -0.000000
    3    5    0    1    6    0.000000    0.000000
    3    5    0    2    6    0.000124   -0.000000
    3    5    0    3    6    0.000000   -0.000000
    3    5    0    4    6   -0.000000   -0.000000
    3    5    0    5    6    0.000000    0.000000
    3    5    0    6    6    0.000051    0.000000
    3    5    0    7    6    0.000000    0.000000
    3    5    0    8    6    0.000000   -0.000000
    3    5    0    1    7   -0.000386    0.000000
    3    5    0    2    7   -0.000000   -0.000000
    3    5    0    3    7   -0.000339    0.000000
    3    5    0    4    7    0.002300   -0.000000
    3    5    0    5    7    0.002173    0.000000
    3    5    0    6    7    0.000000   -0.000000
    3    5    0    7    7   -0.001016    0.000000
    3    5    0    8    7    0.000017    0.000000
    3    5    0    1    8    0.002217    0.000000
    3    5    0    2    8    0.000000    0.000000
    3    5    0    3    8    0.002300   -0.000000
    3    5    0    4    8   -0.000062    0.000000
    3    5    0    5    8   -0.000558   -0.000000
    3    5    0    6    8   -0.000000    0.000000
    3    5    0    7    8    0.001505   -0.000000
    3    5    0    8    8   -0.000219    0.000000
    3    6    0    1    1   -0.001366    0.000000
    3    6    0    2    1   -0.000000   -0.000000
    3    6    0    3    1    0.000000    0.000000
    3    6    0    4    1    0.002135    0.000000
    3    6    0    5    1    0.001355    0.000000
    3    6    0    6    1    0.000000    0.000000
    3    6    0    7    1   -0.002898   -0.000000
    3    6    0    8    1   -0.000354   -0.000000
    3    6    0    1    2   -0.000000   -0.000000
    3    6    0    2    2   -0.000224    0.000000
    3    6    0    3    2   -0.000000   -0.000000
    3    6    0    4    2    0.000000    0.000000
    3    6    0    5    2    0.000000   -0.000000
    3    6    0    6    2    0.000113   -0.000000
    3    6    0    7    2   -0.000000   -0.000000
    3    6    0    8    2    0.000000    0.000000
    3    6    0    1    3    0.000000    0.000000
    3    6    0    2    3    0.000000    0.000000
    3    6    0    3    3    0.001016   -0.000000
    3    6    0    4    3   -0.000000   -0.000000
    3    6    0    5    3    0.002898    0.000000
    3    6    0    6    3    0.000000   -0.000000
    3    6    0    7    3   -0.000157   -0.000000
    3    6    0    8    3   -0.000817   -0.000000
    3    6    0    1    4    0.001965    0.000000
    3    6    0    2    4    0.000000   -0.000000
    3    6    0    3    4   -0.000000   -0.000000
    3    6    0    4    4   -0.000902   -0.000000
    3    6    0    5    4    0.000354    0.000000
    3    6    0    6    4   -0.000000    0.000000
    3    6    0    7    4   -0.000817    0.000000
    3    6    0    8    4   -0.003694    0.000000
    3    6    0    1    5   -0.001197    0.000000
    3    6    0    2    5   -0.000000   -0.000000
    3    6    0    3    5    0.002599    0.000000
    3    6    0    4    5   -0.000034   -0.000000
    3    6    0    5    5   -0.001366   -0.000000
    3    6    0    6    5   -0.000000   -0.000000
    3    6    0    7    5   -0.000000    0.000000
    3    6    0    8    5   -0.001965   -0.000000
    3    6    0    1    6   -0.000000   -0.000000
    3    6    0    2    6    0.000145   -0.000000
    3    6    0    3    6    0.000000   -0.000000
    3    6    0    4    6   -0.000000    0.000000
    3    6    0    5    6   -0.000000   -0.000000
    3    6    0    6    6   -0.000224   -0.000000
    3    6    0    7    6    0.000000   -0.000000
    3    6    0    8    6   -0.000000   -0.000000
    3    6    0    1    7   -0.002599    0.000000
    3    6    0    2    7   -0.000000   -0.000000
    3    6    0    3    7    0.002281   -0.000000
    3    6    0    4    7   -0.000619    0.000000
    3    6    0    5    7   -0.000000   -0.000000
    3    6    0    6    7   -0.000000   -0.000000
    3    6    0    7    7    0.001016    0.000000
    3    6    0    8    7   -0.000000   -0.000000
    3    6    0    1    8    0.000034   -0.000000
    3    6    0    2    8    0.000000    0.000000
    3    6    0    3    8   -0.000619    0.000000
    3    6    0    4    8   -0.000848    0.000000
    3    6    0    5    8   -0.002135   -0.000000
    3    6    0    6    8   -0.000000   -0.000000
    3    6    0    7    8   -0.000000    0.000000
    3    6    0    8    8   -0.000902    0.000000
    4   -1    0    1    1    0.000287   -0.000000
    4   -1    0    2    1    0.000000    0.000000
    4   -1    0    3    1    0.000000    0.000000
    4   -1    0    4    1   -0.001010    0.000000
    4   -1    0    5    1    0.000756   -0.000000
    4   -1    0    6    1   -0.000000    0.000000
    4   -1    0    7    1   -0.000588   -0.000000
    4   -1    0    8    1   -0.001868   -0.000000
    4   -1    0    1    2   -0.000000    0.000000
    4   -1    0    2    2    0.000148   -0.000000
    4   -1    0    3    2   -0.000000   -0.000000
    4   -1    0    4    2   -0.000000   -0.000000
    4   -1    0    5    2   -0.000000   -0.000000
    4   -1    0    6    2    0.000054   -0.000000
    4   -1    0    7    2   -0.000000    0.000000
    4   -1    0    8    2    0.000000    0.000000
    4   -1    0    1    3    0.000000    0.000000
    4   -1    0    2    3   -0.000000   -0.000000
    4   -1    0    3    3    0.000908   -0.000000
    4   -1    0    4    3    0.000000   -0.000000
    4   -1    0    5    3    0.000588   -0.000000
    4   -1    0    6    3    0.000000   -0.000000
    4   -1    0    7    3   -0.000399    0.000000
    4   -1    0    8    3   -0.000860   -0.000000
    4   -1    0    1    4    0.001526   -0.000000
    4   -1    0    2    4    0.000000    0.000000
    4   -1    0    3    4   -0.000000    0.000000
    4   -1    0    4    4   -0.000279   -0.000000
    4   -1    0    5    4    0.001868    0.000000
    4   -1    0    6    4   -0.000000   -0.000000
    4   -1    0    7    4   -0.000860    0.000000
    4   -1    0    8    4   -0.003139   -0.000000
    4   -1    0    1    5    0.003287   -0.000000
    4   -1    0    2    5    0.000000   -0.000000
    4   -1    0    3    5   -0.000778   -0.000000
    4   -1    0    4    5   -0.000510   -0.000000
    4   -1    0    5    5    0.000287   -0.000000
    4   -1    0    6    5    0.000000    0.000000
    4   -1    0    7    5   -0.000000    0.000000
    4   -1    0    8    5   -0.001526    0.000000
    4   -1    0    1    6    0.000000    0.000000
    4   -1    0    2    6    0.000124   -0.000000
    4   -1    0    3    6   -0.000000    0.000000
    4   -1    0    4    6   -0.000000    0.000000
    4   -1    0    5    6    0.000000    0.000000
    4   -1    0    6    6    0.000148    0.000000
    4   -1    0    7    6    0.000000    0.000000
    4   -1    0    8    6   -0.000000    0.000000
    4   -1    0    1    7    0.000778    0.000000
    4   -1    0    2    7    0.000000   -0.000000
    4   -1    0    3    7    0.002749   -0.000000
    4   -1    0    4    7   -0.000273   -0.000000
    4   -1    0    5    7   -0.000000   -0.000000
    4   -1    0    6    7    0.000000    0.000000
    4   -1    0    7    7    0.000908    0.000000
    4   -1    0    8    7   -0.000000    0.000000
    4   -1    0    1    8    0.000510    0.000000
    4   -1    0    2    8    0.000000    0.000000
    4   -1    0    3    8   -0.000273   -0.000000
    4   -1    0    4    8   -0.000182   -0.000000
    4   -1    0    5    8    0.001010   -0.000000
    4   -1    0    6    8   -0.000000   -0.000000
    4   -1    0    7    8    0.000000    0.000000
    4   -1    0    8    8   -0.000279    0.000000
    4    0    0    1    1   -0.000708   -0.000000
    4    0    0    2    1   -0.000000    0.000000
    4    0    0    3    1    0.000256   -0.000000
    4    0    0    4    1   -0.001612    0.000000
    4    0    0    5    1   -0.000313   -0.000000
    4    0    0    6    1   -0.000000   -0.000000
    4    0    0    7    1   -0.000511    0.000000
    4    0    0    8    1   -0.001461   -0.000000
    4    0    0    1    2   -0.000000    0.000000
    4    0    0    2    2    0.000519    0.000000
    4    0    0    3    2    0.000000   -0.000000
    4    0    0    4    2    0.000000   -0.000000
    4    0    0    5    2   -0.000000    0.000000
    4    0    0    6    2    0.000259    0.000000
    4    0    0    7    2   -0.000000    0.000000
    4    0    0    8    2    0.000000   -0.000000
    4    0    0    1    3   -0.000255    0.000000
    4    0    0    2    3    0.000000   -0.000000
    4    0    0    3    3    0.005042   -0.000000
    4    0    0    4    3    0.000386    0.000000
    4    0    0    5    3    0.000511    0.000000
    4    0    0    6    3    0.000000    0.000000
    4    0    0    7    3    0.007722    0.000000
    4    0    0    8    3    0.001558    0.000000
    4    0    0    1    4   -0.001612    0.000000
    4    0    0    2    4    0.000000    0.000000
    4    0    0    3    4   -0.000386   -0.000000
    4    0    0    4    4   -0.003468   -0.000000
    4    0    0    5    4    0.001461    0.000000
    4    0    0    6    4   -0.000000   -0.000000
    4    0    0    7    4    0.001558    0.000000
    4    0    0    8    4   -0.003213   -0.000000
    4    0    0    1    5   -0.000565    0.000000
    4    0    0    2    5   -0.000000   -0.000000
    4    0    0    3    5   -0.000000    0.000000
    4    0    0    4    5    0.001052   -0.000000
    4    0    0    5    5   -0.000708   -0.000000
    4    0    0    6    5    0.000000    0.000000
    4    0    0    7    5    0.000255    0.000000
    4    0    0    8    5    0.001612    0.000000
    4    0    0    1    6    0.000000   -0.000000
    4    0    0    2    6   -0.000721    0.000000
    4    0    0    3    6   -0.000000    0.000000
    4    0    0    4    6   -0.000000   -0.000000
    4    0    0    5    6   -0.000000    0.000000
    4    0    0    6    6    0.000519   -0.000000
    4    0    0    7    6   -0.000000    0.000000
    4    0    0    8    6   -0.000000    0.000000
    4    0    0    1    7    0.000000   -0.000000
    4    0    0    2    7    0.000000    0.000000
    4    0    0    3    7    0.006092    0.000000
    4    0    0    4    7    0.000000    0.000000
    4    0    0    5    7   -0.000256   -0.000000
    4    0    0    6    7    0.000000    0.000000
    4    0    0    7    7    0.005042    0.000000
    4    0    0    8    7   -0.000386    0.000000
    4    0    0    1    8   -0.001052    0.000000
    4    0    0    2    8    0.000000    0.000000
    4    0    0    3    8    0.000000    0.000000
    4    0    0    4    8   -0.003449   -0.000000
    4    0    0    5    8    0.001612   -0.000000
    4    0    0    6    8   -0.000000    0.000000
    4    0    0    7    8    0.000386    0.000000
    4    0    0    8    8   -0.003468    0.000000
    4    1    0    1    1    0.000281   -0.000000
    4    1    0    2    1   -0.000000   -0.000000
    4    1    0    3    1   -0.001027   -0.000000
    4    1    0    4    1    0.003621   -0.000000
    4    1    0    5    1   -0.004160   -0.000000
    4    1    0    6    1    0.000000    0.000000
    4    1    0    7    1    0.002606    0.000000
    4    1    0    8    1    0.007924    0.000000
    4    1    0    1    2    0.000000   -0.000000
    4    1    0    2    2   -0.000615    0.000000
    4    1    0    3    2   -0.000000    0.000000
    4    1    0    4    2    0.000000    0.000000
    4    1    0    5    2    0.000000   -0.000000
    4    1    0    6    2   -0.000964   -0.000000
    4    1    0    7    2    0.000000   -0.000000
    4    1    0    8    2    0.000000   -0.000000
    4    1    0    1    3    0.001495    0.000000
    4    1    0    2    3    0.000000   -0.000000
    4    1    0    3    3    0.000313   -0.000000
    4    1    0    4    3   -0.000154    0.000000
    4    1    0    5    3   -0.002606    0.000000
    4    1    0    6    3   -0.000000   -0.000000
    4    1    0    7    3   -0.011261   -0.000000
    4    1    0    8    3   -0.011422   -0.000000
    4    1    0    1    4    0.000060    0.000000
    4    1    0    2    4    0.000000   -0.000000
    4    1    0    3    4   -0.001194   -0.000000
    4    1    0    4    4   -0.001081    0.000000
    4    1    0    5    4   -0.007924   -0.000000
    4    1    0    6    4   -0.000000    0.000000
    4    1    0    7    4   -0.011422   -0.000000
    4    1    0    8    4   -0.005359   -0.000000
    4    1    0    1    5    0.000756    0.000000
    4    1    0    2    5   -0.000000   -0.000000
    4    1    0    3    5   -0.000588   -0.000000
    4    1    0    4    5    0.001868    0.000000
    4    1    0    5    5    0.000281    0.000000
    4    1    0    6    5    0.000000    0.000000
    4    1    0    7    5   -0.001495   -0.000000
    4    1    0    8    5   -0.000060    0.000000
    4    1    0    1    6   -0.000000   -0.000000
    4    1    0    2    6    0.000054   -0.000000
    4    1    0    3    6   -0.000000   -0.000000
    4    1    0    4    6   -0.000000   -0.000000
    4    1    0    5    6   -0.000000    0.000000
    4    1    0    6    6   -0.000615   -0.000000
    4    1    0    7    6   -0.000000    0.000000
    4    1    0    8    6   -0.000000   -0.000000
    4    1    0    1    7    0.000588   -0.000000
    4    1    0    2    7    0.000000    0.000000
    4    1    0    3    7   -0.000399    0.000000
    4    1    0    4    7    0.000860   -0.000000
    4    1    0    5    7    0.001027    0.000000
    4    1    0    6    7    0.000000   -0.000000
    4    1    0    7    7    0.000313   -0.000000
    4    1    0    8    7   -0.001194    0.000000
    4    1    0    1    8   -0.001868   -0.000000
    4    1    0    2    8    0.000000    0.000000
    4    1    0    3    8    0.000860   -0.000000
    4    1    0    4    8   -0.003139    0.000000
    4    1    0    5    8   -0.003621    0.000000
    4    1    0    6    8   -0.000000    0.000000
    4    1    0    7    8   -0.000154   -0.000000
    4    1    0    8    8   -0.001081    0.000000
    4    2    0    1    1    0.003122    0.000000
    4    2    0    2    1    0.000000   -0.000000
    4    2    0    3    1   -0.007112   -0.000000
    4    2    0    4    1   -0.001801    0.000000
    4    2    0    5    1   -0.001188    0.000000
    4    2    0    6    1    0.000000   -0.000000
    4    2    0    7    1   -0.000092   -0.000000
    4    2    0    8    1    0.004029    0.000000
    4    2    0    1    2   -0.000000    0.000000
    4    2    0    2    2    0.002052    0.000000
    4    2    0    3    2   -0.000000    0.000000
    4    2    0    4    2   -0.000000    0.000000
    4    2    0    5    2    0.000000    0.000000
    4    2    0    6    2   -0.000964    0.000000
    4    2    0    7    2    0.000000    0.000000
    4    2    0    8    2    0.000000    0.000000
    4    2    0    1    3    0.006157    0.000000
    4    2    0    2    3    0.000000    0.000000
    4    2    0    3    3    0.005989    0.000000
    4    2    0    4    3   -0.006590    0.000000
    4    2    0    5    3    0.000092   -0.000000
    4    2    0    6    3   -0.000000   -0.000000
    4    2    0    7    3   -0.003740    0.000000
    4    2    0    8    3   -0.014789    0.000000
    4    2    0    1    4    0.008244   -0.000000
    4    2    0    2    4    0.000000    0.000000
    4    2    0    3    4    0.005070    0.000000
    4    2    0    4    4    0.003735    0.000000
    4    2    0    5    4   -0.004029    0.000000
    4    2    0    6    4   -0.000000   -0.000000
    4    2    0    7    4   -0.014789    0.000000
    4    2    0    8    4   -0.008571   -0.000000
    4    2    0    1    5    0.000561   -0.000000
    4    2    0    2    5    0.000000    0.000000
    4    2    0    3    5    0.001233   -0.000000
    4    2    0    4    5   -0.002228   -0.000000
    4    2    0    5    5    0.003122   -0.000000
    4    2    0    6    5   -0.000000   -0.000000
    4    2    0    7    5   -0.006157    0.000000
    4    2    0    8    5   -0.008244    0.000000
    4    2    0    1    6    0.000000   -0.000000
    4    2    0    2    6   -0.000445    0.000000
    4    2    0    3    6    0.000000   -0.000000
    4    2    0    4    6    0.000000   -0.000000
    4    2    0    5    6    0.000000    0.000000
    4    2    0    6    6    0.002052   -0.000000
    4    2    0    7    6   -0.000000    0.000000
    4    2    0    8    6   -0.000000    0.000000
    4    2    0    1    7   -0.001233    0.000000
    4    2    0    2    7   -0.000000    0.000000
    4    2    0    3    7   -0.005388   -0.000000
    4    2    0    4    7   -0.000038    0.000000
    4    2    0    5    7    0.007112   -0.000000
    4    2    0    6    7    0.000000    0.000000
    4    2    0    7    7    0.005989   -0.000000
    4    2    0    8    7    0.005070   -0.000000
    4    2    0    1    8    0.002228   -0.000000
    4    2    0    2    8   -0.000000   -0.000000
    4    2    0    3    8   -0.000038   -0.000000
    4    2    0    4    8    0.009465   -0.000000
    4    2    0    5    8    0.001801   -0.000000
    4    2    0    6    8    0.000000    0.000000
    4    2    0    7    8   -0.006590    0.000000
    4    2    0    8    8    0.003735    0.000000
    4    3    0    1    1   -0.000633    0.000000
    4    3    0    2    1    0.000000    0.000000
    4    3    0    3    1    0.001798    0.000000
    4    3    0    4    1    0.000311    0.000000
    4    3    0    5    1    0.000199    0.000000
    4    3    0    6    1    0.000000   -0.000000
    4    3    0    7    1    0.003819    0.000000
    4    3    0    8    1    0.002084   -0.000000
    4    3    0    1    2   -0.000000    0.000000
    4    3    0    2    2   -0.000615    0.000000
    4    3    0    3    2    0.000000   -0.000000
    4    3    0    4    2    0.000000   -0.000000
    4    3    0    5    2    0.000000   -0.000000
    4    3    0    6    2    0.000259    0.000000
    4    3    0    7    2    0.000000    0.000000
    4    3    0    8    2   -0.000000    0.000000
    4    3    0    1    3   -0.001289   -0.000000
    4    3    0    2    3   -0.000000    0.000000
    4    3    0    3    3    0.000719    0.000000
    4    3    0    4    3   -0.001166   -0.000000
    4    3    0    5    3   -0.003819    0.000000
    4    3    0    6    3   -0.000000    0.000000
    4    3    0    7    3    0.000259   -0.000000
    4    3    0    8    3    0.003303   -0.000000
    4    3    0    1    4    0.002296   -0.000000
    4    3    0    2    4    0.000000    0.000000
    4    3    0    3    4   -0.001132    0.000000
    4    3    0    4    4   -0.000573   -0.000000
    4    3    0    5    4   -0.002084    0.000000
    4    3    0    6    4    0.000000    0.000000
    4    3    0    7    4    0.003303   -0.000000
    4    3    0    8    4    0.003112    0.000000
    4    3    0    1    5   -0.002520    0.000000
    4    3    0    2    5   -0.000000    0.000000
    4    3    0    3    5    0.007272   -0.000000
    4    3    0    4    5    0.001568    0.000000
    4    3    0    5    5   -0.000633   -0.000000
    4    3    0    6    5   -0.000000    0.000000
    4    3    0    7    5    0.001289   -0.000000
    4    3    0    8    5   -0.002296   -0.000000
    4    3    0    1    6   -0.000000   -0.000000
    4    3    0    2    6   -0.000445   -0.000000
    4    3    0    3    6    0.000000   -0.000000
    4    3    0    4    6    0.000000   -0.000000
    4    3    0    5    6   -0.000000   -0.000000
    4    3    0    6    6   -0.000615   -0.000000
    4    3    0    7    6    0.000000   -0.000000
    4    3    0    8    6   -0.000000    0.000000
    4    3    0    1    7   -0.007272   -0.000000
    4    3    0    2    7   -0.000000   -0.000000
    4    3    0    3    7    0.003638    0.000000
    4    3    0    4    7   -0.002024   -0.000000
    4    3    0    5    7   -0.001798   -0.000000
    4    3    0    6    7   -0.000000   -0.000000
    4    3    0    7    7    0.000719   -0.000000
    4    3    0    8    7   -0.001132   -0.000000
    4    3    0    1    8   -0.001568    0.000000
    4    3    0    2    8   -0.000000   -0.000000
    4    3    0    3    8   -0.002024   -0.000000
    4    3    0    4    8   -0.001173    0.000000
    4    3    0    5    8   -0.000311    0.000000
    4    3    0    6    8    0.000000   -0.000000
    4    3    0    7    8   -0.001166    0.000000
    4    3    0    8    8   -0.000573    0.000000
    4    4    0    1    1    0.000503   -0.000000
    4    4    0    2    1   -0.000000    0.000000
    4    4    0    3    1    0.003528   -0.000000
    4    4    0    4    1    0.001756   -0.000000
    4    4    0    5    1    0.000528   -0.000000
    4    4    0    6    1    0.000000   -0.000000
    4    4    0    7    1    0.001265    0.000000
    4    4    0    8    1   -0.000238    0.000000
    4    4    0    1    2   -0.000000    0.000000
    4    4    0    2    2    0.000518   -0.000000
    4    4    0    3    2    0.000000   -0.000000
    4    4    0    4    2    0.000000    0.000000
    4    4    0    5    2    0.000000    0.000000
    4    4    0    6    2    0.000054    0.000000
    4    4    0    7    2    0.000000   -0.000000
    4    4    0    8    2   -0.000000   -0.000000
    4    4    0    1    3    0.003070    0.000000
    4    4    0    2    3    0.000000   -0.000000
    4    4    0    3    3   -0.001655   -0.000000
    4    4    0    4    3    0.002249   -0.000000
    4    4    0    5    3   -0.001265   -0.000000
    4    4    0    6    3   -0.000000   -0.000000
    4    4    0    7    3   -0.004181   -0.000000
    4    4    0    8    3    0.000143   -0.000000
    4    4    0    1    4    0.001169    0.000000
    4    4    0    2    4    0.000000    0.000000
    4    4    0    3    4    0.002407    0.000000
    4    4    0    4    4    0.002018    0.000000
    4    4    0    5    4    0.000238    0.000000
    4    4    0    6    4    0.000000    0.000000
    4    4    0    7    4    0.000143   -0.000000
    4    4    0    8    4    0.000045   -0.000000
    4    4    0    1    5    0.001735   -0.000000
    4    4    0    2    5    0.000000    0.000000
    4    4    0    3    5   -0.002226    0.000000
    4    4    0    4    5    0.001086   -0.000000
    4    4    0    5    5    0.000503   -0.000000
    4    4    0    6    5   -0.000000   -0.000000
    4    4    0    7    5   -0.003070   -0.000000
    4    4    0    8    5   -0.001169   -0.000000
    4    4    0    1    6    0.000000    0.000000
    4    4    0    2    6    0.000054   -0.000000
    4    4    0    3    6   -0.000000    0.000000
    4    4    0    4    6    0.000000    0.000000
    4    4    0    5    6   -0.000000    0.000000
    4    4    0    6    6    0.000518    0.000000
    4    4    0    7    6   -0.000000    0.000000
    4    4    0    8    6   -0.000000    0.000000
    4    4    0    1    7    0.002226    0.000000
    4    4    0    2    7    0.000000   -0.000000
    4    4    0    3    7   -0.002057   -0.000000
    4    4    0    4    7    0.000975   -0.000000
    4    4    0    5    7   -0.003528    0.000000
    4    4    0    6    7   -0.000000    0.000000
    4    4    0    7    7   -0.001655    0.000000
    4    4    0    8    7    0.002407    0.000000
    4    4    0    1    8   -0.001086   -0.000000
    4    4    0    2    8   -0.000000    0.000000
    4    4    0    3    8    0.000975   -0.000000
    4    4    0    4    8   -0.000677    0.000000
    4    4    0    5    8   -0.001756    0.000000
    4    4    0    6    8   -0.000000   -0.000000
    4    4    0    7    8    0.002249    0.000000
    4    4    0    8    8    0.002018    0.000000
    4    5    0    1    1   -0.000034   -0.000000
    4    5    0    2    1   -0.000000    0.000000
    4    5    0    3    1   -0.000336   -0.000000
    4    5    0    4    1    0.001400    0.000000
    4    5    0    5    1   -0.001730    0.000000
    4    5    0    6    1   -0.000000    0.000000
    4    5    0    7    1   -0.001737   -0.000000
    4    5    0    8    1    0.000070    0.000000
    4    5    0    1    2   -0.000000   -0.000000
    4    5    0    2    2    0.000148    0.000000
    4    5    0    3    2   -0.000000    0.000000
    4    5    0    4    2    0.000000    0.000000
    4    5    0    5    2   -0.000000    0.000000
    4    5    0    6    2    0.000145    0.000000
    4    5    0    7    2   -0.000000    0.000000
    4    5    0    8    2    0.000000    0.000000
    4    5    0    1    3    0.001254    0.000000
    4    5    0    2    3    0.000000   -0.000000
    4    5    0    3    3    0.000446    0.000000
    4    5    0    4    3   -0.000586    0.000000
    4    5    0    5    3    0.001737   -0.000000
    4    5    0    6    3    0.000000   -0.000000
    4    5    0    7    3    0.001681    0.000000
    4    5    0    8    3    0.000160   -0.000000
    4    5    0    1    4   -0.000103    0.000000
    4    5    0    2    4   -0.000000   -0.000000
    4    5    0    3    4    0.000659   -0.000000
    4    5    0    4    4    0.000505    0.000000
    4    5    0    5    4   -0.000070    0.000000
    4    5    0    6    4   -0.000000    0.000000
    4    5    0    7    4    0.000160   -0.000000
    4    5    0    8    4   -0.000217    0.000000
    4    5    0    1    5   -0.000922   -0.000000
    4    5    0    2    5    0.000000   -0.000000
    4    5    0    3    5   -0.003732   -0.000000
    4    5    0    4    5   -0.001856    0.000000
    4    5    0    5    5   -0.000034    0.000000
    4    5    0    6    5   -0.000000    0.000000
    4    5    0    7    5   -0.001254    0.000000
    4    5    0    8    5    0.000103    0.000000
    4    5    0    1    6    0.000000    0.000000
    4    5    0    2    6   -0.000721   -0.000000
    4    5    0    3    6   -0.000000   -0.000000
    4    5    0    4    6   -0.000000   -0.000000
    4    5    0    5    6   -0.000000    0.000000
    4    5    0    6    6    0.000148   -0.000000
    4    5    0    7    6   -0.000000   -0.000000
    4    5    0    8    6    0.000000   -0.000000
    4    5    0    1    7    0.003732   -0.000000
    4    5    0    2    7    0.000000   -0.000000
    4    5    0    3    7   -0.000442   -0.000000
    4    5    0    4    7    0.001891   -0.000000
    4    5    0    5    7    0.000336   -0.000000
    4    5    0    6    7   -0.000000   -0.000000
    4    5    0    7    7    0.000446    0.000000
    4    5    0    8    7    0.000659    0.000000
    4    5    0    1    8    0.001856    0.000000
    4    5    0    2    8   -0.000000    0.000000
    4    5    0    3    8    0.001891   -0.000000
    4    5    0    4    8    0.003154   -0.000000
    4    5    0    5    8   -0.001400   -0.000000
    4    5    0    6    8   -0.000000   -0.000000
    4    5    0    7    8   -0.000586    0.000000
    4    5    0    8    8    0.000505   -0.000000
    5    1    0    1    1    0.000287    0.000000
    5    1    0    2    1   -0.000000   -0.000000
    5    1    0    3    1    0.000000   -0.000000
    5    1    0    4    1    0.001526    0.000000
    5    1    0    5    1    0.003287    0.000000
    5    1    0    6    1    0.000000   -0.000000
    5    1    0    7    1    0.000778   -0.000000
    5    1    0    8    1    0.000510   -0.000000
    5    1    0    1    2    0.000000   -0.000000
    5    1    0    2    2    0.000148    0.000000
    5    1    0    3    2   -0.000000    0.000000
    5    1    0    4    2    0.000000   -0.000000
    5    1    0    5    2    0.000000    0.000000
    5    1    0    6    2    0.000124    0.000000
    5    1    0    7    2    0.000000    0.000000
    5    1    0    8    2    0.000000   -0.000000
    5    1    0    1    3    0.000000   -0.000000
    5    1    0    2    3   -0.000000    0.000000
    5    1    0    3    3    0.000908    0.000000
    5    1    0    4    3   -0.000000   -0.000000
    5    1    0    5    3   -0.000778    0.000000
    5    1    0    6    3   -0.000000   -0.000000
    5    1    0    7    3    0.002749    0.000000
    5    1    0    8    3   -0.000273    0.000000
    5    1    0    1    4   -0.001010   -0.000000
    5    1    0    2    4   -0.000000    0.000000
    5    1    0    3    4    0.000000    0.000000
    5    1    0    4    4   -0.000279    0.000000
    5    1    0    5    4   -0.000510    0.000000
    5    1    0    6    4   -0.000000   -0.000000
    5    1    0    7    4   -0.000273    0.000000
    5    1    0    8    4   -0.000182    0.000000
    5    1    0    1    5    0.000755    0.000000
    5    1    0    2    5   -0.000000    0.000000
    5    1    0    3    5    0.000588    0.000000
    5    1    0    4    5    0.001868   -0.000000
    5    1    0    5    5    0.000287    0.000000
    5    1    0    6    5    0.000000   -0.000000
    5    1    0    7    5   -0.000000    0.000000
    5    1    0    8    5    0.001010    0.000000
    5    1    0    1    6   -0.000000   -0.000000
    5    1    0    2    6    0.000054    0.000000
    5    1    0    3    6    0.000000    0.000000
    5    1    0    4    6   -0.000000    0.000000
    5    1    0    5    6    0.000000   -0.000000
    5    1    0    6    6    0.000148   -0.000000
    5    1    0    7    6    0.000000   -0.000000
    5    1    0    8    6   -0.000000    0.000000
    5    1    0    1    7   -0.000588    0.000000
    5    1    0    2    7   -0.000000   -0.000000
    5    1    0    3    7   -0.000399   -0.000000
    5    1    0    4    7   -0.000860   -0.000000
    5    1    0    5    7   -0.000000   -0.000000
    5    1    0    6    7    0.000000   -0.000000
    5    1    0    7    7    0.000908   -0.000000
    5    1    0    8    7    0.000000   -0.000000
    5    1    0    1    8   -0.001868    0.000000
    5    1    0    2    8    0.000000   -0.000000
    5    1    0    3    8   -0.000860    0.000000
    5    1    0    4    8   -0.003139    0.000000
    5    1    0    5    8   -0.001526   -0.000000
    5    1    0    6    8   -0.000000   -0.000000
    5    1    0    7    8   -0.000000   -0.000000
    5    1    0    8    8   -0.000279   -0.000000
    5    2    0    1    1   -0.002236    0.000000
    5    2    0    2    1   -0.000000    0.000000
    5    2    0    3    1    0.002468   -0.000000
    5    2    0    4    1   -0.001717    0.000000
    5    2    0    5    1   -0.002605    0.000000
    5    2    0    6    1   -0.000000    0.000000
    5    2    0    7    1   -0.002421   -0.000000
    5    2    0    8    1   -0.003736   -0.000000
    5    2    0    1    2   -0.000000   -0.000000
    5    2    0    2    2    0.000051    0.000000
    5    2    0    3    2    0.000000   -0.000000
    5    2    0    4    2   -0.000000   -0.000000
    5    2    0    5    2   -0.000000   -0.000000
    5    2    0    6    2   -0.000922   -0.000000
    5    2    0    7    2    0.000000    0.000000
    5    2    0    8    2   -0.000000   -0.000000
    5    2    0    1    3    0.000713    0.000000
    5    2    0    2    3   -0.000000    0.000000
    5    2    0    3    3   -0.001592   -0.000000
    5    2    0    4    3    0.002232   -0.000000
    5    2    0    5    3    0.002421   -0.000000
    5    2    0    6    3   -0.000000    0.000000
    5    2    0    7    3   -0.008637   -0.000000
    5    2    0    8    3   -0.004953   -0.000000
    5    2    0    1    4    0.000494    0.000000
    5    2    0    2    4   -0.000000    0.000000
    5    2    0    3    4   -0.000786    0.000000
    5    2    0    4    4    0.004541   -0.000000
    5    2    0    5    4    0.003736    0.000000
    5    2    0    6    4    0.000000    0.000000
    5    2    0    7    4   -0.004953   -0.000000
    5    2    0    8    4    0.000428   -0.000000
    5    2    0    1    5    0.000038    0.000000
    5    2    0    2    5    0.000000    0.000000
    5    2    0    3    5    0.000000    0.000000
    5    2    0    4    5   -0.000719    0.000000
    5    2    0    5    5   -0.002236   -0.000000
    5    2    0    6    5   -0.000000   -0.000000
    5    2    0    7    5   -0.000713   -0.000000
    5    2    0    8    5   -0.000494   -0.000000
    5    2    0    1    6    0.000000    0.000000
    5    2    0    2    6    0.000145    0.000000
    5    2    0    3    6    0.000000   -0.000000
    5    2    0    4    6    0.000000   -0.000000
    5    2    0    5    6   -0.000000   -0.000000
    5    2    0    6    6    0.000051   -0.000000
    5    2    0    7    6    0.000000    0.000000
    5    2    0    8    6    0.000000    0.000000
    5    2    0    1    7   -0.000000    0.000000
    5    2    0    2    7    0.000000   -0.000000
    5    2    0    3    7    0.000021    0.000000
    5    2    0    4    7    0.000000    0.000000
    5    2    0    5    7   -0.002468   -0.000000
    5    2    0    6    7   -0.000000    0.000000
    5    2    0    7    7   -0.001592    0.000000
    5    2    0    8    7   -0.000786   -0.000000
    5    2    0    1    8    0.000719   -0.000000
    5    2    0    2    8   -0.000000   -0.000000
    5    2    0    3    8    0.000000    0.000000
    5    2    0    4    8    0.002977   -0.000000
    5    2    0    5    8    0.001717    0.000000
    5    2    0    6    8    0.000000   -0.000000
    5    2    0    7    8    0.002232    0.000000
    5    2    0    8    8    0.004541    0.000000
    5    3    0    1    1    0.002078   -0.000000
    5    3    0    2    1    0.000000    0.000000
    5    3    0    3    1   -0.001794    0.000000
    5    3    0    4    1    0.000096   -0.000000
    5    3    0    5    1   -0.000521   -0.000000
    5    3    0    6    1   -0.000000    0.000000
    5    3    0    7    1    0.000463    0.000000
    5    3    0    8    1    0.001971    0.000000
    5    3    0    1    2    0.000000   -0.000000
    5    3    0    2    2    0.000051   -0.000000
    5    3    0    3    2   -0.000000    0.000000
    5    3    0    4    2    0.000000    0.000000
    5    3    0    5    2    0.000000   -0.000000
    5    3    0    6    2    0.000124    0.000000
    5    3    0    7    2   -0.000000   -0.000000
    5    3    0    8    2    0.000000   -0.000000
    5    3    0    1    3   -0.002686   -0.000000
    5    3    0    2    3   -0.000000   -0.000000
    5    3    0    3    3    0.001576    0.000000
    5    3    0    4    3    0.001131   -0.000000
    5    3    0    5    3   -0.000463    0.000000
    5    3    0    6    3    0.000000   -0.000000
    5    3    0    7    3    0.000408   -0.000000
    5    3    0    8    3    0.001469   -0.000000
    5    3    0    1    4   -0.003403   -0.000000
    5    3    0    2    4   -0.000000   -0.000000
    5    3    0    3    4    0.001821   -0.000000
    5    3    0    4    4   -0.002942   -0.000000
    5    3    0    5    4   -0.001971   -0.000000
    5    3    0    6    4   -0.000000   -0.000000
    5    3    0    7    4    0.001469   -0.000000
    5    3    0    8    4   -0.001463   -0.000000
    5    3    0    1    5    0.001355   -0.000000
    5    3    0    2    5    0.000000   -0.000000
    5    3    0    3    5   -0.002898    0.000000
    5    3    0    4    5    0.000354   -0.000000
    5    3    0    5    5    0.002078    0.000000
    5    3    0    6    5    0.000000   -0.000000
    5    3    0    7    5    0.002686   -0.000000
    5    3    0    8    5    0.003403   -0.000000
    5    3    0    1    6    0.000000    0.000000
    5    3    0    2    6    0.000113    0.000000
    5    3    0    3    6   -0.000000   -0.000000
    5    3    0    4    6   -0.000000    0.000000
    5    3    0    5    6    0.000000    0.000000
    5    3    0    6    6    0.000051    0.000000
    5    3    0    7    6    0.000000   -0.000000
    5    3    0    8    6    0.000000    0.000000
    5    3    0    1    7    0.002898   -0.000000
    5    3    0    2    7    0.000000    0.000000
    5    3    0    3    7   -0.000157    0.000000
    5    3    0    4    7    0.000817    0.000000
    5    3    0    5    7    0.001794    0.000000
    5    3    0    6    7    0.000000   -0.000000
    5    3    0    7    7    0.001576    0.000000
    5    3    0    8    7    0.001821    0.000000
    5    3    0    1    8   -0.000354   -0.000000
    5    3    0    2    8    0.000000    0.000000
    5    3    0    3    8    0.000817   -0.000000
    5    3    0    4    8   -0.003694    0.000000
    5    3    0    5    8   -0.000096   -0.000000
    5    3    0    6    8   -0.000000   -0.000000
    5    3    0    7    8    0.001131    0.000000
    5    3    0    8    8   -0.002942   -0.000000
